:10100000C07C0020751A0100735D0200611A0100A6
:10101000611A0100611A0100611A0100000000005C
:10102000000000000000000000000000511B010053
:10103000611A010000000000451D0100611A010055
:10104000BD1D0100FBA60200BD1D0100BD1D01006C
:10105000BD1D0100BD1D0100BD1D0100BD1D010024
:1010600011A70200BD1D0100BD1D010027A7020040
:10107000BD1D0100BD1D0100BD1D0100BD1D010004
:10108000BD1D0100BD1D0100BD1D0100BD1D0100F4
:10109000BD1D0100BD1D0100BD1D0100BD1D0100E4
:1010A000BD1D0100BD1D0100BD1D0100BD1D0100D4
:1010B000BD1D0100BD1D0100BD1D0100BD1D0100C4
:1010C000BD1D0100BD1D0100BD1D0100BD1D0100B4
:1010D000BD1D0100BD1D0100BD1D0100BD1D0100A4
:1010E000BD1D0100BD1D0100BD1D0100BD1D010094
:1010F000BD1D0100BD1D0100BD1D0100BD1D010084
:1011000080EA101404F0F01480EA0410604081EAD0
:10111000111404F0F01481EA0411614082EA1214FF
:1011200004F0F01482EA0412624083EA131404F01B
:10113000F01483EA0413634080EA102404F47F442B
:1011400080EA0420604081EA112404F47F4481EAAB
:101150000421614082EA122404F47F4482EA0422DA
:10116000624083EA132404F47F4483EA0423634047
:1011700081EA500404F0553480EA4400614083EA77
:10118000520404F0553482EA4402634082EA900437
:1011900004F0333480EA8400624083EA910404F06E
:1011A000333481EA84016340704700BF82EA9004CF
:1011B00004F0333480EA8400624083EA910404F04E
:1011C000333481EA8401634081EA500404F05534E9
:1011D00080EA4400614083EA520404F0553482EA14
:1011E0004402634080EA102404F47F4480EA04202F
:1011F000604081EA112404F47F4481EA04216140C3
:1012000082EA122404F47F4482EA0422624083EAE0
:10121000132404F47F4483EA0423634080EA101417
:1012200004F0F01480EA0410604081EA111404F024
:10123000F01481EA0411614082EA121404F0F014FF
:1012400082EA0412624083EA131404F0F01483EA81
:1012500004136340704700BF2DE9F14F94464FEAF5
:10126000930B8A68CB6808684968FFF749FF0BF160
:10127000060E33E083EA134480EA134582EA1347FB
:1012800046BA96EA3444604000F00F1684EA063409
:1012900020F00F1684EA161054BA94EA0106724040
:1012A00002F00F1486EA043622F00F1486EA1412B4
:1012B0004CBA6540694001F00F1485EA043521F00D
:1012C0000F1485EA14115CBA67407B4003F00F14D9
:1012D00087EA043723F00F1487EA1413BCE8F00000
:1012E0006040694072407B4000F0E03400F010350F
:1012F00000F00F3040EA540040EAC50080EA900454
:1013000004F0332480EA8400604001F0E03401F00E
:10131000103501F00F3141EA540141EAC50181EA7B
:10132000910404F0332481EA8401614002F0E03446
:1013300002F0103502F00F3242EA540242EAC502CE
:1013400082EA920404F0332482EA8402624003F0C9
:10135000E03403F0103503F00F3343EA540343EA5B
:10136000C50383EA930404F0332483EA84036340CF
:1013700081EA324787EA134581EA354690EA060456
:1013800084EA034B82EA1B4280EA044484EA05446F
:1013900083EA144A85EA14448BEA044B84EA37440E
:1013A00081EA0B4181EA164104EA0A00454082EADB
:1013B00004082BEA080041408AEA0B0602EA06000C
:1013C00084EA34438AEA3A4603EA0607784045400D
:1013D000414088EA38478BEA3B4007EA000985EA42
:1013E000090583EA0709464006EA0906714085EACD
:1013F000010005EA3546464006EA314181EA3041BE
:1014000081EA364606EA304686EA3546344008EA3E
:10141000010886EA01052A4086EA364003405A4020
:1014200081EA31431F407C4080EA030709EA07094B
:1014300088EA0908544088EA020806EA0A0601EA2E
:101440000B018AEA0B0215408AEA3A4210404540F5
:101450008BEA3B4003405E404240174079404D409C
:101460004E40E443F64386EA18435D4085EA054072
:1014700083EA134386EA034183EA384284EA11434C
:1014800083EA04435FEA3343BEF1010E3FF6F2AE56
:101490001ED4BCE8F0006040694072407B4020BC34
:1014A000FFF784FE28606960AA60EB60BDE8F08FFA
:1014B0002DE9E0414FF2F00280EA1031114080EA5C
:1014C0000130484041088208C3084FF0000E4FE742
:1014D00000F0113001F0113102F0113203F011333C
:1014E00040EA410040EA820040EAC3004FF2F002C5
:1014F00080EA1031114080EA01304840BDE8E081C7
:101500002DE9F04F02F11C050646074600EB850861
:1015100051F8040B043A46F8040BF9D14FF0010CD2
:10152000FFF7C6FF5FEA302080EA0C001ECF414083
:101530004A4053405C401EC62000464517D04FEA43
:101540004C0C1CF4807F18BFACF1E50C2C2DE7D0BF
:101550003C2D06D1FFF7ACFF06CF41404A4006C6FE
:10156000100006CF41404A4006C61000D8E736E9D1
:101570000F00FFF7C5FD043D86E80F00F7D1BDE879
:10158000F08F00BF2DE9F14F03F11C0402EB840C36
:101590004FEA930B8A68CB6808684968FFF7B0FD8B
:1015A0003CE9F0006040694072407B400BF1060E60
:1015B0004EE083EA134480EA134582EA134746BAB1
:1015C00096EA3444604000F00F1684EA063420F0B6
:1015D0000F1684EA161054BA94EA0106724002F01B
:1015E0000F1486EA043622F00F1486EA14124CBA5D
:1015F0006540694001F00F1485EA043521F00F14AD
:1016000085EA14115CBA67407B4003F00F1487EA47
:10161000043723F00F1487EA141344BA44404DBA38
:101620004D4056BA56405FBA5F4087EA174886EA8F
:10163000174B84EA17464FEA38488BEA1B4485EA81
:101640001B4788EA1B4580EA3440694072407B4072
:1016500000F0703400F0803500F00F3040EA4400B4
:1016600040EAD50080EA900404F0332480EA840044
:10167000604001F0703401F0803501F00F3141EA33
:10168000440141EAD50181EA910404F0332481EA5E
:101690008401614002F0703402F0803502F00F32B4
:1016A00042EA440242EAD50282EA920404F0332478
:1016B00082EA8402624003F0703403F0803503F064
:1016C0000F3343EA440343EAD50383EA930404F067
:1016D000332483EA84036340C943DB4381EA000483
:1016E00083EA044686EA020183EA014382EA33453B
:1016F00083EA14435C4084EA00077FEA040A8AEA2A
:10170000024A8AEA010B87EA11488AEA374A80EAE4
:10171000060181EA1A418AEA030A04EA0A004540FE
:1017200088EA040707EA0B0041408AEA0B0608EA48
:10173000060084EA34428AEA3A4602EA060358403E
:101740004540414087EA37438BEA3B4003EA0009C2
:1017500085EA090582EA0309464006EA090671405E
:1017600085EA010005EA3546464006EA314181EA4C
:10177000304181EA364606EA304686EA354634404C
:101780000F4086EA010508EA050886EA364002406D
:1017900088EA020881EA314213405C4080EA020391
:1017A00009EA030987EA0907674088EA040806EAA4
:1017B0000A0601EA0B018AEA0B0425408AEA3A4448
:1017C000204045408BEA3B4B02EA0B02564084EA3C
:1017D0000B04234059406E40694087EA364080EA56
:1017E000384080EA060380EA104481EA134585EA1E
:1017F000344585EA17427D4082EA354180EA05405A
:101800003CE9F0006040694072407B40BEF1010E4F
:101810003FF6CFAE20BCFFF7C9FC28606960AA6024
:10182000EB60BDE8F08F00BFFFF76ABE2DE9F0075F
:1018300091E8F807B2E802105B1854EB0C04B2E828
:1018400002104D4156EB0C06B2E802104F4158EB26
:101850000C08B2E8021059EB01095AEB0C0A80E8B7
:10186000F80780410130BDE8F00770472DE9F00727
:1018700091E8F807B2E802105B1A74EB0C04B2E8C6
:1018800002108D4176EB0C06B2E802108F4178EB26
:101890000C08B2E8021079EB01097AEB0C0A80E837
:1018A000F80780414042BDE8F00770472DE9F00796
:1018B000524290E87800B1E880071740DB1918EA37
:1018C000020854EB080419EA020955EB09051AEA63
:1018D000020A56EB0A0678C090E87800B1E8800763
:1018E00017407B4118EA020854EB080419EA020980
:1018F00055EB09051AEA020A56EB0A0678C0804140
:101900000130BDE8F00770472DE9F007524290E83A
:101910007800B1E880071740DB1B18EA020874EB77
:10192000080419EA020975EB09051AEA020A76EBBE
:101930000A0678C090E87800B1E880071740BB41FC
:1019400018EA020874EB080419EA020975EB0905A4
:101950001AEA020A76EB0A0678C080414042BDE8E6
:10196000F00770472DE9F00152424FF0040890E86B
:10197000300091E8C000A31B1340E41AF618EB1BDB
:101980001340ED1AFF1830C0C0C1B8F10108EED104
:10199000BDE8F001704700BF00B592E8DC072DE913
:1019A000DC07B1E8805702B4A7FB02510A95A8FBF7
:1019B000020BE7FB6310E9FB62B00B91A8FB03513C
:1019C000EAFB6201E7FB64B5E7FB6605E8FB661529
:1019D000CDF830B0A9FB03B6EAFB6316ECFB635607
:1019E000E8FB640BE9FB641BEAFB645BECFB646BE8
:1019F0000D90ACFB0230059CEEFB6250E9FB64608D
:101A0000EAFB64B0E7FB6431E8FB6451069CE8FB49
:101A10006461E9FB64B1EAFB64010E93A7FB043245
:101A2000079CE7FB6462E8FB64B2E9FB6402EAFB43
:101A30006412049CE9FB6453EAFB6463089CE7FBC3
:101A400064B3E8FB6403E9FB6413EAFB64230F95CA
:101A50005DF8049B99E80006DDF80080A9FB0854B6
:101A6000EAFB68B4DDF81080ECFB6804EEFB681458
:101A7000E9FB6824EAFB6834DDF80480EEFB686566
:101A8000E9FB68B5EAFB6805DDF81480ECFB681536
:101A9000EEFB6825E9FB6835EAFB68450F96DDF843
:101AA0000880AEFB0876E9FB6806EAFB6816DDF8FD
:101AB0001880ECFB6826EEFB6836E9FB6846EAFB1B
:101AC0006856DDF80C80ECFB68B7EEFB6807E9FBB5
:101AD0006817EAFB6827DDF81C80ECFB6837EEFB33
:101AE0006847E9FB6857EAFB686708B000BD00BFBC
:101AF0002DE9F14F87B0FFF74FFFDDF81C8008F1AB
:101B0000200888E8FF00FFBC87E87F08BDE8F08F69
:101B100000B591E89857A3FB03520195A3FB04017C
:101B2000E3FB6420E3FB67100292A3FB0752E3FB95
:101B30006802E4FB6415E3FB6805E3FB6925039198
:101B4000A4FB07B6E3FB6926E3FB6A56E4FB670BDD
:101B5000E4FB682BE3FB6A5BE3FB6C6B0490A4FB88
:101B60000810E4FB6950E3FB6C60E3FB6EB0E7FB3D
:101B70006721E4FB6951E4FB6A61E3FB6EB1E4FBBE
:101B80006E010592A7FB0832E4FB6A62E4FB6CB2CB
:101B9000E4FB6E02E7FB6E12E7FB6853E7FB696349
:101BA000E4FB6CB3E7FB6C03E7FB6E13E8FB6E230F
:101BB0000695A7FB0954E7FB6AB4E7FB6C04E8FB56
:101BC0006C14E8FB6E24E9FB6E34E8FB6865E7FB08
:101BD0006AB5E8FB6A05E8FB6C15E9FB6C25E9FBD7
:101BE0006E35EAFB6E450796A8FB0976E8FB6A06A8
:101BF000E9FB6A16E9FB6C26EAFB6C36EAFB6E46EB
:101C0000ECFB6E56E8FB69B7E9FB6907E9FB6A176D
:101C1000EAFB6A27EAFB6C37ECFB6C47ECFB6E5780
:101C2000EEFB6E6700BD00BF2DE9F14F87B0FFF7F7
:101C30006FFFDDF81C8008F1200888E8FF00FFBC7A
:101C400087E87F08BDE8F08F30B44FF0000310F84C
:101C5000014B11F8015B013A84EA050443EA0403ED
:101C6000F5D1A3F101034FEAD37030BC704700BF38
:101C70004FF0000310F8012B013943EA0203F9D1B8
:101C8000A3F101034FEAD370704700BF30B411F8DD
:101C9000014B12F8015B6C4000F8014B013BF6D19F
:101CA00030BC70472DE9F00791E8F807B2E8021060
:101CB0005B1854EB0C04B2E802104D4156EB0C06D5
:101CC000B2E802104F4158EB0C08B2E8021059EB91
:101CD00001095AEB0C0A8941B3F1FF3374F1FF3467
:101CE00075F1FF3576F1000677F1000778F100080D
:101CF00079F101097AF1FF3A51F100015B184C4189
:101D00004D4156F1000657F1000758F1000859EB14
:101D1000D1795AEB010A80E8F807BDE8F00770476F
:101D20002DE9F00791E8F807B2E802105B1A74EBAE
:101D30000C04B2E802108D4176EB0C06B2E80210FA
:101D40008F4178EB0C08B2E8021079EB01097AEBCD
:101D50000C0A89415B184C414D4156F1000657F180
:101D6000000758F1000859EBD1795AEB010A80E8D5
:101D7000F807BDE8F007704718EB040859EB0509B0
:101D80005AEB060A5BEB070B5FF0000C4CF1000C02
:101D900018EB050859EB06095AEB070A5BEB070B32
:101DA00050EB0C005FF0000C51EB0C0152EB0C02FD
:101DB00063414CF1000CB8EB070879F100097AF1A6
:101DC000000A7BEB040BA841B141A241B3416CF185
:101DD000000CBBEB050BB041B941AA41BB416CF112
:101DE000000C4CF001068CF0020718EB060859EBCA
:101DF0006C095AEB6C0A7BEB6C0B70EB6C0471EBAF
:101E00006C0572EB670653EB6C076CEB6C0C18EB14
:101E10000C0059EB0C015AEB0C025BF1000354F17E
:101E2000000455F1000556EBDC7657EB0C077047C4
:101E30002DE9F14F87B0FFF7AFFDDDF81080DDF839
:101E40001490DDF818A0FFF797FFBDE8000FFFF72B
:101E500093FF03B05DF8048B88E8FF00BDE8F08FC6
:101E60002DE9F14F87B0FFF753FEDDF81080DDF864
:101E70001490DDF818A0FFF77FFFBDE8000FFFF713
:101E80007BFF03B05DF8048B88E8FF00BDE8F08FAE
:101E9000054B1B780022013382600260034A4260D6
:101EA000C371FF2303727047600B002020010800FC
:101EB000064B074A9B7802604FF416728280C3710A
:101EC0000822002382710372704700BF600B00205C
:101ED00003EC0000F8B5C71D002827F007070546EA
:101EE00014BF3846002000F06FFA041E02DA6FF0CB
:101EF0000B00F8BD2E4EF188B088737A327A033128
:101F0000033089B280B20AF045FA0028EFDBB178DD
:101F1000F37827440337002D194427F0030700FB0B
:101F200001F114BF3846002000F0D4FB07440DB97E
:101F3000002FDCDB01203C4600F03CFA90B1F17A46
:101F400081B10737002D27F0070414BF2046002079
:101F50002523282204F096FB0028C8DB04440DB991
:101F6000002CC4DBB37AABB1012000F023FA88B1B6
:101F7000F37A7BB10734002D24F0070414BF204608
:101F80000020B17A03F0A0F90028B0DB04440DB9B9
:101F9000002CACDBF3683BB115B1F4600020A8E77E
:101FA0002834A4D42046A4E7002DF7D1FAE700BFD7
:101FB000600B00201FB572B6194B1D69EDB9BFF358
:101FC0004F8F1849184BCA6802F4E0621343CB6084
:101FD000BFF34F8F00BFFDE72346B2FBF6F25C1C58
:101FE000002AF9D104AEDCB256FA83F303F80C2CC4
:101FF0000A2234B901A8A847E1E7024600230A26CD
:10200000EDE7631E04AEDCB256FA83F3B0FBF2F6E2
:1020100002FB1600303003F80C0C3046E9E700BF35
:10202000600B002000ED00E00400FA0507B50A4B44
:102030001A89ADF800206846DA889B88ADF804203C
:10204000ADF8023001F0ACFE18B1FA219C20FFF788
:10205000B1FF03B05DF804FB600B002010B504462F
:1020600020B309F0B3FA10B94FF0FF3010BD07F0FC
:10207000A3FAB0F5FA7FF7D80E4B00221A751A7042
:10208000DA6001225A801B229A80DA8040F2032211
:102090001A814FF442721C615A81EFF3108472B6B8
:1020A00000F08AFB04B962B60020DFE76FF015008C
:1020B000DCE700BF600B002038B51446002847D18C
:1020C000254D2B7D032B40D071B112B96FF0150057
:1020D00038BD013906293BD8DFE801F0043A133A4C
:1020E000293A32001378AB700020FFF7F3FE002886
:1020F000B7BF012302232B756FF00B00A8BF2B7510
:10210000E6E71379002BE1D05379002BDED012885B
:10211000FB2ADBD863881B3B9BB2E02BD6D81A2A5C
:10212000D4D923686B600D4BA2889A80DCE701202C
:1021300000F040F9237808B1012BC7D9EB72D3E73F
:102140001388FF2BC2D8AB72CEE74FF0FF30BFE74A
:102150006FF02C00BCE700BF600B0020640B002078
:10216000F8B50D46064620B319B311F0070420D187
:10217000114F3B7D012B02D16FF00B00F8BD032BFB
:1021800002D14FF0FF30F9E700F052FB0028F8D001
:102190002846FFF79FFE0028EEDB0CF080FD30465E
:1021A000F96801F079FEFFF741FF03233B752046F4
:1021B000E4E76FF01500E1E7600B002010B5064C76
:1021C000237D032B03D101F07FFE02F0A1FB0AF077
:1021D00036F90020207510BD600B002008B501F015
:1021E0003DFE0549012000F0DDF8BDE80840034947
:1021F000002000F0D7B800BF911E0000B11E000003
:10220000074B4FF0FF3141F6FF72C3E90012054959
:102210000022C1E900221F21C3E90212704700BF5A
:1022200000000020780B00203F280CD801380B4B11
:10223000C0F3421200F01F0053F8223023FA00F0DE
:1022400000F001007047FF2806D04038C0F342126A
:10225000034B00F01F00EFE7012070470000002053
:10226000780B00200146074B006849681A4603C2F4
:1022700040F48C221A6041F0107242F4FF625A60FE
:1022800000207047000000200246034B00685168A0
:1022900003C30020704700BF780B00200246034BA9
:1022A0000068516803C30020704700BF0800002089
:1022B0000138064BC0F3421203EB820300F01F000B
:1022C0009B6823FA00F000F0010070470000002036
:1022D000F0B50C88C37C0288A5B2C4F30E0404F1E7
:1022E00018060233865B1A44334497B213FA82F31A
:1022F000013B4288B3FBF7F313FB07439BB29A42BF
:10230000044A93BF22EA05032A4013439BB20B8081
:10231000F0BD00BF0080FFFF4A1E062A08B5034635
:10232000084604D84FF4D1711520FFF743FE094A3F
:10233000914202D940F2A311F6E711B903B1196035
:1023400008BD2BB11B680022C3E901211A1D1A60C8
:102350000430F5E7FAFFFF7F10B5114B00EB4104A5
:102360001A786389B3FBF2F303FB0223013A1A44A0
:10237000B2F5706F0279807828BF00231A440B18D9
:10238000B2FBF0F100FB11215B1AB3FBF0F100FB93
:10239000113313446FEA43436FEA5343638110BD23
:1023A000800B0020024B03EB80035960704700BF95
:1023B000800B0020034B03EB80035868003818BFE4
:1023C00001207047800B00202DE9F04F10F0070A24
:1023D00085B0054604D040F26F111720FFF7EAFDE3
:1023E000534F07F10C06B1460446B04657F8043B7C
:1023F0008DF80BA03BB101A898479DF80A30082B37
:1024000001D9F521E9E79DF80B1041BB05B1316019
:102410004F4506F10406E9D1002D70D0DFF8149184
:10242000002289F800209646022758F827A0013F8D
:10243000BAF1000F56D09AF804609AF802C0FF2E45
:1024400061D039460023481C39D19C44BCF1FF0FB0
:1024500040D90AB189F800E04FF49A71BDE79DF8C0
:102460000AC06046022838BF02204B1D5A0004EB08
:102470004303441E2344BDF808406444013CCCF1AE
:10248000000C04EA0C044042B4F5803F03EA000368
:1024900002D340F20511A0E775B19A1A012032600B
:1024A00091701480D0709DF80C001071019810810B
:1024B0004FEA104CA2F806C004FB0134A8E758F814
:1024C000210028B190F804B0B34504BF80781B18F0
:1024D0000139B8E7DBB2E6458AF804303CBF5FFA61
:1024E0008CFE01227B1CA0D10AB189F800E00226F3
:1024F00040F6FF6A58F82670B7B9013EFAD2601B61
:1025000005B0BDE8F08F0023E5E707EB410338464F
:10251000A3F80AA0FFF720FF09F10109BB785FFAD1
:1025200089F18B42F1D8E8E74FF00009F6E700BFE8
:10253000840B0020800B002038B54FF6FF7303801A
:10254000184B03EB810302461869A8B1847803791C
:10255000B3FBF4F104FB1133DBB2194600EB410588
:10256000B5F90A50002D0EDB0131B1FBF4F504FB87
:102570001511C9B28B42F1D1002038BD6381BDE88D
:10258000384009F0E3BE00EB41046389C3F30E0356
:102590001380C278002AF1D14FF4E5711720FFF7BC
:1025A00009FD00BF800B00201C4B03EB810370B5BD
:1025B0001C69054644B3030404D54FF4EC7117209D
:1025C000FFF7F8FC0146204609F0A2FEFF2801466D
:1025D00004D02046BDE8704009F0B8BEA078B5FB35
:1025E000F0F300FB1353DBB219460A1D04EB42065D
:1025F000B6F90260002E09DB0131B1FBF0F200FBFD
:102600001211C9B28B42F0D1002070BD8B4201D0B3
:102610000023E37004EB42025580DAE7800B0020D0
:10262000094B03EB810310B51C690146204609F0F4
:102630006FFEFF28014604D02046BDE8104009F097
:1026400085BE002010BD00BF800B0020F8B5104BE8
:1026500003EB810307461C690146204609F058FE3A
:10266000FF28054611D0E288238953EA024606D0A6
:102670000146204609F06AFE01463846B04720462A
:102680002946FFF769FE0020F8BD0520FCE700BFE2
:10269000800B002038B50E4B827903EB8203044691
:1026A000186908B9052038BD8278E1799142F9D2DC
:1026B0004B1CE37100EB41035D89B3F90A30002B39
:1026C000F3DBA58009F042FE20600020EBE700BFAD
:1026D000800B002070B5044610F003000E4603D0B6
:1026E0004E211820FFF766FCFFF716FE054624B1C1
:1026F000034831460460FFF70FFE284670BD00BF57
:102700009C0B00202DE9F14FDFF870B09DF828A058
:102710009DF82C901E46DBF8003007460D4690468B
:102720001BB960211820FFF745FC5246092140469D
:1027300009F073FC4A4684B20921304609F06DFC69
:1027400014FA80F1DBF8000009F0B6FD386018B922
:10275000286001B0BDE8F08F04442C60386853460F
:102760004146092209F01CFC28684B4609223146E3
:1027700001B0BDE8F04F09F013BC00BF9C0B002076
:1027800070B50E46044609F05BFC0546304609F07C
:1027900057FC044B2A1821461868BDE8704009F020
:1027A000B0BD00BF9C0B0020024B186808B109F0B7
:1027B00077BD70479C0B0020134B012200214FF086
:1027C000FF309A60C3F80012C3F80803C3F800157D
:1027D000C3F804259A60C3F80803C3F80015C3F8CA
:1027E00004250A490A4A03F580334FF40040C3F830
:1027F0000825C1F88000BFF34F8FBFF36F8FC1F87A
:102800008001C3F80825704700F0004000E100E0B7
:102810000000F63F024B02681A600020704700BFBC
:10282000A00B0020014B1B68184700BFA00B002025
:10283000024B1868003818BF01207047A00B002019
:102840000A468F2302F8033B0448C368C1F80330EB
:102850000369536043699360704700BFA40B002075
:10286000024B5A8C02435A845B6A1847A40B00201F
:10287000014B00215B6A1847A40B002010B5154CD2
:1028800005F02EFF06F01EF9208DFFF7F1FF237EE5
:1028900063B12246104952F80C3BE3606368536011
:1028A00004F11900A36893600AF043FF218DE06AE8
:1028B00002F060FEE36AB3F8AA0002F0BBFC636BAF
:1028C00094F8301094F831009847002384F8383099
:1028D00010BD00BFA40B002041280000034B93F85B
:1028E00038300BB1FFF7CABF704700BFA40B002000
:1028F00008B5094B93F83820022A04D040F257312A
:102900002720FFF757FBDA7A42F00102DA72BDE8BE
:102910000840FFF7B3BF00BFA40B002070B50F4DF8
:10292000EE6B3478C90001F0080104F0F304920062
:102930000C4302F0040214431B0103F0100304F0E3
:10294000EC041C4300F0030004433470B5F8483035
:1029500073700223A5F8403070BD00BFA40B0020A7
:10296000F7B5184CE56C06460DB1A36D23B940F6DA
:10297000C4012720FFF71EFBB4F85C306B702B7886
:102980002F4601F0030123F003030B4307F8033B39
:10299000B4F85C20A16D384609F0D6F80DF10202BA
:1029A00001A9206E2565A76509F070FC019809F062
:1029B0005BFCB4F85C1030600122206E09F003FC6F
:1029C00003B0F0BDA40B00202DE9F341694CE56A8A
:1029D00095F8141150B92A7D94F8673003EB8203FF
:1029E000FF2B03D195F815318B4202D0FF2005F063
:1029F000EBFBE66A00238DF80130ADF80230337A44
:102A0000062B00F2A380DFE803F0047F8282A1940A
:102A1000940094F86830A6F804310DF1020101A881
:102A2000ADF8023001F0ECFA30B1019820B1052385
:102A30003372BDF8023013E0E36A93F85130002B93
:102A40005DD1E06E0DF101020DF1020109F01FFBF5
:102A5000002854D0BDF80230002B41D1012232723F
:102A6000E063A4F8483003B1C31C6364777A96F836
:102A70000A80367A022E07D0053E012E69D81B78CF
:102A8000022B4FF0030666D0E06E09F05BFB0346B5
:102A9000002862D1032E04D001F0CCFA80F00103AB
:102AA000DBB203F0010284F87020EA7C002A56D0E1
:102AB000B4F84820002A52D0394642463046FFF743
:102AC0002DFF606F05F04CFDE16B606F05F09CFF22
:102AD000012384F8783084F8383002B0BDE8F08102
:102AE0009DF801201AB9028082700323A0E70278C2
:102AF00002F00302012A0CBF03220222AFE70023E7
:102B0000ADF80230012333721B480023A8E7B6F862
:102B10000431E06EADF802300DF101020DF1020159
:102B200009F0B5FA002884D140F2C3512720FFF7FD
:102B300041FA0DF1020101A801F062FA08B1019811
:102B400010B940F2D251F1E7062371E740F2DC51AF
:102B5000ECE7012698E70023A3E70123A1E742461B
:102B600039463046FFF7DAFEE06B05F0F9FC05F078
:102B7000A9FFADE7A40B0020080C00202DE9F041CF
:102B8000404C94F83830012B86B006460F465FFA69
:102B900083F804D040F60C112720FFF70BFAE56A02
:102BA0002B7923B1002129710420FFF759FE2B7ADC
:102BB000052B03D134490220FFF752FEE6B9DFB1FD
:102BC000E36F30469847B8B194F83030A3B92B7D05
:102BD000E76A0BB397F8150194F867C00128D5E9A7
:102BE0001E2305F1800105F190050AD0022809D0C5
:102BF00040F225410620D0E706B0BDE8F041FFF7DE
:102C00003DBEB04600260120CDE90460CDE902C8F2
:102C1000CDE9006505F090FE9621012097F8152179
:102C20000CF0A7F8E56AD4F8803023654FF481737F
:102C300094F86700A4F854302B7D95F8151100EB3B
:102C40008300FF2803D195F814318B4201D005F0A1
:102C5000BBFA2B7D7BB1606F05F082FC616F206D4C
:102C600005F00CFF002005F0E5FC022384F8383065
:102C700006B0BDE8F081206D05F072FC05F022FF82
:102C8000F0E700BFA40B0020E80B00202DE9F04F77
:102C9000A14C85B00022CDE90222D4F82CB094F8E2
:102CA00038200BF1A803022A05460F46019304D0F1
:102CB00040F6AD112720FFF77DF9226D032092F831
:102CC00000A05178A4F85C1002440AF00308A4F8AC
:102CD0005400A265002D00F00A8119B1206E09F0A0
:102CE00052FA0146E1649BF80910228D0131C9B204
:102CF00081EA9A0642F4007216F00106228541D15B
:102D00009BF8082022B3032A8BF8091009D8012A5E
:102D10001ED0E06E02A909F0DFF990B940F2D4713B
:102D2000C8E7053A012A02D940F2B371C2E701F0BF
:102D300075F910B940F2DE71BCE731460820FFF7A3
:102D40008FFDDBE91C21013241F10001CBE91C219F
:102D5000228D002642F400628BF8086022859BF8E1
:102D60001420CAF3C009D2B1B4F85C20BAB105F09E
:102D7000C1FE0328FBD0022806D1FFF77FFD05B076
:102D8000BDE8F08F2E46EAE748B99BF80A2002F02A
:102D900001024A4503D1012384F83130EDE79BF865
:102DA0000A0000F00102914555D04FF00009E26C95
:102DB000002A40F0AE80B4F85C20B2FA82F25209E8
:102DC00002EA1A1284F88720002F00F0AB8005F089
:102DD00087FCB9F1000F40F0DA800127238D5A06F5
:102DE00006D44020FFF744FD238D43F040032385A4
:102DF00026B1B4F809300133A4F80930002D00F0F1
:102E0000CB80B4F805300133A4F80530002384F8F2
:102E10008630424802F0FCF9029830B109F024FAF9
:102E200000220272019901F07BFE039B33B1002264
:102E30001A720C220199039801F040FE002F9CD1D8
:102E4000238D1B069BD48020FFF712FD238D43F0BA
:102E50008003238593E7B4F85C20E2B108F1FF31E9
:102E6000012918D8218D41F48051218594F88410CE
:102E7000914206D294F8302042F0100284F83020BB
:102E800093E7E16C002990D094F8851019B12020C7
:102E9000FFF7EEFC89E70130B8F1030F8BF80A0069
:102EA0001AD008F1FF3101290BD8002A3FF47DAF79
:102EB000DBE91E21013241F10001CBE91E21A946C7
:102EC00075E7002A3FF471AFDBE91E21013241F1C1
:102ED0000001CBE91E2168E7228D1149012042F44F
:102EE00080528BF804002285FFF7BAFCECE79BF8D0
:102EF00014200AB105F03AFE94F88620013284F8D5
:102F00008620228D4FF0000942F4806222854E46D1
:102F10004DE7012254E700BFA40B0020D00B002096
:102F2000FC0B002094F88620012A3FF650AFE26F98
:102F30000120904700283FF44AAF94F83020002A3F
:102F40007FF445AF628C002A7FF441AF94F8702083
:102F500022B994F88720002A3FF439AF9BF8132058
:102F60001AB10198594609F06CFA00209BF8142117
:102F700096210BF0FEFE0020FFF726FDB9F1000FB1
:102F80003FF42CAF414603A8FFF7EAFC26E7414691
:102F900003A8FFF7E5FC20E7B4F807300133A4F8F5
:102FA000073036E710B5064B93F8382002F0FF04DF
:102FB00022B91C7602F0D6FA204610BD0C24FBE79D
:102FC000A40B00200A4B0B4A10B51A60FFF7EAFF6A
:102FD00020B14FF4B1712720FEF7ECFF00F084FF21
:102FE000054CC4F8800000F083FF606710BD00BF8F
:102FF0006C15002074310000A40B0020F8B55A4C69
:10300000054694F8380000F0FF0610B909B102B186
:1030100023B94FF420712720FEF7CCFF63639DF89E
:1030200018306162E26784F88530E56284F83060C8
:1030300084F8866084F8316084F878606684268538
:1030400084F8706084F88760E6636664A4F848607A
:103050002665A665A4F85C6005F0E6F805F032FD8B
:1030600095F91C0105F02AF9D5F8D070D5F8C800FB
:1030700005F02AF9384605F065FA95F8240005F0C0
:103080002DF90AF0A8FF95F81421384B33F81230C7
:103090004FF47A7103F5FA73B3FBF1F36633191841
:1030A000304605F089F9324B186805F051FAD5F829
:1030B000BC30E366D5F8C0302366AB7B233B072BDF
:1030C0004FD9EB7B233B072B4BD9B5F8E630B5F84E
:1030D000EC0095F81411984228BF18460AF018F928
:1030E00095F8E830834228BF034698B295F8E4305B
:1030F000984200D3C3B295F8151184F8683005F1F1
:10310000DC000AF08DFB2F7D95F81511B5F8F06005
:103110000AF0FEF80FB9043080B2864228BF064696
:10312000F3B284F8843084F86730EB7C23B129460D
:1031300005F1A80009F085F90120FFF745FC0023FF
:1031400023606360A360EB886380B5F8AA302380B6
:1031500095F824302371D5F818310BB101221A608B
:10316000F8BD1B23C7E700BFA40B0020CCCD020095
:103170006C150020F12800008D2C00007D2B000034
:10318000DD28000010B5044609F084F908B90020D4
:1031900010BDE04309F07EF90028F8D0E31683EA79
:1031A000A4635A1E1A42F2D020460AF02EFC1828B8
:1031B000EDD8A3B2B3EB144F04D184EA142313F077
:1031C000FF1FE4D0034B6340581E1840003818BF5F
:1031D0000120DDE7D6BE898EF0B5070CA7F5AA421F
:1031E000144B543A012A03EA90231FD927F40040D4
:1031F00042F6AA22801A18BF012000221621164684
:103200001F2487EA060562EA0505013510D0DD03B3
:10321000ADB245EA5606E503ADB2013945EA5202C0
:103220004FEA53034FEA5404EBD1F0BD0020E4E72A
:103230000020FAE7E0FF3F0010B5044608480BF015
:1032400010F9204607490BF078FA20460BF071F888
:1032500020B1204603F046F8002010BD1220FCE704
:103260004C0C0020540C0020304BF0B55A89B0F8BB
:103270006070B0F85E609D89974228BF17469642FD
:1032800028BF16461B2E85B00C462ED0B5F5A47F60
:103290002DD040F648039D4201A928BF1D4609F0E4
:1032A00086F9BDF80A30BB4228BF3B46E380BDF833
:1032B0000C30AB4228BF2B462381BDF80630B34209
:1032C00028BF33466380BDF80830AB4228BF2B4689
:1032D000A380FF232370E3881B3B9BB2E02B08D91C
:1032E00040F209513920FEF765FE1B2FCED105B003
:1032F000F0BD63881B3B9BB2E02B02D940F20B511F
:10330000F0E72389A3F5A4739BB2B3F5E06F02D96C
:1033100040F20D51E6E7A388A3F5A4739BB2B3F581
:10332000E06FE4D940F20F51DCE700BF2C0C002025
:10333000014BD888704700BF2C0C0020044BD87C70
:10334000C0F3400080F0010000F00100704700BFB2
:103350002C0C002008B509F011FF01F001F800F075
:10336000E7FD0AF0BEF901F0C1FF01F0F9F904F040
:1033700021FC0E4B0E4800221A600E4B4FF01B1121
:103380001A801A82DA740C4AC3E901014FF4A4715D
:103390001068D960083212F8041C186283F82410EF
:1033A00007CA283383E8070008BD00BF7015002056
:1033B00003021B002C0C002070CC0200044B41F6D1
:1033C0004C52C3E906221B229A74FFF7C3BF00BF09
:1033D0002C0C0020024B1B6803B118470C207047CF
:1033E00070150020014B93F9340070472C0C00201D
:1033F000034BDA8802801B7983700020704700BF7E
:103400002C0C002013B583781A2B044608D8042B03
:1034100004D9124A22FA03F3DB0705D4122017E07D
:10342000292B01D03B2BF9D12088B0F5706FF5D254
:1034300001A909F07CFF68B9019B93F8202102F0F3
:10344000FF004AB9A27883F82121FF2283F82021C6
:1034500002B010BD0220FBE70C20F9E72000380481
:103460000188A1F11B039BB2E02B0CD84288A2F586
:10347000A4739BB244F24810834204D8034B00204B
:1034800059819A8170471220704700BF2C0C002090
:1034900038B50278447802F0010354EA030102F0DF
:1034A000020201D1112038BDBAB98578002DF9D0BA
:1034B000002B18BF002400E01D46204609F044F808
:1034C0000028EFD0284609F03FF80028EAD0054B45
:1034D00000209C73DD731882E5E7002BECD00024FC
:1034E0002546EAE72C0C002013B5008801A909F055
:1034F00037FF044620B9019890F832311BB13A24C5
:10350000204602B010BD90F85C3003F0FF04002BA1
:10351000F5D190F853309B0703D1FF2380F8323167
:10352000EEE7024954300AF004F9E9E701DF000050
:10353000F8B50378032B054602D912242046F8BDBE
:103540004378032BF9D8467E0EB11124F6E7837831
:10355000012BF2D100F0E2FCC307F6D5AB7813F0F3
:10356000010414D0EA78012A3AD82A693E49A2F225
:103570005370884236D8AC686FF41C7CA4F6C41033
:10358000614488422ED8944234BF12240024980704
:1035900011D5EA78012A27D82A6934498A4225D8E0
:1035A000A9683348A1F6C41C84451FD8914238BF8E
:1035B00012262643F4B259071DD5EB78012B0CD8FF
:1035C0002B692B49A3F6C4128A4211D8AA68A2F625
:1035D000C41088420CD89A420DD244F01204ADE7D0
:1035E0001224D4E73024D2E71226E2E73026E0E7BF
:1035F00044F03004A2E7002CA0D12B7E013B062B27
:103600009BD801212046FFF70BF8064620B940F66B
:1036100042413920FEF7CEFC90300BF088F818B10B
:1036200096F854309A071CD1EA78A978A868B5F8BA
:1036300000C02E7E012A1ABFB2FA82F2520902227B
:10364000CB0748BF2F690B4BC3E90B0783F820104A
:1036500083F82120A3F822C083F8246083F828107F
:103660006CE70C246AE700BF3CF670028FFD700225
:10367000CBF370022C0C002000B589B043798DF893
:10368000043083798DF8053001238DF806300378F6
:103690008DF80730B0F8013040F271214B430393AD
:1036A000B0F803204A430D49059291F824108DF893
:1036B0001C1000218DF81D100949A2F6C4128A427F
:1036C00009D8A3F6C4138B4205D801A8FFF730FF31
:1036D00009B05DF804FB3020FAE700BF2C0C002095
:1036E0003C369C002DE9FF410678012E074604D1A7
:1036F0004378012B0DD9122469E0002EFBD1012162
:103700003046FEF78DFF054600287CD140F69A51E1
:1037100007E031460020FEF783FF054620B940F65A
:103720003F513920FEF746FCBB88002B65D10AF0DB
:10373000B9FD002863D195F8F430002B61D12846FB
:10374000FFF77AFD04460028D5D131463046DFF830
:103750000481FEF765FF98F8143006461BB110B9D6
:1037600040F65B51DDE7D8F830200392002B41D0C2
:1037700096F8F430002B3DD07B88DBBB98F82030E6
:103780000093D8F82C2098F8221003AB30460AF0AA
:1037900047FE78B330460AF0F5FF06F140030746CE
:1037A00005F14002643653F8041B42F8041BB3428F
:1037B000F9D12846FFF740FD024610B140F682518C
:1037C000AFE70C2F07D10146284603F089F92046C0
:1037D00004B0BDE8F08117B140F68B51A1E798F82D
:1037E0002130296D43F0040385F85430284603F056
:1037F00051F9ECE7BA887988E6E71124E7E73A243B
:10380000E5E70C24E3E70AF04BFF04460028DED18D
:1038100095F8543095F8892022B195F88A20134301
:1038200085F88900053B012BD1D82B6D13B940F6E3
:10383000AA5176E701210846FEF7F2FE2946064620
:103840004FF4907208F080F90423316D86F85430FB
:103850003046CCE72C0C00202DE9F04F457AA90723
:1038600089B0044655D545F001054572072D52D85B
:1038700000F054FB35EA000040F0A88194F848704D
:10388000002F40F0A381012D45D1A369BA4AA3F2CC
:103890005371914200F29881E26893423BD8A28F23
:1038A000B4F842309A4236D8E38E228E618DA08CD5
:1038B00008F057FE002800F0878123789A1E022A1C
:1038C00040F28481012B26D813B9A378012B22D88A
:1038D0006378032B1FD894F84930013B062B1AD884
:1038E000DFF8988201210020FEF79AFE98F8143044
:1038F0000646ABB901210846FEF792FE002818BF24
:10390000064606F190000AF012FF814610B30C271C
:1039100002E06A07AAD11227384609B0BDE8F08F45
:1039200090300AF004FF0028E4D0D6E924126FF0AA
:1039300000439A4208BFB1F1FF3FDBD1637A0093A5
:10394000E268617804F1180330460AF069FD8146A7
:103950000028CFD030460AF0ABFC08B13A27DBE7AD
:1039600030460AF09FFC01460028F7D10DF1120005
:10397000FEF7E2FD0546002800F02481BDF8123074
:1039800002937F4B0DF1140A18681B7905908AF891
:10399000043098F8353013B1504600F0C1FE02995A
:1039A000284609F0ECFCD8F81830C5F8DC3094F85B
:1039B0004A3004EB430340F2E24B988C598D0023CC
:1039C0005A4685F81E310BFB01F10BFB00F001F0AC
:1039D0005DFDA5F8C4B105F1A80BC5F8C400C5F894
:1039E000C00158460BF019F8039000F091FA039BC0
:1039F000A5F8E630634B98F812C01B6885F8E4C060
:103A000010F0200F0EBF1B22B8F80620B8F80810DF
:103A1000A5F8062108BF1146A5F808111BB195F9B4
:103A20001C11029898470123B8F8062098F8051051
:103A3000A5F8DA30B8F80830019198F80410009130
:103A4000033303329BB292B205F1C00105F1BC0011
:103A5000FEF758FED5F8BC3023B940F6F471392092
:103A6000FEF7A8FAD5F8C03013B940F6F571F6E7BD
:103A700008F020FDC5F8C80001F0A0F820F07F4054
:103A8000C5F8D00094F84A30D8F81C1004EB430372
:103A900028461A8EDB8EA5F8CE30A5F8CC200AF089
:103AA000B9FF514605F1160009F0D7FC98F83530FA
:103AB00013B9FF2385F80D32D8F8383023B101222D
:103AC00005F59171584698472F49584609F09AF9DB
:103AD00001F074F80C23B0FBF3F202FB1300C0B248
:103AE000431DDBB2082B9CBF0D30C3B285F82230DA
:103AF000284609F071FC28460AF0A4FFB9F1000F2E
:103B000003D1617830460AF046FC04F1030BA27839
:103B100021785B4630460AF0EBFB002858D112278B
:103B2000B5F8AA000021FEF791FD00283FF4F4AE9D
:103B300041F2882193E7DDF8148045456CD0029B63
:103B400098F8AC2003F0FD00003818BF012008F100
:103B5000AD03594609F013FB00285DD098F8B32057
:103B600095F8B30008F1B40305F1B40109F007FBBF
:103B7000002851D00B27D3E73CF670022C0C002014
:103B80008A050300741500203A0C0020E3680693B0
:103B9000637A8DF81490DB0744BFA36907935146FD
:103BA00048BF0123304648BF8DF814300AF0C5FDE8
:103BB00094F8491030460AF098FB2946304602F046
:103BC00069FFA9E60D27A7E63027A5E61127A3E69A
:103BD000B9F1000F02D1304602F084FBA2782178BF
:103BE0005B4630460AF0E4FBB9F1000F02D1042332
:103BF00086F854303565A17801F0FD0100395A4648
:103C000018BF012130460AF0EEFB23784BB9A278A9
:103C100005930292CAF804305046FEF73BFD002897
:103C200089D0B9F1000FB1D0042130460AF08AFBE7
:103C300000287FF471AE0C2772E700BF10B54379FE
:103C4000032B94B057D823F002038DF80630D0F838
:103C50000630CDF807304389ADF80B3001238DF8DD
:103C60000D30038802798DF8042040F27121027B27
:103C70008DF805204B43049342884A430792847B86
:103C8000417B41EA0421ADF82810047CC17B41EA64
:103C90000421ADF82E10847C417C41EA0421ADF86A
:103CA0003410047DC17C41EA0421ADF83A10417D15
:103CB000847D41EA0421ADF84010C17D007E41EAD7
:103CC0000021ADF8461000218DF84C100C488DF8FD
:103CD0004E100C4990F824008DF84D00A2F6C41245
:103CE0008A420AD8A3F6C4138B4206D801A8FFF76C
:103CF000B3FD14B010BD1220FBE73020F9E700BF80
:103D00002C0C00203C369C0038B501210020FEF729
:103D100087FC054620B941F2BB213920FEF74AF95C
:103D200090300AF004FD1D4B1B7D4BB3E0B195F8BC
:103D30005430053B012B17D828460AF023FD0446D2
:103D400010B141F2C621E8E7284602F05DFA95F885
:103D5000543023F0040385F8543022462146284687
:103D600002F0BEFE204638BD01210846FEF758FC91
:103D7000054610B941F2D221CFE790300AF0D7FCC6
:103D800008B90C24EEE728460AF0FCFC044600289B
:103D9000E8D1284602F038FAE4E700BF2C0C0020F6
:103DA0000278034672B1427862B142881A2A09D970
:103DB00082881A2A06D9044A006850609B881381B9
:103DC00000207047122070472C0C0020024B026824
:103DD0009A610020704700BF2C0C0020024B026843
:103DE000DA610020704700BF2C0C00200378A3F19B
:103DF0000A02112A9DBF024A0020937412207047C4
:103E00002C0C00200378FF2B15D14378FF2B12D107
:103E10008378FF2B0FD1C378FF2B0CD1037923F0CC
:103E2000E0021F2A07D11F2B05D0044A5B0982F844
:103E30002430002070471220704700BF2C0C002057
:103E400008B5052000F058F80AF0FFFE014B024AC1
:103E50009A6308BD2C0C00206932000010B50A4C92
:103E6000072000F049F8201D084908F06DFF04F113
:103E70000800074908F068FF04F10C000549BDE897
:103E8000104008F061BF00BF680C00204C0000200B
:103E9000540000205C00002038B5074C0D4600F0AF
:103EA00023FD6068256008F047FFFFF787FA00F000
:103EB0009DFE0123237438BD680C0020014B187C43
:103EC000704700BF680C002010B5064CA06808F0D1
:103ED00033FFE06808F030FFFFF73CFA002323745B
:103EE00010BD00BF680C002000487047790C00200E
:103EF000004870477B0D0020C208044900F007000D
:103F000001238340885C03438B54704710000020DA
:103F1000014BD3E90001704710000020034B1868E3
:103F2000C0F30020400040F0010070471000002066
:103F300008B505F041FB084A002332F823108142FE
:103F400005D302EB83029378044A137008BD013352
:103F50000C2BF2D10023F7E784CC02007D0E002069
:103F6000024B1878072828BF072070477D0E0020D5
:103F700008B50068B0F8AA30A0F8653190F814319F
:103F800080F86411012B06D0022B04D04FF43F714E
:103F90000620FEF70FF880F8673190F81531012BF5
:103FA00001D0022BF2D180F86831BDE80840024907
:103FB00000F25B1009F0BDBBEFCD0000024B002208
:103FC00083F822209A8470477E0E0020044B93F8D9
:103FD0002220012A1ABF036001200020704700BF81
:103FE0007E0E0020054B93F82210012902461DBFCA
:103FF000012083F822009A84002070477E0E002062
:10400000054B024693F8220020B1136009B19B8C46
:104010000B800120704700BF7E0E0020044B93F8F8
:10402000220000229A8410B183F8222001207047D8
:104030007E0E0020034B93F82200B0FA80F0400976
:10404000704700BF7E0E002050B90A4A1346012077
:1040500003F8010B0868C2F801008A889A8070474B
:10406000012805D1034B0A689A608A88D8719A8121
:10407000704700BFA40E002050B90B4B187888B1D0
:10408000D3F80120B3F805300A608B800120704717
:10409000012806D1044BD87920B19A680A609B891F
:1040A000F3E70020704700BFA40E002010B9044BB6
:1040B00018787047012806BF014BD8790020704757
:1040C000A40E0020F7B500238A888DF80600ADF80D
:1040D000042008680B4A8DF80730019D14780146CA
:1040E00002F5A872D8B2844201D8082008E052F83C
:1040F000087F5668AE4208BF8F4203F10103F1D139
:1041000003B0F0BDB80E002030B5094B01465C7815
:10411000002203F20113D0B2844201D8082005E046
:1041200013F8015F8D4202F10102F4D130BD00BFEE
:10413000B80E0020F8B52D4C6378013BDBB2221895
:10414000834292F80251637030D01A010101961C2B
:104150008F1C2644274406F1100C56F804EB47F850
:1041600004EB6645F9D1823282312244214402F1C6
:10417000100652F8047B41F8047BB242F9D1E118F1
:10418000221891F8026182F8026106267343704397
:1041900003F5857300F58570E618E358235027185A
:1041A000B388BB8091F83A3182F83A312846FFF75C
:1041B000ABFF082818D12378013BDBB29D42237066
:1041C00012D02B3304EBC30393E8030005F12B0259
:1041D00004EBC20282E803002078FFF795FF08286D
:1041E0001CBF241884F80251F8BD00BFB80E00208F
:1041F000F0B5254D95F8984189B0224605F2991100
:10420000684607F0A1FC2146684608F0D6FF044640
:10421000B8B300EB4001C9B202A8FEF703FB631E6E
:1042200095F8A161DBB2012495F8981105E0721CA4
:10423000B2FBF1F001FB1022D6B206F120020DEB29
:10424000020010F8202C002AF1D103EB43012031A9
:10425000694406EB46022A4411F8187C82F8A271E0
:1042600011F8177C11F8161C82F8A37182F8A411BA
:1042700000F8204C013BAA19DBB2FF2B82F89941D0
:10428000D2D109B0F0BD00BFB80E002070B506460F
:1042900088B00C46002A4ED0294A92F8A131D01895
:1042A00090F8991119B9FF212820FDF783FE03EB3F
:1042B00043011144013391F8A251E57091F8A351E3
:1042C00091F8A41161710021257180F8991192F87B
:1042D0009811B3FBF1F001FB103382F8A13192F891
:1042E000C23123B9174902F5DD7009F01FFA65796B
:1042F00005F03F0545F0400565710D220021684637
:1043000007F0A0FBE3788DF80F3023798DF80E309D
:1043100004AA0423694630468DF80D5007F01AFAB6
:104320009DF81F3023709DF81E3063709DF81D307E
:10433000A37008B070BD03216018FEF773FAD6E7CA
:10434000B80E0020F1410000044B5A78824286BF2B
:104350001B1893F842010020704700BFB80E0020E0
:10436000064B00224FF461711A8083F8C32183F851
:10437000C421A3F8C61183F8C2217047B80E0020EB
:1043800010B51446FFF79EFE082813D0FFF7BCFEB9
:10439000094B5A7882420DD904B12070184490F824
:1043A0003A3190F84A01012B08BF40F0010000F0BB
:1043B000010010BD0120FAE7B80E00202DE9F047FA
:1043C0008246894617469846FFF77CFE0828054630
:1043D000064603D0FFF798FE082860D1324C637878
:1043E000072B5ED8082D15D12678731C072E237055
:1043F00003D96C212820FDF7DDFD06F12B02D9F849
:10440000000044F8320004EBC203B9F804209A809B
:1044100083F806A065786B1C290163704B1C07F1BB
:104420001002234412F8010D03F8010FBA42F9D12A
:10443000813108F11003214413F8012D01F8012FF7
:104440009845F9D11021404608F0FDFE2544102181
:1044500085F84201384608F0F6FE85F80261667874
:1044600085F84A010023114885F83A31314608F0B1
:10447000A4FE0128054607D80D48314608F09DFEE8
:10448000002818BF0135EDB284F898510025284660
:1044900084F8A151FFF7ACFE2846BDE8F087122052
:1044A000FBE70720F9E700BFB80E0020FA0F002055
:1044B0000210002010B5064B5878013840B2002891
:1044C00000DA10BDC4B22046FFF734FE601EF5E7E7
:1044D000B80E0020014B83F8C3017047B80E0020CE
:1044E000014B93F8C3017047B80E0020431E9BB2E6
:1044F0004AF2B71293429DBF024BA3F8C6010120B6
:1045000000207047B80E0020014BB3F8C601704779
:10451000B80E002030B50A4B5C7884420ED918449E
:1045200090F802012B3003EBC004A5790D7053F80D
:1045300030001060A3889380012030BD0020FCE78C
:10454000B80E00200246074810B590F8C34124B1C8
:10455000417821B1023003F04FFB204610BD0C46DC
:10456000FBE700BFB80E0020F8B5184C064648B36C
:10457000617804F5A17008F020FE94F89851074680
:10458000294604F2991008F018FE2D1AEDB2AF4238
:104590001AD800256278EBB29A4201D80120F8BD02
:1045A000E21892F842215AB9062101FB034104EBBB
:1045B0000313324601F5857103F18200FFF766FEB1
:1045C0000135E7E70546E5E70020E8E7B80E0020FB
:1045D000F0B51B4E7378834289B007460D462CD93F
:1045E000331893F8424144BB0D222146684607F038
:1045F00029FAEB788DF80F302B798DF80E3006EB19
:1046000007106B798DF80D3004AA042369468230B7
:1046100007F0A0F82A789DF81F309A420AD16A78EC
:104620009DF81E309A4205D1AC789DF81D30E31AF2
:104630005C425C41204609B0F0BD0020FBE700BFB2
:10464000B80E0020074B5A78824209D91A1892F8FE
:1046500042212AB9062202FB003000F5857070471E
:1046600000207047B80E0020F8B50E460746062118
:104670003046154608F0E7FD044670B10C4B0022A9
:10468000587803F23913D1B2884202D80124204667
:10469000F8BD03F8015F0132F5E73146384608F00E
:1046A000A8FD0828F3D0024B034483F83A51EDE704
:1046B000B80E0020034B80F874101B680BB14088C3
:1046C0001847704778150020036830B50024D3F8E8
:1046D000C400A3F84040B3F8444042F2107544438C
:1046E000B4FBF1F4A3F844404C1E05FB0242B2FBBC
:1046F000F1F2A3F84220094AB2FBF1F20132A3F829
:1047000048209A8F05FB02445A6BB4FBF1F45043E6
:104710009C63B0FBF1F0586330BD00BF005A6202E9
:10472000054B1B7833B9054B1A681B79026003717E
:1047300001207047002070478010002018000020E2
:10474000054BFF221A70054A016811600179117149
:1047500000221A70704700BF80100020180000204F
:1047600007B5064A1068009012798DF80420684653
:10477000FFF7E6FF03B05DF804FB00BF8A05030006
:104780000346084671B13F2B0BD8074AD35C03F0B0
:104790007F02914205D08CBF0120002000EAD31097
:1047A00070470120704700BFCCCC0200FF230B7084
:1047B00002234B7083238B70014B1B78CB707047A7
:1047C000841000202DE9F84FD0F80480D8F8186044
:1047D00030460C4607F036FD054620B94FF4AA7165
:1047E0001020FDF7E7FB0146304607F039FDB5F82C
:1047F00000B01FFA8BF7824617B94FF4AC71EFE7A0
:10480000224B1B6800F10309D3B998F8023098F8DD
:10481000032023706378A4F802B002F00F0223F0A3
:104820000F03134323F0C00363709AF8003003F0C2
:104830000303012B0FD0022B0DD04FF4BB71CFE738
:10484000B8F802003A464946984705460028DCD1A8
:104850002846BDE8F88F627863F30512627030462F
:1048600007F004FD054610B94FF4C071B8E7FB2FFF
:1048700002D940F28F11B3E73A464946201D07F0AE
:1048800063F9304607F04DFCE2E700BF7C150020DD
:1048900038B5134C10220021201D07F0D3F8012554
:1048A0002574102204F10803002104F11400C4E966
:1048B000013307F0C7F884F8205004F11803C4E965
:1048C0000533084A00236362A36284F82C30C4F8DD
:1048D0002D30C4F8313084F835301360A36338BD0F
:1048E000841000207C15002010B5084C2378FF2B85
:1048F00004D040F299111020FDF75CFB06F070FF28
:104900002070BDE81040FFF7C3BF00BF1D000020AE
:1049100010B5034C207806F07DFFFF23237010BDF7
:104920001D000020014B187806F084BF1D000020F8
:10493000014B024A1A60704780150020C5470000ED
:104940002DE9F341DFF86881054608F11407D8F82E
:104950000830D8F81840227A012A22D1D8F8382015
:1049600052B1137A1BB9BF211020FDF723FBD8F8F1
:104970003840C4B9002083E01A7A012AFAD04D4A9F
:104980001C46EFF3108172B650680068506001B9A0
:1049900062B6A34208BFC8F83840237A1BB9EE219B
:1049A000E2E73A46EDE7267AF6B205232372731E54
:1049B0000B2B6ED8DFE803F06A062235676D3E6D7B
:1049C0006D6D6D5B636813B94FF40371CCE72046DE
:1049D000294698470420EFF3108272B6237A052BFC
:1049E000D9B24FF0000359D12372D8F83810A14240
:1049F00001D1C8F83830B2BB62B634E0636813B98D
:104A000040F21521B0E72946204698470346C3F3F4
:104A10000723012BADF80400C0B22FD0022BDAD14E
:104A20001AE0636813B940F21D219DE720469847BC
:104A30000020D0E763680BB9FE2195E786222A7033
:104A400001225988AA706A7100225869A5F80310DA
:104A5000AA7107F066FB0420D8F83830A34202D1CF
:104A60000023C8F8383000283FF471AF08E0124B3B
:104A700029461B6820469847034668B9267298B1B4
:104A800002B0BDE8F0814FF415716DE740F2572197
:104A90006AE740F25A2167E70220DDE711B940F2E8
:104AA0007B2161E71846A6E7002B7FF450AF61E752
:104AB00084100020881000208015002010B51346B7
:104AC000027A22B140F202311020FDF773FA0A4651
:104AD000BDE810400146014808F005BE88100020DE
:104AE000044890F82C301BB90349243008F018BE54
:104AF000704700BF84100020D7D600000346064848
:104B000090F83C203AB190F8352022B900F82D3BBE
:104B1000024908F005BE704784100020AD47000030
:104B200010B50A46037A23B140F20A311020FDF78E
:104B300041FA0146BDE810400148072308F0D3BD03
:104B4000981000201346027A0AB1037270470A4691
:104B50000146014808F0C7BD881000201B234FF014
:104B60001B128384038482618382C260038539B906
:104B70004FF4A473034AC3844384C261C3820261B5
:104B8000704700BF48014801014908F0D2BD00BF8D
:104B900039D700000B8BA2F80B304B8BA2F80D30ED
:104BA0008B8BA2F80F30CB8BA2F809000249A2F838
:104BB0001130104608F0B7BD89D70000094AD2E984
:104BC0000003434083EAB01181EA43214FEAF343F3
:104BD0005360054B116058434FEAF06000EB8000D2
:104BE000704700BF20000020BB79379E10B50A4CEB
:104BF00009480821FDF716FED4E900321343F7D027
:104C0000064CFFF7DBFF2060FFF7D8FF23686060EA
:104C10001843F6D010BD00BF20000020C4100020B3
:104C200038B5A0F10A03DBB2432B144698BF0C4AF7
:104C30000D46204694BFD15CFE2108F0FBFE68B90A
:104C400065B12978272907D03F2908BF3E21204692
:104C5000BDE8384008F0EEBE2621F8E738BD00BFB9
:104C60000CCD0200174B184A9A60184ADA62184AAB
:104C70001A61184A5A61184A9A61184A1A63184AFE
:104C80005A62184ADA64184A9A64184A9A63184BA6
:104C9000184A9A60184A1A62184A5A60184A1A60E2
:104CA000184A9A62184ADA62184ADA60184A9A610F
:104CB000184A1A63184A9A64184ADA64184A5A62F7
:104CC000704700BF841500206BDB0000A5DD0000ED
:104CD00077DD000041DD0000C94F00008951000070
:104CE0008150000097DE0000AFDE00003D50000064
:104CF0008416002081DB000067DE000091DB0000ED
:104D00008DDC0000F5DD0000BBDD000013DE0000DF
:104D1000DBDD000023DF0000CBDE0000C7DE00008B
:104D20007DDE0000054B064A1A65064A5A65064BA9
:104D3000064A1A65064A5A65704700BF8415002066
:104D400069E00000FDDF000084160020E7DF0000BE
:104D5000FBE00000054B064A9A65064ADA65064BF9
:104D6000064A9A65064A1A66704700BF84150020F5
:104D7000DBCF0000BFD0000084160020D3CE00009F
:104D800011D1000073B5054601A80E46FFF71EF9C4
:104D900020B94FF4AA615120FDF70CF901982222A5
:104DA000002106F04FFE019C204600F8036F252EDF
:104DB00000F2C280DFE806F01318383EC0C0C356C8
:104DC0005A5DC3C362C0C0C0C06EC3C3808097C0F9
:104DD0009EC0C0C0C0C0C0C0C0C0C0A2AEB829463E
:104DE00008F05FFFC0B98CE02E68D6F80832636027
:104DF00096F80C322372286890F89F3033B908F087
:104E000079FE2B68DB881844A6F80E02B6F80E323D
:104E100063721B0AA3720820FFF7E4F8002840F031
:104E2000908040F25751B6E72B6893F821312371F7
:104E30000220F1E72B68D3F84C226260D3F85022AD
:104E4000A260B3F85422A281D3F82C22C4F80E2019
:104E5000D3F83022C4F81220D3F89030C4F81630BA
:104E60001720D9E72B6893F8A030E0E700F040F96D
:104E7000B8E70146284600F04DF9B3E71123237146
:104E8000592363710023A3713923E3711023237223
:104E90000620C1E72B6893F8A0203AB193F89D2033
:104EA000227193F89C3063710320B5E793F89B203F
:104EB000227193F89A30F6E72B68B3F8002122713B
:104EC000120A6271B3F8A220A271120AE271B3F859
:104ED000FC202272120A6272B3F8A030A3721B0A7D
:104EE000E372092098E72B6893F82E21227193F83A
:104EF0002F31D8E7294608F045F873E7124B1B68B5
:104F000013B940F2495146E701462A462320984703
:104F1000042081E70C4B1B68002BF2D001462A4687
:104F200024209847052077E7074B1B68002BE8D023
:104F300001462A462520F4E740F244512BE70120A0
:104F40006AE702B070BD00BF841700203F289ABFF7
:104F5000024B53F820000020704700BF841500204A
:104F60003F289ABF024B53F820000020704700BF33
:104F700084160020F7B50568D5F8BC6004464FF6E6
:104F8000FF770DF102010DF101023046ADF802701C
:104F900007F07DF801A9304607F09EF848B1019866
:104FA00007F062F92168A83100220272FFF7B8FD0C
:104FB000E7E7044905F1280003B0BDE8F04008F038
:104FC000B2BB00BFFFDA000010B503689A7B1E2A4F
:104FD00004462CD1002283F8512083F84A2083F81C
:104FE0005622036893F85210B3F8AA0081B1114910
:104FF000C3F8A92183F85220A3F8AA01A3F8AD2190
:1050000003F5D07008F08CFB23680020987310BD66
:105010000122A3F8990183F8981183F89F11A3F84E
:105020009C1183F89B21044903F28F10EAE70220C8
:10503000EDE700BF29DD000011DD000038B5046890
:10504000E57BBDB9D1F801200B4BD1F80510134019
:105050000A4AC4F86230C3F3076343F008030A4006
:1050600084F86530C4F8662008F00CFD0423E3736F
:10507000284638BD0125FBE72FC904F76FDB008008
:1050800010B50068837B042B2ED1D1F80130D1F804
:105090000540C0F86230C3F3076343F0080380F8AB
:1050A000653000234A1CC0F8664080F84A3083739C
:1050B00080F8333190F8713103F0FF040BB1002018
:1050C00010BDB0F8AA30A0F8733180F87241D1F861
:1050D0000130C0F875315368C0F87931034900F2E6
:1050E000691008F01DFBEAE70120E9E73DDE00005A
:1050F00010B50446FEF70CFF044A054B02400B4076
:10510000C4F80120C4F80530092010BD2FC904F7E8
:105110006FDB008037B50C460568FEF7F9FE0A4ADA
:105120000A4B0A4095F862100192034000930B402D
:105130008DF800306B4603CBC4F801000920C4F899
:10514000051003B030BD00BF6FDB00802FC904F72E
:1051500038B5DB04154604D5037D13B10023436342
:1051600038BD446B0134446308F0BAFE836B9C4243
:10517000F6D30023436303492846BDE8384008F0CE
:10518000D8BA00BF8BDE000038B50468A37B012BC2
:10519000054601D0E37BB3BB94F85330980713D492
:1051A0004A7884F85D204A88A4F85E208A88A4F8AA
:1051B000602043F0020284F85320DA070ED5134929
:1051C00004F1540008F0B5FA94F85330DB070FD41B
:1051D000E37B43B153214020FCF7ECFE94F83231DD
:1051E000002BECD1F0E70123E373284608F04AFCDA
:1051F000A37B012B4FF0000301D0002038BDA37327
:1052000084F84A30F9E70120F8E700BF01DF000029
:1052100070B50568044602F0ABFC054BE8721B68EC
:1052200001461BB12046BDE87040184770BD00BF65
:105230008C170020024B1B6803B11847704700BF52
:1052400088170020F0B51F4D2B78002414709BB1F7
:10525000013B6D68DBB21E1B012E0FDC05EBC406A3
:1052600055F8347076688E4208BF874227D0B8421E
:1052700071EB060612D214700020F0BD1E197710D3
:1052800005EBC70E55F837C0DEF804708445C6F349
:1052900047068F412CBF33463446DCE705EBC30499
:1052A00055F8335064688C4208BF854206D0A84246
:1052B00071EB040428BF01331370DDE71C46147042
:1052C0000120DAE7DC10002010F0070208B503D057
:1052D00063214820FCF76EFE18B1034B1972586029
:1052E0001A70C80008BD00BFDC100020014B00226E
:1052F0001A707047DC100020014B00221A607047C2
:10530000EC10002008B5044B186810B9FFF7F4FF43
:1053100008BD0C20FCE700BFEC100020024B187900
:10532000003818BF01207047EC10002013B5CDE9FC
:105330000012054BFF225A7100F11003DDE9000154
:1053400083E8030002B010BDEC100020C3693BB934
:1053500083692BB9034B1B681B1A5842584170478D
:1053600001207047EC10002030B50D4AFF23137167
:10537000D0E9065373B1D0E902140C44D9689D6199
:105380002144D960816939B1CB610023C0E906337A
:10539000137130BD1560F5E7002BF6D0D960F4E746
:1053A000EC10002010B5124AFF231371C16189B9B6
:1053B0001368836103B1D8611060C1690023C360C1
:1053C00099B1CB687BB18468A3420AD230213720DF
:1053D000FCF7F0FD8B6988618361002BEDD0D8610B
:1053E000EBE71B1BC3600023CB600023137110BDD0
:1053F000EC100020014B1868704700BFEC10002033
:10540000034B1B68002003B9704718469B69FAE7F5
:10541000EC1000200B4B00221B6830B504464FF007
:10542000FF35104623B911B9002808BF104630BD1A
:10543000DA68A24203D3AA423CBF154618461A4670
:105440009B69EFE7EC10002070B50F4CFF23237130
:10545000036A1BB181689D68A94203D2E521372008
:10546000FCF7A8FDC2698669DA619E6152B1936159
:105470009A691AB1D361C26811444A1BDA600023E9
:10548000237170BD2360F3E7EC100020F8B52A4EBD
:1054900004464FF0000C084686F805C00021356828
:1054A0000B4685B97579002DF6D15BB1984225D3AD
:1054B000B0FBF3F1013C03FB01F51C44B4FBF3F436
:1054C0008C420ED9F8BD2F690BB19F4207D23B46E3
:1054D00027B94FF4A3713720FCF76CFDA98AAD6999
:1054E000DFE7B5FBF3F603FB165626B9B5FBF2F67C
:1054F00002FB1656DEB10139ED1AE1E7451E1D44E7
:10550000B3FBF4F4B5FBF0F5AC42DBD3B3FBF5F63B
:1055100005FB16374FB9B6FBF2F702FB176727B941
:10552000B6FBF1F701FB17671FB10135ECE7284621
:10553000C8E73046C6E700BFEC100020FF230B7021
:10554000074A0D234B7082238B701368C1F8033018
:105550005368C1F807309368C1F80B30704700BF3B
:10556000F210002002481622002106F06BBA00BF9C
:10557000F2100020F8B5154D6B7D044623B3D0E939
:105580006C7608F028FD94F81421114B114933F87A
:10559000123066304FF47A7203F23F63B3FBF2F3DA
:1055A000DB1946F100061B18B4F8AA206B6046F11F
:1055B0000006E3882A80AE606B8005F10C000222B1
:1055C000BDE8F840FFF7BEBAF8BD00BFF2100020FA
:1055D000CCCD02003D550000024B1B68002283F831
:1055E000702070470811002008B502F0C1FA014B85
:1055F000187008BD28000020024B18686C3001F0BC
:1056000087B800BF0811002038B50F4CFFF7F4FF32
:10561000656801F053F863682860186820B940F2A3
:10562000F5413220FCF7C6FC08F034FF10B940F217
:10563000F741F6E702F094FF002002F0FBFF6368F9
:1056400004221A7138BD00BF0811002070B52B4C20
:1056500063680646186808F01DFF054620B941F248
:10566000C4313220FCF7A6FC236893F8543013B9F8
:1056700041F2CA31F5E776B107F0ABFF30B16368AC
:105680001A79022A0ED841F24A31EAE7284607F091
:10569000B8FF0028F3D163681A79022A17D841F2BB
:1056A000AA31DEE71A79082A02D941F24B31D8E74C
:1056B0001B79A26803F180431269033B284652F824
:1056C000233098470C2812D941F2DD31C9E71A7905
:1056D000082A02D941F2AB31C3E71B79A26803F172
:1056E00080435269033B52F823309847EAE7A368A6
:1056F000DB68BDE8704053F82030184708110020DF
:1057000008B5074B93F900207F2A04D140F29B3162
:105710003220FCF74FFC02707F221A7008BD00BFD8
:105720002800002010B504788EB004F00F04224643
:1057300004A908F0D0FEFFF757FF042C33D11B4C0F
:10574000059A2368107893F8741088422BD150780A
:1057500093F87510884226D1907893F87610884295
:1057600021D1D07893F8771088421CD1107993F822
:105770007810884217D1517993F87920914212D14B
:105780009DF8212093F87A309A420CD10DF10F0048
:10579000FFF7B6FF9DF90F300093237C227B6068F2
:1057A00004A908F089FE03200EB010BD08110020E6
:1057B00010B50D4A53681979022904D841F2BC4149
:1057C0003220FCF7F7FB1979082902D941F2BD41D3
:1057D000F6E71B79926803F180439268033BBDE8CA
:1057E000104052F8233018470811002010B5054C1E
:1057F000637B2BB102F044FF02F030FA00236373A5
:1058000010BD00BF0811002010B5064CFFF7EEFFD9
:10581000636801221A71FFF7EFFE2068BDE81040AF
:1058200009F0C4B80811002010B500B919B9BDE8D5
:105830001040FFF7E9BF0D4A53681979082904D8C9
:1058400041F28C413220FCF7B5FB19790C2902D9C1
:1058500041F28D41F6E71B79926803F1804352686B
:10586000093BBDE8104052F82330184708110020CA
:1058700038B52F4CFFF7C0FE656800F01FFF636866
:105880002860186820B940F252413220FCF792FBA0
:1058900008F000FE054610B940F25441F5E72368D0
:1058A00093F889306BB123681A6D93F88A10C3F8A6
:1058B000F02093F854200A4383F85420002283F800
:1058C000892063681A795AB11B79012B08D02068A6
:1058D000002108F05EFF18B9BDE83840FFF794BF1B
:1058E0002368144A93F88830D05C02F0F7FC012159
:1058F000252002F069FC284602F032FE012108460C
:1059000002F0FAFCE81CFEF71DFE607320B102F005
:105910008BF9402002F0A8FE626800230821E3739F
:10592000A3732374D380032321735171137138BD82
:105930000811002050CD020070B5384C63681B7907
:10594000012B054604D940F6FC013220FCF732FB5E
:1059500002F06AFC02F094FE02F080F9304802F096
:10596000F7FD304802F0EEFD2F4802F0ADFC6B7AF7
:1059700023B123681B6E0BB101221A602B7A032B13
:1059800002D140F62E11E0E7206893B9032190F888
:10599000882090F849500E460132B2FBF6F303EB33
:1059A0004303D31ADAB245FA03F3DB072BD580F8A9
:1059B000882090F9580002F081FCFFF759FF256814
:1059C00095F84830F3B1D5E920126FF000439A42C0
:1059D00008BFB1F1FF3F15D003F06EFED5E92023DB
:1059E000904299410ED3236893F8483083B92568D3
:1059F000FEF78AFD044603F05FFE0C4BE4FB030157
:105A0000C5E9200170BD013911F0FF01C4D1CEE715
:105A10000120FEF7A9FD0028F4D0E8E708110020D6
:105A20005863000055555500D6BE898E40420F0080
:105A30002DE9F843604F06467869D7F800800023C7
:105A400003704370894602F0A7FD054630B9032074
:105A5000FFF754F800252846BDE8F8837C69032E3B
:105A600023782FD123F00F0343F0030323700C237B
:105A700063707869D8F87430C0F80930B8F87830B5
:105A8000A0F80D3098F87A1007F099FD3B6893F86C
:105A9000482093F8418003F14209002A68D14C461E
:105AA00078692368C0F80330A388A0F8073041461E
:105AB00007F07CFD414BD3F80431002B6CD002F091
:105AC0008FFCC4E723F02F0343EA491339682222ED
:105AD00043F00503627023700B6DD3F8C830C4F82F
:105AE0000F300B6DD3F8D020E274100A120C207521
:105AF0006275B3F8D82040F2E240B2FBF0F2A27532
:105B0000D3F8D420B2FBF0F2E275C2F3072222767A
:105B1000D3F8C420B2FBF0F26276C2F30722A27679
:105B2000B3F8CC20E276120A2277B3F8CE2062775F
:105B3000120AA277D3F81720C4F81F20DB7E84F85E
:105B400023300B6D94F8242093F8223022F01F02AA
:105B500003F01F03134384F82430FEF701FA94F88E
:105B6000243003F01F0343EA401384F8243080E715
:105B700093F8542052070CD593F84B204AB193F870
:105B80004C00FEF75FFD0446002888D04FF0010866
:105B900086E77B685879F4E7052E7FF45CAF3B68B5
:105BA00021681A6DC2F8B410A188A2F8B8101B6D54
:105BB00083F8B3804FE700BF0811002000100040B9
:105BC00010B500210320FFF733FF18B9BDE81040DE
:105BD000FFF71ABE074C0321206808F0DAFD002801
:105BE000F4D00121084602F071FD636809221A71A0
:105BF00010BD00BF0811002070B5164C636818680E
:105C000008F048FC064620B940F261513220FCF70A
:105C1000D1F9636820680A221A71002100F070FF30
:105C200023681B6D9D7D3378C3F340131D402946C7
:105C30000520FFF7FDFE18B9BDE87040FFF7E4BD91
:105C40002068042108F0A5FD0028F5D023681B6D0D
:105C50009D7570BD081100202DE9F04F734C95B073
:105C60000546FFF7C1FC236893F8543013F0060F84
:105C700004D001229621002009F07BF82E7806F04E
:105C80000F06284632460AA908F025FC0B9D55B39D
:105C90009DF83930012B50D16B7903F0C003A3F18B
:105CA00040056B426B41627B4AB143B1656807F0C6
:105CB000AAFA636868715B7923730123A37363682D
:105CC000587908283BD10B999DF8390008F050F914
:105CD00062680B99054605329DF83900FEF750FBC6
:105CE000636800283DD0226892F8543013F0030115
:105CF00006D0062E9DBF92F84A102943C9B2002152
:105D0000606801F0010113F00403817106D0062ED2
:105D10009DBF92F84B301D43EBB2002303F001030B
:105D2000C3710B9BF3B19DF8391082F87A10196892
:105D300051679B88A2F8783014E00023B3E708AAE3
:105D40000DF11F01FEF7E6FB20B940F6A531322028
:105D5000FCF730F99DF81F0008A908F009F905467D
:105D6000C1E7D880062E00F2C680DFE816F0610099
:105D7000E4000700C400C400C400240002F030FBAB
:105D8000266896F85430980713D06568AB7983B1CC
:105D900008A8FFF7B5FC9DF920300293237B0193FF
:105DA000FF230093022206F142030AA9284608F0C5
:105DB00073FB03251DE06568AB79002B00F09B8029
:105DC000266896F85420910719D508A8FFF798FC83
:105DD0009DF920300293237B0193FF2300932846F3
:105DE00006F1420306220AA908F056FB0023237499
:105DF0000925FFF7FBFC284615B0BDE8F08FD30757
:105E000079D5570701D502F0EBFA08A8FFF778FC1F
:105E10009DF9202023680292227B0192FF220092AA
:105E20004233062260680AA9C1E700BF08110020BA
:105E3000236893F85420560738D56168CA79002A38
:105E400034D00B9A93F85A001578854256D155787C
:105E500093F85B00854251D1957893F85C008542B8
:105E60004CD1D57893F85D00854247D1157993F8E8
:105E70005E00854242D1507993F85F2090423DD137
:105E80009DF8392093F85900151A6A426A4193F82F
:105E9000560001284DD0002A4BD193F84C30082BE6
:105EA00002D04A799A4244D002F09AFA6568AB79F6
:105EB000002B3CD0266896F85420900720D508A8DF
:105EC000FFF71EFC9DF920300293237B0193FF23F3
:105ED0000093284606F1420300220AA908F0DCFAE2
:105EE0000123237409256368DA79002A81D19B791B
:105EF000002B7FF47EAF02F073FA5AE70022C6E768
:105F0000D10714D5530701D502F06AFA08A8FFF7A4
:105F1000F7FB9DF9202023680292227B0192FF2249
:105F200000926068423300220AA908F0B5FA0325FE
:105F3000D9E70A25D7E7616822688B799DF83A008E
:105F4000059392F8483091F807B0012883F0010AD0
:105F500040F0A8800C98477907F0C007A7F1400CE3
:105F6000DCF1000747EB0C0792F85400460740F1BC
:105F70009B8092F84B00002800F0968092F84C50DD
:105F8000082D00F093802846FEF7DEF94AEA00006B
:105F90005FFA80FA002F00F08B800C992846FEF7FC
:105FA00017FB0646216891F8542091F84180550767
:105FB0004ED50B9A91F85A00157885427AD15578CA
:105FC00091F85B00854275D1957891F85C00854227
:105FD00070D1D57891F85D0085426BD1157991F833
:105FE0005E00854266D1507991F85F20904261D180
:105FF0009DF8395091F85920A81A454245416268E8
:106000005279082A58D091F84C90A9EB0202D2F1AB
:10601000000949EB0209002E51D1BAF1000F50D00E
:106020000C9B9DF83A204231404607F0A8F8BBF19E
:10603000000F0BD0236893F85630012B56D02BB9A4
:10604000002D53D110B1B9F1000F51D102F0C8F9B0
:10605000236893F854309B073FF4ABAE02F0C0F9CD
:10606000059B002B3FF4A5AE20680C9B9DF83A20C1
:1060700000F1420190F8410007F081F8256800B96D
:106080000EB308A8FFF73CFB9DF920300293237B59
:10609000019348EA46085FFA88F30093012205F16C
:1060A0004203BFE600275FE74D7969E7002679E7FD
:1060B0003E4677E70025A2E74FF00009ABE7012055
:1060C000B5E73046B3E795F85530023B012B3FF674
:1060D00070AE002F3FF46DAE08A8FFF711FB9DF9DD
:1060E00020300293237B0193FE23D6E70028ADD016
:1060F0000A257EE673B5414CFFF778FB2368002242
:106100005A721A6DB2F8AA10598140F2E240D2F8E0
:10611000C410B1FBF0F11984B2F8CC10B2F8CE2063
:106120009A844FF47F42DA844FF6FF7259841A85BD
:106130006069694607F033FA236893F8482003F151
:106140001405EAB162691278520619D59DF8052046
:1061500002F0C002402A13D10098BDF80420586113
:10616000AA80207B082803F10E0239D003F10D012B
:10617000FEF7D0F938B941F213413220FBF71AFF8C
:1061800000225A61ECE723685A7B42F002025A73FC
:106190005A6FC3F81A20B3F87820DA83186D93F990
:1061A0005810A830FEF786FA2068154907F0B8FAAB
:1061B00020681449036DB3F8AA20A0F833209B7D12
:1061C00080F835302A3007F0B4FA2068022100F058
:1061D00097FCFFF711FA02B0BDE87040FFF7FCB979
:1061E00093F87A105973596FC3F80E10B3F87810FA
:1061F00091800021C3F81A10D983CFE7081100203D
:106200005DE1000019E10000036D10B5044623B9FB
:1062100040F261313220FBF7CDFE02224272B3F828
:10622000AA304381FF2380F827304FF6FF730385A0
:10623000024907F075FA0023236510BD5DE10000F7
:10624000F8B50646FDF750FE174F01217861002092
:10625000FCF7AAF9054620B940F685013220FBF784
:10626000A9FE4FF49072002105F0ECFB01210846D5
:10627000FCF79AF9044620B14FF49072002105F022
:10628000E1FBBB6813B940F68F01E7E7304608F041
:1062900014F8284608F049FA24B12046BDE8F84031
:1062A00008F043BAF8BD00BF08110020014B024AB4
:1062B0009A60704708110020BC630000036810B5A5
:1062C00023B940F677113220FBF774FE044A1360BD
:1062D0006C3353609368BDE810401B68184700BFDB
:1062E0000811002038B5044690F8400000F0FD0089
:1062F000003818BF012084F8410004F14201FDF785
:10630000BBFE94F84030023BDBB2012B94BF01236B
:10631000002384F8483015D8FEF7F6F8054603F058
:10632000CBF9094BE5FB030194F84830C4E920019F
:1063300043B10020FEF718F920B940F621213220A0
:10634000FBF738FE38BD00BF40420F000149363030
:1063500007F0E9B93BE10000B15700004D560000DD
:106360002958000081E2000009560000F560000095
:106370006BE2000059E20000D95500000958000006
:106380002FE10000715800002FE100002FE1000014
:106390002FE100002FE100002FE10000C15B0000B1
:1063A000F95B00002FE100002FE10000595C0000C4
:1063B0002557000093E2000085E2000039590000F3
:1063C000686300007063000078630000AC63000045
:1063D000B463000008B506F029F8054AD2E84F3F3B
:1063E0000133DBB2C2E8413F0029F7D108BD00BF4D
:1063F000201100202DE9F84F1E46474B04689DF8F8
:1064000028709DF82C809DF930909DF834A093461B
:106410001A780D460021016032B95868A4F10801CC
:10642000BDE8F84FFFF7D6BF1A2204F1090005F0C6
:1064300009FB0123A372BBF1060F3CD8DFE80BF088
:106440000420263B303B2A00E37A23F0130343F079
:106450001303E37201232375FF23A375B8F1080F1B
:106460004FF07F0384F81890E37504F10E0246D0D4
:1064700004F10D014046FEF74DF808BBC3211CE0B6
:10648000E37A23F0150343F01503E2E7E37A43F0E0
:106490001003DEE7E37A23F0120343F01203D8E798
:1064A000E27A4AF01A0A22F01B020AF01B0A42EAB8
:1064B0000A02E272CEE740F246413320FBF77AFD52
:1064C000637B43F002036373E37A5B0720D5BA1E54
:1064D000012A8BBFAA6832681168E26188BFE16156
:1064E00004F11C0394BFB28892889A80E776002357
:1064F00023720A492046BDE8F84F07F014B96B7CB7
:1065000063736B681968C4F80E109B889380DBE78F
:10651000FF23E376EBE700BF201100202165000098
:106520002DE9F04305468DB00C4600200121FCF713
:1065300077F8064620B94FF4F1713320FBF73AFDA6
:10654000903008F0F4F84E4FA5F1080818B196F80D
:106550005430042B17D1304607F0A4FE98B9786860
:106560004146FFF737FF4FF40073ADF804309DF854
:106570000430002063F307009DF8053063F30F201B
:106580000DB0BDE8F08302A905F1230007F0D4FFA8
:10659000EE7A16F0100604F10D0906D09DF8186089
:1065A00005993246484605F0CFFAEB7AD90601D470
:1065B0005B21C2E713F0040FAA7A95F80DC04FF0E3
:1065C0003E0304F1060105F10E002AD095F81BE008
:1065D000BEF1FE0F25D123700B23A37013010233EC
:1065E00063700123E270237184F805C0D5F80E3082
:1065F000C4F8063083888B8084F80CE0EB69C4F81B
:106600000D302B8CA9F804302B7EE374786841465A
:10661000FFF7E0FE237923F0600323714FF4017349
:10662000A3E723700223A37006F10A0313FB02F30E
:1066300002336370E27084F805C0D5F80E30C4F8F8
:10664000063083888B80267326442B7E7373EA7A08
:1066500012F0080102D004232371D7E702F00303EC
:10666000032B01D12171D1E7520701D50123F3E7B3
:10667000022BF1D00BB90323EEE7A4215DE700BFA5
:1066800020110020233270B592B205460C461E46FA
:1066900005F094FE25B1034A5560147256721470C9
:1066A00070BD00BF2011002010B5034C606805F0DC
:1066B000A7FE237A237010BD2011002038B5134D9A
:1066C000686805F0A3FE044620B940F25711332054
:1066D000FBF770FCD5E84F3F013BDBB2C5E8413F1B
:1066E0000029F7D104F108052322284605F0AAF96C
:1066F0007F23E377FF23A377637584F82330E37C5C
:10670000012262F34613E374284638BD20110020AD
:10671000016810B5044631B1034B08395868FFF7DA
:1067200059FE0023236010BD201100202DE9F04FF9
:106730008FB09846BDF86030059304468A4691466E
:1067400002F0BAFFD4F8B430039107462046049310
:1067500007F019FF0546B8F1000F00F06E81B9F19E
:10676000000F00F0E380804617F5FA630693039B61
:1067700043F10006FEF744FE8346594604F1C80083
:106780000790FEF70FFED4F8F01011B1079808F04B
:1067900040F8CDB1D4F8D050BBF1000F17D0DBE9F1
:1067A0000031DBF80800C018069B41F10001CDE97B
:1067B00000362A4607F0E6FB8542034608D240F23F
:1067C0004D312120FBF7F6FBD4F8B050E4E75B46EF
:1067D000D4F8B010069A9D1801F2CF721344B3FB9F
:1067E000F1F301FB03F346F10006EB1A66F1000238
:1067F000C4E93232059B002B40F08D804FF0FF3210
:106800006FF00043C4E92423204607F0A9FED4F822
:106810009030D4F8941005935A1B834661EB060020
:10682000012A70F100034FF00003C0F2F680DDF89A
:1068300010C09445834100DB0492049BD4F8B4005B
:10684000834228BF03460493C4F8BC30B9F1000F5B
:1068500005D0D4E93223C4E92656C4E92A23042307
:10686000C4E92856C4F8B8B02A468AF80930204648
:106870003346069107F090FECAF804B08AF8080083
:10688000B8F1000F00F0D48001238AF80030059B96
:10689000039A0699DB1B61EB0202012B72F10000E7
:1068A0004FF00000C0F2BB80794D9D42904100DB6B
:1068B0001D46D4F8F030D4F8B060002B40F0B4801E
:1068C00007222046A6FB022807F05DFE002800F004
:1068D000A880D4E92630D21848EB000303999742E8
:1068E00071EB03000DD2D21B6FF0010063EB0103CB
:1068F00090424FF00000984102D3954228BF1546C0
:106900002E46CAF81060049B5B4534BF002001206E
:106910000FB0BDE8F08FBDF8142042F21073284686
:106920003146E2FB0301C4E924016DE790B3D4E9E9
:1069300024126FF000439A4208BFB1F1FF3F24D008
:10694000204607F00DFE039B099017F1F70243F173
:106950000003CDE90C23054640F2024308A88DF858
:106960002090ADF8283004F03BF810B940F2964181
:1069700027E7D4E924320C995B1A0D9962EB0102E6
:106980005B1B62F10002002A40DB039E3D464FF094
:10699000010839E7D4E93226D4F8B050BB1A5219AD
:1069A000B3FBF5F305FB03F346F100069B18A3EBDD
:1069B000070246F10006F62A04D8ED1846F1000653
:1069C000C84621E7204607F0CBFD04238DF8293087
:1069D000D4E93213D4F8B050D4F8A0200990521A58
:1069E000B2FBF5F26A43521843F100032046CDE9A9
:1069F0000C238DF8209007F0CFFD29468DF8280054
:106A000008A806F02CFCDDE90C56D9E7039ECDF86A
:106A100010903D464FF00108F6E604930DE7054659
:106A200047E7D4E92A3056E74FF0FF32134655E7DF
:106A3000CAE904568AF8008065E7B9F1000F7FF4CF
:106A400093AED4E932B1D4F8B080059118EB0B03C2
:106A5000A7EB0B05B5FBF8F508FB05F541F10006C2
:106A60002046ED18D4E9262346F1000607F069FD1B
:106A7000059908FB00F010EB0B0041F10001C4E99F
:106A800032012A463346204607F05BFD98E700BFF7
:106A90000040420F38B504460D4690F8F43023B15B
:106AA0004FF423712120FBF785FA11B940F28D21B3
:106AB000F8E70A490246F83003F018FFC4F8F0502E
:106AC0006B7B03F0FF0113B140F29321EAE784F8F6
:106AD000F6102046BDE8384007F035BF73E80000E7
:106AE00038B5024604460D46F830044903F0FEFE70
:106AF00029462046BDE8384007F025BF73E800006E
:106B000001292DE9F341044604D9022962D04FF44A
:106B1000046135E0D0E9266501F04EFB40F2DA630E
:106B2000F6183E4B5B8803F507534FF47A7245F134
:106B300000053B33B3FBF2F3F61A65F10005074697
:106B400007F049FABF19D4F8F08000F1660045F16A
:106B500000053F1A65F10005D8F8C460FEF74AFC4D
:106B600004F1C80383420ED0CDE900753246D8E95E
:106B70006C0107F007FA8642034605D240F2613104
:106B80002120FBF717FA0023254AD4F8F0101268E9
:106B90009A428FBFD1F8C42040F2E240B3FBF0F23A
:106BA00042438ABF1846981A9B18C1F8D42041F670
:106BB0006A02A1F8D82041F66902904202D94FF446
:106BC000FA61DDE7DB1945F10005C1E96C3502B07A
:106BD000BDE8F081D0F8F03013B940F2DB71CFE7B7
:106BE000002540F201125D73A3F81421FF2683F8FB
:106BF0001661D0F8F0002946DC30FDF7AFFFD4F87D
:106C0000F00007F034FFC4F8F05084F8F66001F0AB
:106C100037FC02B0BDE8F04103F054BECCCD020019
:106C20002C11002008B50B4B30B101280DD040F6D7
:106C300053012120FBF7BEF918601A6841F6690379
:106C40009A4206D940F65C01F3E740F6C4121A6096
:106C5000F3E708BD2C11002038B5094B33F810407C
:106C6000084601F0FDFD054607F0B5F904F29D74F4
:106C7000D4302C444FF47A73B4FBF3F4204438BD81
:106C8000CCCD02002DE9F84F0C46417D164621F08F
:106C900007014C4AC26041F00101002241750261C6
:106CA00094F80E8005461F461BB10121204600F0D6
:106CB00003FF637B032B69D8DFE803F002645B64A6
:106CC00026B940F217213520FBF774F901236373CD
:106CD00004F1A80007F08DFE4FF0000AD146D4E978
:106CE0006C3219EB030342F10002C4E96C32C5E9CE
:106CF0000032A37B0A3BDBB21E2B98BF324E2046EC
:106D00009ABFDE4006F00106002607F0A2FF28B178
:106D1000002E3ED1607B012818BF022004F1DC0B5D
:106D20002875584606F07AFDA860002F47D0A8F1D4
:106D30000C08B8F1010F42D95146284606F0BDFAB9
:106D40001FFA80F8204607F084FF074656BB8045AF
:106D500028D32E75D4E96C3209FB00F15B1842F19F
:106D60000002C5E90032B9F1000F14D140F29D21B3
:106D7000A9E7D4F81832D4F800A20AEB03090323D8
:106D80006373ACE7D4F8C490CA46A8E74FF4147113
:106D900099E70020C2E75146284606F08EFA0744DC
:106DA0001FFA87F801224146204600F085FE58462A
:106DB00006F034FDD5E90023A860C4E96C23BDE8E2
:106DC000F88F00BF156E000005000040F7B5104EAB
:106DD000012333700023CDE900336846FBF75AFCEA
:106DE000044618B10023337003B0F0BD009D6B7BE7
:106DF000002BF2D005F5EC77384602F011FD38464D
:106E000002F022FD6C7305F5D870FEF7ADFAE4E7E9
:106E100030110020F0B5054687B0A0F5EC740529C7
:106E20006BD8DFE801F003644C6A6A5F637B1BB9CF
:106E3000EA213520FBF7BEF8204600F0B7FD002818
:106E40004ED015F8C31C15F8C40C2D4FFFF704FFE6
:106E5000A5F5987620309528F4697B7894BFC0F129
:106E600096000020241A1BB9736B9C4228BF1C4655
:106E7000A5F1FC0006F0D2FC00F12005022002F092
:106E800009FD641B24EAE474844228BF04460221FD
:106E9000204602F02BFD10B102F014FC2544002323
:106EA0008F222946304606F064FD7860F06902F0D2
:106EB00005FC144807B0BDE8F04003F051BC214682
:106EC000684601230022FFF7DDFE6946284602F0EE
:106ED00051FC10B94FF43471ABE7E3880133E38020
:106EE00007B0F0BD07B0BDE8F04005F0D1BA637B54
:106EF000042BF5D04FF483719BE74FF4857198E72D
:106F00003011002001870000024B0022C3E900225B
:106F1000FFF75CBF30110020014B5870704700BF75
:106F20003011002008B501F047F9044B5A6882423D
:106F30002ABF1878002080F0010008BD3011002021
:106F400010B5044686B0042963D8DFE801F00325B4
:106F500022295C00304B1A7802F0FF03CAB90146BF
:106F600001226846FFF78EFE694604F5EC7002F0D8
:106F700023FC20B94FF435713520FBF71BF8E3886B
:106F80000133E38001F07CFA06B0BDE8104002F066
:106F90003FBC04236373F5E70323637306B010BD9E
:106FA000D0F8C430D0F81C22C0F8003290F81D315F
:106FB000C0F8C42041F64B518A428CBF002303F035
:106FC000010340F2E24180F81E31ADF80410B0F840
:106FD000DA30D0F81812C0F8D410B0F81612A0F8B1
:106FE000D8105343D0F82012C0F8CC10019A009367
:106FF000194600F5D870FEF799F904F1A80007F0DA
:10700000F8FC0223C9E7A83006B0BDE8104007F03D
:10701000F0BC40F26531AFE7301100200D4A014667
:10702000107890B90129536807D1B3F80421B3F857
:10703000E8309A420CD8FFF775BF1289520706D57F
:10704000187C063818BF01207047002070470120C7
:10705000704700BF3811002038B5174B1C895A689B
:1070600004431C8100F00304032C04D140F6DF210B
:107070003620FAF79FFFC50748BFD960840706D5B9
:10708000096809781974062906D00B290ED08206E2
:1070900044BF08221A7038BD917B1C29F7D1002407
:1070A0000025C2E91E4501211175F0E7917B1229E7
:1070B000EDD10021F8E700BF38110020F7B5857B3E
:1070C0000190A5F10C03012B044630D8C388B0F819
:1070D000142201339BB29A4229D1B0F8AA30A0F809
:1070E000873140F2E242D0F81C32B3FBF2F3A0F851
:1070F0008931B0F82032A0F88B310025B0F8223267
:10710000A0F88D3180F88651314900F27D1006F0EB
:1071100010FB84F82452B4F82222D4F81C1201A8DF
:10712000FDF7D2FA03212046FFF70AFFA573E37BA0
:10713000283D282BEDB201D0012D44D8E388B4F8C6
:10714000102201339B1A1B043DD494F8121294F8B8
:10715000143194F81322002908BF19460AB994F88B
:107160001521994231D194F815319B1A18BF01238A
:10717000012D8CBF1E4643F0010684F8141184F8DB
:107180001521FF2384F81631124B1B6804F1A80760
:107190000BB1384698471EB1237B43F0010323739C
:1071A000384606F054FB18B1237B43F002032373E7
:1071B00004212046FFF7C4FE0023012D84F82C3162
:1071C00094BFA373E37303B0F0BD0123D0E700BF06
:1071D0006DDC00009817002008B54B78232B024681
:1071E0000CD013D8142B03D003F0FB0112290DD1BE
:1071F00018460121BDE8084007F094BC03689B7B5A
:107200002C2B03D1024B1B6803B19847002008BD0B
:107210009417002013460A1E08BF1F22162870B5B7
:107220001ED009D8032821D0022803D9122817D04C
:10723000142815D0002012E025280BD82228F9D9CF
:1072400020490C68002CF5D0014618462346BDE8BD
:1072500070401847A0F1FE0358425841400070BDED
:10726000BDE870401A46002107F05CBC1C68A37B97
:10727000192B01D0132B23D194F8523003BB84F87F
:10728000513084F84A3094F8973103F0FF0523B168
:107290004FF481613620FAF78DFEB4F8AA30A4F8D5
:1072A000993184F8982184F89B51C4F89C5184F852
:1072B0005652054904F28F1006F032FAA573B9E769
:1072C0000220CCE79017002011DD00002DE9F743E4
:1072D000984F80467C680E46002284F84C203989FD
:1072E00088055EBFB4F84020013292B2A4F8402075
:1072F000204607F0F3FB38B10B4604F59B7204F10E
:10730000A8012046FDF724FF3B8903F4C06333B195
:10731000A37C23B90121A1742046FFF711FEB8F127
:10732000000F40F0D980002E40F0D6803B897D6868
:10733000590705D52A7C062A02BF01227A742E74C9
:107340009A0713D5387C0123072885F89F300AD087
:1073500011281FD0FDF704FE034628B94FF4C3617E
:107360003620FAF727FE744B744898473B891B0771
:1073700043D57B6893F89E20012A0DD0032A1AD0AA
:1073800092B9D988B3F81402091A0C040CD483F802
:10739000242209E06A4BE7E7DA88B3F80E12521AA2
:1073A000100401D400229A7393F89E20FE2A11D172
:1073B00040F22561D4E79A7B133AD2B2092A05D864
:1073C00040F2412121FA02F2D107EDD4002283F8E4
:1073D0005622DEE7FE2283F89E209A7B0C2A2BD0D1
:1073E000282A2BD00A2A01D10B229A731A7C072A49
:1073F00001BF02227A7400221A743B89DA0731D560
:10740000FA687B681668997B93F85200347807F025
:1074100076FB28B1112C4ED84A4BE340DB074AD506
:1074200011792046FDF7ACF950B9FB6843481A7949
:10743000314606F050FB14E00D22D6E72922D4E7AE
:107440000D2C32D0112C32D0072C32D02046FDF733
:107450007DFD03460028E8D0FA68384812793146A5
:10746000984706463B781C0707D5A97B95F852003C
:1074700007F045FB002818BF08262846FFF71EFE28
:107480007C6894F89E30FE2B26D1237C063B012B92
:1074900022D994F8203103F0FF0273B10023A4F83D
:1074A00044300223A4F89E3016E0274BD4E7274B44
:1074B000D2E7274BD0E70826D4E7A37B002B49D19E
:1074C00094F83E20002A51D01222A4F89E20A4F85D
:1074D0004630012384F84A307C6894F820311BB987
:1074E000237C063B012B04D8B4F844300133A4F8C4
:1074F000443094F84A1021B1B4F846300133A4F86E
:10750000463094F9502022B1B4F84E300133A4F83B
:107510004E30B8F1000F40F041827B7C022B00F02E
:107520003982012B40F0E981637C002B40F0F98126
:107530000021FFE138110020C7EA00003C110020C3
:10754000AFEA000074280200B1EB0000E9EB000094
:10755000D97100001C2B33D018D8112B2AD0122B34
:1075600022D0032B2ED00F3B102BB5D9E37B222B3F
:1075700034D8202B00F295805A1E032A37D8023BBC
:10758000022B79D8DFE803F0866EE800272B1FD0A6
:10759000342BE8D11123A4F89E30012384F8A030C5
:1075A000A4F84620A27397E70B23A4F89E30A4F812
:1075B00046208EE7D4F82832C4F890300323F4E74D
:1075C0000623F2E794F8993084F8A030072369E79E
:1075D0001823A4F89E30A4F846207DE72C2B00F059
:1075E000BD80342B00F0B180252B00F0948094F8FE
:1075F0009E30FE2B7FF470AF7D6895F89E30FE2B99
:1076000000F0AE80A37B002B7FF466AF94F80D32C0
:10761000002B3FF461AFE07B06F04DFA05460028F1
:107620007FF45AAFE3880A2B7FF656AF6846FDF722
:1076300077F800283FF450AF052204F1170168469F
:1076400004F0E2F9002800F055819DF8043000981C
:1076500084F80C320123C4F80802A4F89E3084F8A0
:107660000D5239E794F8983084F8A0300723A4F835
:107670009E300023E373BAE70C23A4F89E3094F8FD
:107680005330002243F00103A4F84E2084F8533015
:10769000E273ACE71323A4F89E300023A4F84E3025
:1076A000E8E794F82331002BA1D194F82231ABB153
:1076B000E37B282B04F1A80004F5917104F2122257
:1076C00027D0A37B283B012B8CBF0023012306F08E
:1076D000A9F82223E373002384F82231E37B222BD1
:1076E00085D104F1A80006F0B2F818B104F23F10F9
:1076F000FDF74AFAB4F8FE30A4F8A030B4F802312D
:10770000A4F8A2301523A4F89E300023A4F84E302C
:107710006DE70123DBE794F82C31012B10D094F8AE
:107720002C31022B7FF463AF0023D4F80C21D4F862
:107730002E119D4805F00CFC1823A4F89E3056E746
:1077400094F82D31002BEAD1EEE71123A4F89E30F6
:10775000002384F8A030A1E70923EEE72423ECE717
:10776000AB7B002B7FF44EAF95F8243273B1E87BEE
:1077700006F0A1F950B9EB7B332B07D0A5F89E009A
:1077800094F89E30FE2B7FF4A7AE3BE795F8563277
:1077900003F0FF02ABB1EB7C5BB12B7D13B940F280
:1077A0001771DDE50A23A5F89E300023A5F84630C1
:1077B0000FE0D5F82822C5F890200322A5F89E20D6
:1077C000F4E795F8333143B10823A5F89E30A5F8C6
:1077D0004620012385F84A30D2E795F8323173B15B
:1077E00095F8533013F00302CAD10C2143F0010382
:1077F000A5F89E1085F8533085F83221C0E795F83A
:10780000223113B395F82331FBB9EB7B282B05F11B
:10781000A80005F5917105F2122214D0AB7B283B2C
:10782000012B8CBF0023012305F0FCFF002385F80A
:107830002231B5F8FE20A5F8A020B5F80221A5F860
:10784000A2201422BAE70123EEE795F82C31012B90
:1078500033D195F82D3183BBE87B06F02CF960BB62
:1078600095F81411012905D0022903D04FF43F7176
:10787000062076E595F81521012A01D0022AF5D1D6
:10788000022995F82E3106D0012B14BF00230123C5
:107890001BB9162387E7022BF7E7022A95F82F3149
:1078A00009D0012BF5D140480021FCF761FB0023F2
:1078B00085F82C3164E7022BF4E795F8353153B1A4
:1078C00095F82D3103F0FF022BB9EB7B233B072BFF
:1078D00001D9232379E795F83431012B04D1002312
:1078E00085F83431252269E795F83431022B7FF48D
:1078F00047AFF4E784F80D02B3E656B1F0064BD477
:1079000031074BD4B2074BD1B3064BD440F66331A9
:1079100026E5B9B1B4F84610B4F84830994211D907
:10792000222384F831302048FDF724FB0023E38133
:10793000A37402212046FFF703FB03B0BDE8F04328
:10794000FCF76CBB2AB1B4F84E20B4F848309A4228
:10795000E6D8B4F84420B4F842309A420ED2B4F8D3
:107960004420B4F848309A42DAD2A27CB4F84030CD
:107970004AB9052B7FF6DCAD3E23D2E794F82031DF
:10798000002BCDD1EBE7B4F842209A423FF6D0ADC0
:107990000823C6E71623C4E71E23C2E73D23C0E73A
:1079A0002A23BEE72323BCE73C11002073B53D4DDD
:1079B0000026044668602E812E706E74FF2380F8C6
:1079C0004C30837B0A3B012B11D8C388B0F80E22C0
:1079D0009B1A19040BD400F50271163005F03DFD19
:1079E000A37B0B2B08BFA673FF2384F84B30B4F89E
:1079F000F821013292B204F1A801204605F073FD8E
:107A00000023A4F8F83194F84A302BB1B4F846209A
:107A1000B4F848309A4214D294F950302BB1B4F8EB
:107A20004E20B4F848309A420BD2B4F84220B4F851
:107A30004430934205D2A17CB4F8403039B9052BCB
:107A400007D900210846FFF741FC002027E09A42B1
:107A5000F7D994F89E10FE2902D01348FDF792F949
:107A60006C68124AA17B94F8520007F048F8104B5A
:107A7000009010492046FBF7C1FA6C68237BDA07B7
:107A800003D509480021FCF773FA237B9B0703D534
:107A900004F23F10FDF778F800232373012002B0B1
:107AA00070BD00BF381100203C1100201D70000087
:107AB000CD72000059700000B0F8F8310B4470B579
:107AC000A0F8F831B0F840300B44A0F8403004463C
:107AD0000D46164607F002F890B1636B0B446363E2
:107AE00004F1A801204606F0FBF9D4E90D239A42DF
:107AF00006D300231449636304F59B7005F019FE57
:107B000094F84A3023B1B4F846302B44A4F84630F8
:107B100094F9503023B1B4F84E302B44A4F84E30D1
:107B200094F820311BB9237C063B012B04D8B4F810
:107B300044302B44A4F844302046FFF7BFFA16B176
:107B4000E3881D44E58070BD8BDE0000074B93F990
:107B500000301844142804DC10F17F0F03DB40B21E
:107B60007047142070476FF07E007047A21100200C
:107B700007B57F230DF107008DF8073000F08EFD6B
:107B800003469DF9070053B1094B5B785B4240FA0D
:107B900083F0142806DC10F17F0F05DB40B203B040
:107BA0005DF804FB1420FAE76FF07E00F7E700BFF2
:107BB000A2110020024B00221A705A70704700BFB9
:107BC000A2110020064BD3F8000138B1D3F804010C
:107BD00020B1D3F80801B0FA80F04009704700BF27
:107BE00000F00040034B00221A705A7010229A7065
:107BF000704700BFA411002070B50646022014464D
:107C00000D4600F0A3F8064B01221A70054B033C09
:107C1000C3F81045C3F80865C3F8045570BD00BF2C
:107C2000A411002000F0004008B5022000F08EF8FA
:107C3000084B01221A70084B0022C3F80021C3F838
:107C40000421C3F8082103F580334FF40002C3F880
:107C5000042508BDA411002000F000400E4A08B51C
:107C6000137883B10D4B4FF40001C3F80815FFF7EB
:107C7000A9FF68B101235370094BD3F80034DBB27C
:107C8000937000231370BDE80840002000F05EB838
:107C900050701023F4E700BFA411002000F0014051
:107CA00000F00040094B1A7862B1094BD3F800216B
:107CB00052B1D3F8040140B1D3F80801B0FA80F012
:107CC000400970475878704702207047A41100207F
:107CD00000F0004008B5074B1A783AB1FFF772FF81
:107CE00030B1054BD3F80004C0B208BD9878FCE76A
:107CF0001020FAE7A411002000F0004008B50A4B5C
:107D0000D3F80025032A04BF01229A600022C3F899
:107D10000025C3F8002500F0D5FE044B4FF4000207
:107D2000C3F8082508BD00BF00F0004000F0014086
:107D3000054B4FF40042C3F88020BFF34F8FBFF3D1
:107D40006F8FFFF7DBBF00BF00E100E010B5044616
:107D5000FFF7D4FF012C06D0022C0CD054B18C219B
:107D60003D20FAF727F90B4B0222C3F800250A4AF7
:107D7000C3F8142510BD074B0322C3F80025064A9B
:107D8000C3F8142503F580334FF40002C3F804252B
:107D9000F0E700BF00F00040A7110020044B186876
:107DA000062818BFB0F1FF3F0CBF0120002070472C
:107DB000F0140020044B1868062818BFB0F1FF3FEC
:107DC0000CBF012000207047F014002008B5FFF719
:107DD000E5FF38B1044B1868063810F1080F94BF5E
:107DE0000020012008BD00BFF414002008B5FFF7F3
:107DF000E1FF38B1044B1868063810F1080F94BF42
:107E00000020012008BD00BFF414002008B5FFF7D2
:107E1000C5FF38B1044B1868063810F1080F8CBF45
:107E20000020012008BD00BFF4140020064B0022F2
:107E3000C3F80021C3F80C21C3F81021C3F80421B2
:107E4000C3F80821704700BF0010004070B5134D03
:107E50006E7F0346084626B940F6C1013E20FAF778
:107E6000A9F863B9012EAC69297F05D100F018FD8E
:107E700020442B69C01A70BD06F087FFF8E7012B7C
:107E800009D1012EAC69297F02D100F0F9FCEFE79E
:107E900006F086FFECE70020EBE700BFB8120020F9
:107EA0000B4B93F82B0088B193F82A307BB1094B28
:107EB000D3F8002242F00102C3F80022D3F85005A3
:107EC00000F0F600023818BF01207047012070470B
:107ED000B81200200010004008B5094B01281871A5
:107EE000084B06D0022808D040F645513E20FAF74C
:107EF00061F80322C3F8102508BD0422FAE700BF89
:107F0000B81200200010004008B570B9104B28319D
:107F1000D96018460F4900F0FFFE0130012816D93C
:107F200040F2C2613E20FAF745F801280CD1084B17
:107F30002931D9601846074900F0F4FE01300128C4
:107F400005D940F2CC61EDE74FF4DA61EAE708BD0C
:107F50002C00002054CD020008B50C4B5B78012B9F
:107F600009D100F0E5FE013001280ED940F61111CB
:107F70003E20FAF71FF8022B07D100F0DFFE013098
:107F8000012802D940F61711F2E708BDB812002007
:107F9000094B0A4A1B89B3F5166F3ABFA3F638138B
:107FA00043F48073A3F5166300F07F00C2F8083530
:107FB000C2F85405704700BFB812002000100040FE
:107FC00010B50C46FFF788FF2046FFF7E1FF0F4A88
:107FD0000023C2F81C31D2F8003243F48873C2F88F
:107FE000003240F20313C2F8343540F25B63C2F84A
:107FF0003835FFF7EBFE40B9FFF708FF28B9D2F894
:10800000683543F4C023C2F8683510BD0010004045
:1080100073B50C46154D0646FFF75EFF2046FFF789
:10802000B7FF214695F9052001AB304600F010FE60
:108030009DF8050000F088FE20B140F2E3513E209B
:10804000F9F7B8FF9DF90400294600F011FC084B30
:1080500040F20312C3F83425284640F25B62C3F8AD
:10806000382502B0BDE8704000F0D6BDB81200203F
:10807000001000402DE9F04106460C46174601F07D
:1080800027FB0028FBD02C4B2C4D4FF40022C3F8CB
:1080900008259EBB01236B7095F82A301BB9A9797E
:1080A0003846FFF7B5FF264B33F817304FF47A7296
:1080B00003F5FA73B3FBF2F3224AE41A1E4BC3F83A
:1080C000AC252B691C4A204FE1184FF001081F4BCB
:1080D00085F82A80C7F84015C2F8A8352B6A43F402
:1080E00000232B624FF40023C2F80435FFF7D8FEBB
:1080F0000446B8B900242046BDE8F081012E0CD119
:1081000002236B7095F82A301BB9A9793846FFF71E
:1081100057FF094B0E4A293CD1E740F634013E2077
:10812000F9F748FFC7F84C80D7F84C358B42E1DAB5
:108130003046FFF7E9FEDEE700F00140B81200200C
:10814000CCCD020000100040008000404081004083
:108150000410004008B540221048002103F072FCD2
:108160000F4B1B6823F004020A2A05D0102B03D002
:10817000082B0ED1402200E024220A48FF2103F000
:1081800061FC4FF080430022C3F8082EC3F8102E84
:1081900008BD0D2BEED03822EFE700BFB81200204B
:1081A000F0140020000E0040024B0344187E00F53E
:1081B0001660704754CD0200024B98691B69C01AC3
:1081C000704700BFB8120020FF2808B504D940F25C
:1081D000CB213E20F9F7EEFE114B0129188504D082
:1081E000022919D04FF44F71F3E700230D4A43F4ED
:1081F000801340F0007043F4847340F44030C2F8C0
:108200001435C2F81805D2F8503503F0F703032BE4
:1082100005D140F25631DCE74FF08073E6E708BD48
:10822000B8120020001000401E4B2DE9F04102263C
:10823000C3F88060BFF34F8FBFF36F8F01F044FA34
:10824000044601F083FB184D001B184C28610027E1
:108250004FF00108C4F8FC7FC4F8FC8F00F08CFCE0
:1082600040F20122C4F83085C4F85026104AC4F800
:108270000062107C00F080FD0E4A0A4B0E49C2F8E5
:1082800004151022AF836F85AF61C3F88061C4F815
:1082900004231E602B6C03B19847BDE8F04100F049
:1082A0002FBD00BF00E100E0B81200200010004028
:1082B0002C00002000F001400000020C014B58711E
:1082C000704700BFB8120020034B020E0002C3F833
:1082D0002425C3F81C05704700100040044B054AD4
:1082E000034490711B7E03F516631381704700BF32
:1082F00054CD0200B8120020F8B52B4C94F82B3066
:1083000006460F4623B940F206713E20F9F752FEA9
:10831000264A012384F82A30D2F8003243F00103C0
:10832000C2F8003201F0D4F90028FBD02EBB0123A3
:10833000A17963703846FFF76BFE6378012B02D09A
:108340004FF4E961E1E71A4AD364A2F5E042136011
:10835000174BD3F84C5530462946FFF7D5FD236916
:10836000ED1AF6B9134B33F817304FF47A7203F560
:10837000FA73B3FBF2F35819F8BD012EE8D10223CA
:10838000A17963703846FFF71BFE6378022B02D099
:1083900040F25171B9E7064BDE64A3F5E0435E603D
:1083A000D6E705F12900E7E7B812002000100040E9
:1083B00000800040CCCD020008B5FFF75BFE58B945
:1083C000064BC3F84005A3F5E04301221A610220E1
:1083D000BDE80840FCF792BB08BD00BF008000402C
:1083E00073B5234B2349D3F80443234D02224FF0A6
:1083F000FF30C3F80803C1F880212049C3F80022E8
:1084000000226A85C1F8402501F5B8314FF4602695
:10841000C1F80865D3F85015C9B204F01004D1B101
:108420008DF80700C3F8102101221A619DF807207A
:1084300012B1D3F810213AB19DF807305BB940F67C
:10844000FF013E20F9F7B6FD9DF80720013AD2B2B0
:108450008DF80720EAE7FFF77FFD054B0022C3F800
:1084600010212A8014B11022C3F8042302B070BD79
:108470000010004000E100E0B81200200080004041
:1084800038B51B4D0024C5F84845C5F84445C5F826
:108490004045C5F84C45FFF7A3FF00F037FC154BEE
:1084A00015491A6A1C6242F0446242F40032C1F873
:1084B0000825C3E90544DC70104BC5F84845022285
:1084C000C5F84445C5F84045C5F84C45C5F8484190
:1084D000C5F84441C5F84041C5F84C41C3F8802077
:1084E000BFF34F8FBFF36F8FC3F8802138BD00BF3C
:1084F00000800040B812002000F0014000E100E0E0
:1085000070B50F4D2C7806461CB96C70EC706C85FC
:1085100070BD18B1BDE87040FFF762BF013C18BFE5
:108520000124AA7896212046FFF790FC2E80AA7895
:1085300085F82A6001462046BDE87040FFF73CBF41
:10854000B8120020014BC3F83C05704700100040F2
:1085500010B50FC8014C84E80F0010BDFC120020BC
:108560000A490B4B10B5C1F80405012483F82B40D0
:108570005862FFF795FC40B9064BC3F840050C6103
:108580000320BDE81040FCF7B9BA10BD0010004050
:10859000B812002000800040084B10B5C3F8040555
:1085A000074B012283F82B205862FFF779FC044621
:1085B00008B9FFF715FF204610BD00BF00100040AE
:1085C000B8120020174B1A6910449A69824210B5FC
:1085D000154C09D30220FCF791FA0023C4F840356A
:1085E000124B01221A610CE00122DA706264D4F8A5
:1085F00044150531814205D30C4BD3F804110029F1
:10860000F0D010BD0022C4F84421C4F844051A6A11
:1086100042F480021A62064B4FF48002C3F804252C
:10862000EFE700BFB81200200080004000100040BB
:1086300000F0014010B50B4C0346607F217F22798A
:1086400001284FF0960009D100F038F9A36922699A
:108650009B1ABDE810401844FFF7B4BF00F048F97A
:10866000F4E700BFB8120020044BC3F86005D3F84C
:10867000002242F04002C3F8002270470010004080
:10868000054BD3F8002222F04002C3F8002200225A
:10869000C3F86025704700BF001000400A4A014639
:1086A000D2F81C0182B068B1D2F8483503F07F03DC
:1086B0005B420B700023C2F81C31D2F81C310193CD
:1086C000019B012002B0704700100040034B0028BE
:1086D00014BF0222012299701A707047B81200204C
:1086E000054B0022C3F84025044AD2F85035DBB2CE
:1086F0000BB101231361704700800040001000405F
:108700002DE9F04700F0E2FF4D4C4E4E4FF00109CD
:10871000C4E90C01C6F84C90D6F84C35A363FFF7BA
:108720001BFC494B226AC3F808250025474A2562ED
:10873000C3F8AC55D2F8003223F48E7323F0010352
:10874000C2F80032D6F84835A361D6F844356361E3
:1087500063786377D2F80C8184F82B50D2F810112B
:10876000FFF764FB6778022F4FD1E37813B1D6F897
:10877000443113BBB8F1000F26D0FFF727FB50BBE5
:10878000FFF744FB38BB314BD3F85034D90122D525
:108790001A0705D013F0F00F02D013F4706F1AD13E
:1087A0002A4AC3F304410129D2F8542413D1012ADF
:1087B00011D0C3F34253022B0DD80120FFF7A0FEC6
:1087C000636CBDE8F0471847002937D00120FFF758
:1087D00097FE236DF5E7237923770020258DFFF79A
:1087E0008FFE1A4BD3F80034DB070CD5636A587838
:1087F000A84294BF00200120A36C002180F001005A
:10880000BDE8F04718470120F6E7012F13D123797F
:108810002377B8F1000F06D02846FFF771FEE36C0E
:1088200039462846ECE749B13846FFF769FEE36C64
:1088300041464046E4E709B14846C8E7BDE8F0874D
:10884000B81200200080004000F0014000100040FD
:10885000024B03EB8003186C704700BF54CD02003D
:10886000024B03EB8003D86C704700BF54CD02006D
:10887000024BC0B2C3F80C05704700BF00100040A7
:10888000064A4FF47A7332F91120584300F2E73068
:108890001044B0FBF3F00238704700BFB8CD0200BF
:1088A000054A4FF47A7332F9112000FB033010446B
:1088B000B0FBF3F0704700BFB8CD020038B51D46DD
:1088C0000A4B33F9114003EB820305359B681C44C6
:1088D00004F6B7344FF47A7303FB00441046B4FB3C
:1088E000F3F4FFF7B5FF2544284438BDB8CD0200A6
:1088F00070B5064608461546FFF7B2FF094B03EB75
:1089000085039C684FF47A7304F6B73403FB06447E
:10891000241A2846B4FBF3F4FFF79AFF05302044ED
:1089200070BD00BFB8CD0200024B00221A705A7011
:108930009A7070470C1300202DE9F0410546012084
:108940000C4617469846079EFFF700FA9DF824301C
:1089500005F0030141EA0341244B41F08071C3F863
:108960000415234B214604F11002184651F8044B1C
:1089700043F8044B9142F9D11E499DF81830C0F8D4
:1089800014800761CB763368CB6173680B62174B39
:10899000194AC3F808051268062A09D001321FBF18
:1089A000D3F81825BDF8200060F30702C3F8182596
:1089B000124B134AC3F8082515F0FB0F01BF114AEB
:1089C000C3F89825FC3AC3F89C250122022D4A7071
:1089D00081F8245007D8054B0A700021C3F8001114
:1089E000C3F800121A60BDE8F08100BF00F000403B
:1089F0000F1300200C130020F014002000F00140A1
:108A00000000020200F1004070B5194C637823B9F0
:108A10004FF4D5713C20F9F7CDFA164BC3F80C157D
:108A2000C3F8100594F824500122A270C5B9247827
:108A30000CB99721EEE7104CC3F804514FF4003500
:108A4000C4F80455D3F8006116B15A60C4F808554B
:108A50000B7803704B78043343708B78837070BD50
:108A600000212270C3F80411C3F800221A60F6E74F
:108A70000C13002000F0004000F001400E4A08B541
:108A8000537823B94FF4DF713C20F9F793FA0B4B7D
:108A9000C3F80C150121C3F81005917012780AB9BA
:108AA000BA21F1E70022C3F80421054B4FF0007210
:108AB000C3F8042508BD00BF0C13002000F00040DF
:108AC00000F00140084B1A784AB10849084AC1F839
:108AD00008250022C1F89825C1F89C251A700022AB
:108AE0005A709A70704700BF0C13002000F00140CC
:108AF00000000202194B1B7870B523B94FF4F271D4
:108B00003C20F9F757FA164CD4F80431BBB90223CC
:108B1000C4F80433134B144E1D691A6942F0100255
:108B200005F010051A61D4F804317BB125B90D4A5E
:108B3000136923F0100313610223C4F80833084BB0
:108B4000D3F80004003818BF012070BD4FF4004373
:108B5000C6F8803106F00CFAE5E700BF0C130020E0
:108B600000F0004000ED00E000E100E0014B0122D8
:108B70009A60704700F0004010B5FFF71BF988B10C
:108B8000224B1B68063B083333D9214AD2F83C37C5
:108B900023F0004323F0FF0343F0004343F0960328
:108BA000C2F83C37FFF722F9194C38B1D4F84037F6
:108BB00023F47F4343F4B053C4F84037154BC4F853
:108BC000783700F0D3F838B14FF08053D3F8303312
:108BD0005A1C18BFC4F84C374FF01023196E4B1CA9
:108BE0001FBF0B4AD2F88C3561F31743C2F88C359E
:108BF00010BD074AD2F83C3743F48063C2F83C37D3
:108C0000FFF7D8F80028C0D1CCE700BFF41400204B
:108C1000001000402C00008908B50146FFF7E6F877
:108C200098B10B790948022B4FF08053D0F8882572
:108C3000D3F8203322F4FE420CBFC3F30663C3F320
:108C4000062342EA0323C0F8883508BD001000401F
:108C50002DE9F04F264C85B0054698460E4617463E
:108C600000F0C8F82378AB42814611D16378B34253
:108C70000ED194F90230BB420AD1E378834207D186
:108C8000A388A8F8003094F9060005B0BDE8F08F7D
:108C9000012D06D0022D10D040F289410620F9F7AF
:108CA00089F900200DF10F033A46314600F0A8F88B
:108CB000824620B14621A920F1E70120F2E73046A3
:108CC0009DF90FB0FFF770FAA91E4A4203464A41C8
:108CD000CDF800A04146584600F03CF8B8F8003006
:108CE000A071A38025706670A77084F80390CAE70E
:108CF00044000020014B1B681B68184764000020DB
:108D0000014B1B685B68184764000020014B1B681F
:108D10009B68184764000020014B1B681B691847BB
:108D200064000020014B1B685B6918476400002049
:108D3000014B1B689B69184764000020014B1B68AE
:108D4000DB69184764000020014B1B689B6A1847C9
:108D50006400002030B4044C9DF80850246802954B
:108D6000E468A44630BC604764000020014B1878DA
:108D7000704700BF9C17002010B500220C49134615
:108D800040FA02F4E40744BFCA545C1C02F1010239
:108D900048BFE3B2042AF3D1054AFF24D118032BBC
:108DA00001D9107110BD013301F8014BDBB2F6E7B8
:108DB000A8170020EBED0000F1ED0000F3ED00003E
:108DC00019EE0000F7ED000023EE0000FDED0000BD
:108DD0002DEE000003EE000039EE00000FEE000063
:108DE00013EE000005EE00000BEE000029EE00007F
:108DF00033EE0000014B187D704700BF4013002088
:108E0000042810B511D883B104280CBF10242824DD
:108E1000A1420AD2064C54F8200018B141568A42A9
:108E2000A8BF0A461A70002010BD6FF01500FBE7BE
:108E30004013002030B50346114890F91C209A4297
:108E400019DD90F924209A4217DA9A1A846AA05CF4
:108E50000C4A15569D420DD00E32002918BF013024
:108E60009442C0B206D129B1013BDBB2012B01D83B
:108E70000130C0B230BD0D20FCE70020FAE700BF92
:108E800040130020E4CD020008B5054B93F91C30D7
:108E9000984203DAFFF7CEFF024B1B56184608BD77
:108EA00040130020E4CD020008B5184B93F82C20A5
:108EB000FAB9012283F82C20154A1268A2F10800A1
:108EC000082803D813490141C90709D5911F092969
:108ED00010D9013212D04FF4DF71742002F0F2FA8F
:108EE0000D4A9A62D8221A6283F8242008229A61D5
:108EF0001A7708BD094A0A41D207ECD4084A9A6297
:108F0000D8221A6283F824200422F0E740130020BC
:108F1000F0140020DEFEFFFF1FCE0200EEFCFFFF7C
:108F2000F2CD020010F0FF0008B508D14FF08043E9
:108F300001225A60C3F80001034B187008BD7C2160
:108F4000B52002F0BFFA00BF6D130020014B0122D3
:108F50001A7070476D13002008B548B94FF0804370
:108F6000D3F8003113B9044B187808BD0120FCE791
:108F7000C221B52002F0A6FA6D130020044B186838
:108F8000062818BFB0F1FF3F0CBF0120002070473A
:108F9000F014002008B5094B1A680A2A02D1084BC0
:108FA0001B6823B1FFF7EAFF08B9082A04D14FF084
:108FB00080430222C3F8342C08BD00BFF014002007
:108FC000F4140020F8B50F4E0127375404460D461F
:108FD00005F03FFF60B934B94FF08043B77075605A
:108FE000C3F80473F8BD40F225116D2002F06AFA4F
:108FF000002DF7D01CB92046A8477460F2E74FF463
:10900000A071F2E770130020044B191800228A7037
:1090100003EB80011A544A60704700BF70130020B0
:10902000014B9881704700BF70130020014BD88915
:10903000704700BF70130020014B9889704700BF34
:109040007013002010B5EFF3108472B6064B034482
:109050001A7C0132D2B21A741B7C012B01D105F0AB
:10906000ECFE04B962B610BD7013002010B505F017
:1090700018FF05F0EEFE4FF08044084940B1FFF7BD
:1090800089FF0123236104238B740023CB7410BD5B
:1090900003238B740123C4F80433F6E77013002014
:1090A00010B5EFF3108472B6094B03441A7C22B951
:1090B00040F257216D2002F005FA1A7C013AD2B233
:1090C0001A741B7C0BB9FFF72DFF04B962B610BDF3
:1090D00070130020024B987C003818BF01207047A5
:1090E0007013002073B51B4D6B7D63B9286A00F0C7
:1090F000030005F0C6FE30B1EFF3108372B6AA7C10
:109100001AB103B962B602B070BD0122AA7403B9E4
:1091100062B64FF080430822C3F808234FF420734F
:10912000ADF80630BDF80640A4B2631E9BB2ADF8A0
:109130000630002CF6D14FF080460748C6F80C41A7
:1091400005F0F8FE85F82540FFF790FF0823C6F8E4
:109150000433D8E770130020941300202DE9F3475F
:10916000484C237D002B00F08A800323ADF80430A7
:109170004FF08043D3F80051F5B9D3F80481B8F12A
:10918000000F09D04FF080430022C3F804210222CF
:10919000C3F80823FFF7A6FF94F825603A484FF07C
:1091A0008047F6B2D7F80C8105F0C8FE48B340F20C
:1091B00043316D2002F086F900258DF8045001221C
:1091C000D3F80481C3F808230DF10409271DA61C58
:1091D00019F8010B03280AD0337843B13B684FF0EC
:1091E000000A86F800A013B19847C7F800A06B1CCE
:1091F000022B07F1040706F101064FF00105E7D144
:10920000BDE745B1A37C032B05D10423A374FFF76D
:10921000C1FE01233B61B8F1000F1FD04FF0804326
:109220000022C3F80C21A37C042B02D040F2693148
:10923000BFE7164B1A680A2A02D1154B1B6823B1E7
:10924000FFF79CFE08B9082A04D14FF080430022A2
:10925000C3F8342C0223A37405F026FE4EB100237C
:1092600084F82530A37C022B01D1FFF7FFFE05F027
:109270001BFE054802B0BDE8F04705F06EBE02B027
:10928000BDE8F0877013002094130020F014002034
:10929000F414002010B5054C206A00F0030005F01E
:1092A000F0FD0028F8D0002010BD00BF7013002092
:1092B000F8B5054650B10278042A07D8437842B978
:1092C000013B1F2B02D88378212B07D96FF01500A3
:1092D00075E0002BFAD18378002BF7D17B4B012767
:1092E000C3F88070BFF34F8FBFF36F8F4FF080468E
:1092F000C3F88071764C0B23C6F808330023C6F8F8
:109300000031C6F80431C6F80C3123746374AB889D
:10931000E38105F0A1FD08B127702774D6F80C246D
:10932000D6F80C34D20303D5DF0701D5FFF70EFEC4
:109330004FF4AF63A3812B78A97863750022226272
:10934000A175E274042B4DD8DFE803F005033A4819
:109350004A000123236205F086FD00284DD005F068
:1093600089FD236A03F00303984246D1AB79002BB1
:109370003DD1FFF78FFFA37D6BB12B785BB905F073
:1093800068FD054602F0F0F96FF00043002D00F093
:109390009980C4E906034FF08043D3F80C24D3F836
:1093A0000C34D20303D5DB0701D5FFF7CFFD474AC5
:1093B00001230020A0742375C2F880311360F8BD2A
:1093C00005F06FFD4FF08043D3F80C14D3F80C2454
:1093D000CE03F9D5D007F7D50223BBE73D4BB9E75C
:1093E0003D4BB7E740F21E516D2002F06BF84FF095
:1093F00080430222C3F80423BDE74FF080430122DB
:10940000DA600022C3F80421226AC3F81825334A1F
:109410001368A3F10E01012904D90A2B02D0FFF72A
:10942000ADFD48B14FF080534FF08041D3F8443246
:10943000C3F34233C1F83C351368A3F10E02012A8D
:1094400004D90A2B02D0FFF799FD20B14FF08043D9
:109450000122C3F84C254FF0804301229A6002227A
:10946000C3F80423AA79002A85D1D3F804239107ED
:1094700002D440F2D141B7E7194A1669116941F0A7
:1094800010011161D3F8043106F010060BB905F094
:1094900071FD4FF08047D7F8043183B1FFF7FAFE32
:1094A00026B90F4A136923F0100313614FF080436C
:1094B0000222C3F808230022C3F804215BE705F069
:1094C00057FDE8E7C4E9063065E700BF00E100E0CA
:1094D000701300200100020001000300F0140020BE
:1094E00000ED00E010B50D4C04F1240005F026FD60
:1094F00048B9A37C022B01D1FFF7B8FDBDE81040AD
:10950000074805F02ABD074A012384F82530BDE845
:109510001040C2F8003105F0C4BC00BF7013002039
:109520009413002000E100E038B50C4B0C4619798B
:1095300019B183216F2001F0C5FF60B95D790DB1CC
:10954000002038BD01225A71FFF77CFD21462846D4
:10955000FFF738FDF4E76FF01500F2E798130020ED
:1095600038B50B4D2B7904461BB19A216F2001F0C1
:10957000A9FF50B96B790BB9002038BDFFF744FD46
:1095800020466C71FFF78CFDF6E76FF01500F4E7ED
:1095900098130020014B9B68184700BF98130020C8
:1095A000014BDB68184700BF98130020014B1B6973
:1095B000184700BF98130020034B1A790AB9FFF728
:1095C00035BD988D704700BF98130020034B1A7962
:1095D0000AB9FFF731BD988A704700BF9813002081
:1095E000024B1B790BB9FFF77DBD70479813002024
:1095F000014B9B69184700BF9813002010B5144C0D
:109600002379A3B1636A9847002806DB94F82E30CB
:1096100023B1012384F83030002010BDFFF7E8FFAC
:109620000028F6DA40F28D116F2001F04BFF094B54
:10963000A361094BE361094B2362094BA360094B0A
:10964000E360094B2361FFF733FE0028E1D0E4E734
:109650009813002095920000E5940000D59000003A
:10966000A3EE0000A9EE0000AFEE000038B5084BF5
:109670001D79044625B140F2E1116F2001F022FF6F
:1096800001F024F82046FFF7CBFC284638BD00BF88
:109690009813002008B5074801F006F8054800F0C7
:1096A0001FF801F011FA01F0F3F900F01DFB0120A1
:1096B00008BD00BFCC13002001F0A4BB103001F0A6
:1096C00027B800BF01F03CB801F098BC01F060BDC4
:1096D00001F014BC08B52721032001F0F3FE00BF00
:1096E000024B186000221A719A607047D413002050
:1096F00070B582B01E4C2379012B11D0DAB2022A48
:109700000BD1A0680DF1070100F014FB0023A3604A
:1097100023719DF8070002B070BD012002B070BD3A
:10972000A0680DF1070100F0FBFAA5686B7DDB076F
:10973000ECD5AB7F042BE9D001F046F806460028B3
:10974000E4D001F047F82A69B3682E686D6896196D
:1097500045F1000500220A3342F100021B1842EBDA
:109760000102B342AA41D1D3A06800F085FCCDE745
:10977000D4130020837F0BB10020704710B50A6816
:109780004B688C68D1F80CC0C0F80CC084600260D3
:1097900043600A694B694361012402618477054B88
:1097A0001A792AB998601C7100F0A4FF204610BDF8
:1097B000FFF790FFD413002070B5044682B00D4629
:1097C00001F002F8A37F012B17D02B686A68A96803
:1097D0000646E868E060A160236062606A692B6900
:1097E000626101222361A2770DF10701204600F09A
:1097F00097FA2EB1012002B070BD002002B070BDFA
:10980000024B0421186805F066FBF3E7D41300202F
:10981000024B0621186805F05EBB00BFD413002080
:1098200010B5084B1A7952B90446986002221A7191
:1098300000F060FFA07FB0FA80F0400910BDFFF794
:1098400049FF00BFD413002038B5837FC3B104465D
:1098500009E0A37F042B09D0A37F012B11D005F0D1
:1098600087FBA37F63B1A37F032BF2D1EFF31085B6
:1098700072B6204600F0BCFA05B962B6A37F2BB9D8
:1098800038BD4FF48271032001F01CFEFF2103203C
:1098900001F018FE70B5054600F096FF08B30446C7
:1098A00000F098FFA4680346E41841F1000628463A
:1098B0003346224600F072FBA04271EB06034FF0E4
:1098C00000050CD3001B6FF0010361EB060183421E
:1098D00075EB010100D370BD4FF0FF3070BD28461D
:1098E00070BD40F22911032001F0ECFD2DE9F0419B
:1098F00004460F4600F068FF10B385680023621924
:109900005B41064613B10020BDE8F08100F062FF24
:109910002A1841F100033846A51843F1000800F069
:109920003DFBA84271EB0801EDD301F06BFA00F0AA
:1099300019FAB368377523440120B360BDE8F0819C
:109940004FF4A371032001F0BDFD00BF00F042BF42
:10995000F8B50369002B4ED1044601F053FA0546D1
:109960000E46FFF723FE78B3D4E90003643546F1D1
:109970000006A84273EB060223D3C4E90003EFF309
:10998000108672B600F020FF054698B100F022FF65
:10999000AB6800220B3342F100021B1842EB0101BD
:1099A000D4E90002834271EB02053CBF0346114635
:1099B000C4E9003106B962B62046BDE8F84000F0BF
:1099C00083BB28463346D8E7FFF700FE074600F082
:1099D0000FFFB8422168626838BF3846963546F1B5
:1099E0000006401946F10003884273EB02053CBFB4
:1099F00008461346C1E74FF4D171032001F062FD20
:109A00001C4B1868A0B350E9063130B550F8104C23
:109A100013F10A02036841F100011519A0F11800C1
:109A200041F1000C1BB922E014D31B68FBB153E9D0
:109A30000621AA4271EB0C0419D290F814E013F835
:109A4000044C7445F0D19C88B0F81CE0A4EB0E04E3
:109A50002404EAD553F8100C0A3241F100018518AC
:109A6000A3F118001B6841F1000C002BDFD130BDC1
:109A7000704700BFE013002070B5264D00236B60D7
:109A8000EFF3108172B6AA686A60AB60EB6009B947
:109A900062B66A6872B3204C00269379032BA2F158
:109AA000180028D0136873B39A79042AA3F1180315
:109AB0008446A6460FD1818B9A8B521A12049A695A
:109AC00044BF0CF1180E184642B19C46A2F118038F
:109AD0009A7F042AEFD09B7F032B16D1DEF800205B
:109AE0001368CEF800300221C368867798476A6809
:109AF000002AD2D170BD116852F80C3C9671696091
:109B000001219847F3E7A646EAE763219F2001F089
:109B1000D9FC00BFE0130020E41300202DE9F04F32
:109B20006F4B04681B68456883B08283427D06469C
:109B3000894602F00102002B00F0CB80A3F1180C43
:109B4000002A6ED0DCE90001844275EB0107644A0B
:109B50002FD39CF81420337D9A421BD8DCF80830B0
:109B60001B1841F1000113F10A0E41F10007744581
:109B700075EB070280F0A8803269121945F10000E8
:109B8000964577EB000801D2724638469A428841E2
:109B9000C0F08280DCF818300CF11802002B00F0C5
:109BA0009180A3F1180CDCE90001844275EB0107F8
:109BB000CFD21F466346B068001945F10008002B5C
:109BC00044D0CDE90027CA46D3E9007110F10A0C50
:109BD00048F10002674571EB020245D21A7D96F802
:109BE00014C0944519D39A68D21941F1000112F1B9
:109BF0000A0941F1000E4C4575EB0E0745D2376955
:109C00003F1945F1000CB9457EEB0C0B01D24F46D4
:109C1000F44697427CEB010C3DD39B6923B3183B80
:109C2000D2E7DCE90001844275EB01012C4A0CD338
:109C3000DCF818300CF118023BB1A3F1180CDCE988
:109C40000001844275EB0101F2D21F46334643F80E
:109C5000187F1360FFF7D4FE864210D0002389F8E6
:109C6000003003B0BDE8F08FDDE900273346D14670
:109C700043F8187F1360FFF7C3FE8642EED101233D
:109C800089F8003003B0BDE8F08F2746AC46974214
:109C90007CEB010CC1D2D146114A0423B377916801
:109CA000002333767376B376F37606F118020C4B05
:109CB00069B1DB681A600B4B09491878CA6001F07A
:109CC000B9FDCBE71F4676E7224628465EE79A6055
:109CD000F1E712B91746024AB8E7014A1F466AE798
:109CE000E01300206800002010B50A4C2378FF2BF9
:109CF0000AD1094801F074FD084B207000221A6057
:109D00009A60DA601A8210BD4FF48D719F2001F0C5
:109D1000D9FB00BF68000020799A0000E013002002
:109D2000034B1A8A02F1010CA3F810C0FFF7F6BE2C
:109D3000E013002038B504460D46FFF761FE0346E8
:109D4000E31AB3FA83F35B0905482B7004F1180199
:109D500005F0E7F810B10023A377012038BD00BF5C
:109D6000E01300202DE9F0431F4E34686CB34FF030
:109D700000083546C6464FF004092346246853F8C8
:109D8000187C53F8082CD21953F8147C47F1000CB6
:109D900082427CEB010C1AD22A6812682A6083F88E
:109DA0000690B26883F800E083F801E083F802E0EF
:109DB00083F803E07AB1F2681360F3604FF00108B2
:109DC000002CDAD1B8F1000F07D1BDE8F0831D46B1
:109DD000002CD2D1F6E7B360EFE7044BBDE8F043C7
:109DE000187801F027BD00BFE013002068000020B4
:109DF00070B5154EB368054600F11801BBB1B368E4
:109E0000002423B913E01A681C4682B11346994214
:109E1000F9D10CB1AA692260B268914204BF1B68F3
:109E2000B360F36899420AD00023AB7770BD07484E
:109E300005F077F80028F9D00023AB77F6E7002388
:109E4000F460AB77F2E700BFE0130020E4130020DA
:109E50002DE9F843484E3468002C00F087804FF01D
:109E600000080F460546B14641464FF0040E234612
:109E7000246853F8180C53F8082C121853F8140CD3
:109E800040F1000CAA427CEB070C69D2D9F8002003
:109E90001268C9F8002083F806E0B268197059709A
:109EA0009970D970002A5FD0F2681360F3604FF0A8
:109EB0000108002CDBD1B8F1000F03D02F4B18782C
:109EC00001F0B8FC3368002B50D053E90612A942C8
:109ED00072EB070053F8100C3CBF29463A46A3F139
:109EE000180C0A304FF000041B6844F100040918F4
:109EF00042EB04021BB92DE016D81B6853B353E99B
:109F00000604884274EB020E24D29CF8148013F8E5
:109F100004ECF045F0D1B3F804E0BCF81C80AEEBE3
:109F2000080E1EF4004FE8D0854277EB040E294658
:109F300038BF014653F8100C3A46A3F1180C38BF4D
:109F400022461B68091842F100020A3142F1000260
:109F5000002BD4D10CF1180373616046BDE8F8837F
:109F60009946002C83D1A6E7B3609FE700239C4667
:109F700073616046BDE8F883E013002068000020AC
:109F800010B5054C6169204604F0CBFF18B160693B
:109F900000231838636110BDE01300201C490968D4
:109FA00039B3A1F1180C9CF8141081421DD870B57A
:109FB000DCE9004112F10A0543F1000EAC4271EBFD
:109FC0000E0620D2DCF81060341941F10001AC42D9
:109FD00071EB0E0115D2DCF8181071B1A1F1180C5B
:109FE0009CF814108142F6D8E2E7DCF8181000293A
:109FF000D7D14FF0FF30014670474FF0FF30014698
:10A0000070BD2C467146B4F10A0041F1FF3170BDBC
:10A01000E013002010B5837F022B06D0837F012B35
:10A0200002D0837F042B1DD110BD437D13F00203AA
:10A0300013D103210E4A81779468037600F1180149
:10A0400043768376C3765CB1D3681960094BD160DF
:10A05000BDE81040187801F0EDBB0023837710BDF8
:10A060009160F3E74FF4FF719F2001F02BFA00BFDE
:10A07000E01300206800002070B5114D00F11806B3
:10A0800004463146284604F04CFF98B10423A377D8
:10A09000AA68002323766376A376E37642B1EB6861
:10A0A0001E60084BEE601878BDE8704001F0C2BB3E
:10A0B000AE60F6E74FF402719F2001F003FA00BF93
:10A0C000E0130020680000202DE9F04F066983B0FE
:10A0D000002E70D1D0E900158368077DEFF310845E
:10A0E00072B6DFF8DCC0DCF80020002A5CD013F187
:10A0F0000A0EBCF81080CDF8048046F10006183A2C
:10A10000B046D2E9003611EB0E0A45EB08099A4534
:10A1100079EB060C48D38B4276EB050C28D3D2F8AA
:10A1200010C01CEB030C46F1000BD4457BEB090B74
:10A1300034BF4FF0010C4FF0000CBCF1000F13D0F6
:10A1400092F814C0BC4526D034BF4FF0010C4FF03C
:10A15000000CBCF1000F07D013F10A01936846F11F
:10A160000005591845F100059269EAB1183AC8E7A7
:10A17000D2F808A013F10A0C46F100091AEB0C0CF6
:10A1800049F10009614575EB090934BF4FF0010C35
:10A190004FF0000CD1E7B2F81CC0DDF80490ACEB36
:10A1A000090CCCF3C03CD4E704B962B6C0E9001591
:10A1B00003B0BDE8F08F40F227219F2001F082F923
:10A1C000E0130020024B0521186804F084BE00BF94
:10A1D000F8130020054B586810B1C36805211847D3
:10A1E00010B54FF41B71B02001F06CF9F81300208A
:10A1F0002DE9F0471646002B55D0D3E900894B4C8A
:10A20000804579EB0103A38A3CBF804689466433CD
:10A21000B8EB000569EB01070022AB422261BA41AD
:10A22000C4E9028916DBA36903F2A3139D4277F107
:10A23000000769DA3E4AC4F8288040464946C4F817
:10A240002C9000F003FD3B4A052384F83030326047
:10A25000BDE8F087627F237F1AB19A071ED40022DF
:10A26000627703F0010AA36903F2A3139D4277F119
:10A2700000072EDABAF1000FDCD0A08A2C4AB8EB26
:10A28000000069F10001C4E90A0100F0DFFC0623C7
:10A29000284A84F830303260BDE8F087236A012014
:10A2A0009847237FDBE7214C637F2BB1237F9B07FC
:10A2B00002D5236A012098470025657700F0ECFF5E
:10A2C000FFF76EF92B461C4A84F830303260BDE847
:10A2D000F08700F0E1FFFFF763F9A08AA369BAF104
:10A2E000000F01D0984215D8B8EB0300104A69F16D
:10A2F0000001C4E90A0100F0A9FC02230D4A84F818
:10A3000030303260BDE8F08700F0C6FFFFF748F953
:10A31000A369E9E7B8EB0000054A69F10001C4E967
:10A320000A0100F093FC034A01238EE7F813002092
:10A33000C5A1000081A4000079A6000002392DE922
:10A34000F04104292DD8DFE801F00309292C0C0085
:10A35000164A137F003B18BF012353770020BDE846
:10A36000F081044600F03EFC00F04CFD0E4607462E
:10A37000FFF76EFD0D4D80466868FFF74BFE2246E5
:10A38000384631464346002400260027C5E90267C7
:10A390006C60FFF72DFF0220BDE8F081FFF7A8F900
:10A3A000DCE740F21721B02001F08CF8F813002010
:10A3B0002DE9F84F2E4C637FA769804683BB94F844
:10A3C0001C9019F0010934D100F01CFD10EB070BB3
:10A3D00041F1000A05460E4658465146FFF738FD42
:10A3E000A8B3D0E900329B457AEB02011BD30023CE
:10A3F000204AA56228463146C4E902BAE6622361D2
:10A4000000F024FCB9F1000F18D0A38A1A4A9F4229
:10A4100016D0022384F83030C8F80020BDE8F88F49
:10A420004FF00009D0E7DD1B9B4662F10006924623
:10A43000DDE7A38A9F4238BF1F46C5E70E4AE8E71B
:10A44000012384F83030C8F80020BDE8F88F637F1E
:10A450002BB1237F9B0702D5236A01209847002355
:10A46000064A84F830306377C8F80020BDE8F88FDA
:10A47000F8130020C5A1000081A4000079A6000007
:10A48000023970B50546032900F2EB80DFE801F0E0
:10A4900006024508754B002283F83120002070BD6C
:10A4A000724C94F830301A1F012A40F29F8000F05D
:10A4B000A9FCA26A2369801A9842B8BF184694F88A
:10A4C00030302061022B7FD0237FD90740F1C48038
:10A4D000607F002840F0C080236A9847012363779B
:10A4E00094F83020022AD4E902034BD0012A70D01C
:10A4F0002269323843F1FF31101841EBE2715C4AB6
:10A50000C4E90A0100F0A2FB94F83030062B0CBF1E
:10A510000523042384F83030C0E7544C94F83030DD
:10A52000042B0FD8022B25D8013B012B00F28F8082
:10A53000FFF7DEF80028B1D000F052FC2846FFF704
:10A5400037FF15E0053B012B00F28180FFF7D0F8C3
:10A550000028A3D000F044FC00F054FC06460C4652
:10A56000FFF776FC2A46034621463046FFF740FEB9
:10A57000022070BDFFF7BCF800288FD0012384F8BB
:10A5800031308BE7227FD2070ED5627F62B9A18A74
:10A59000374A401A63F10001C4E90A0100F056FB92
:10A5A000032384F8303079E72169314A323843F1A6
:10A5B000FF33401843EBE171C4E90A0100F046FBA8
:10A5C000042384F8303069E700F05EFEFEF7E2FF16
:10A5D00086E7A169264A401A63F10001C4E90A012D
:10A5E00000F034FB022384F8303057E7042B94F852
:10A5F000316019D0002EAFD1FFF7C2FC0028ABD0DC
:10A600006060C4E90D6600F0E1FA606802238377B8
:10A610003146C3689847D4E90201FFF7A3FB154B05
:10A6200084F830602B60A3E700F03EFE0028E1D103
:10A6300000200021FFF70CFC08B1FFF71DFD00F022
:10A640002BFEFEF7ADFF2846FFF7B2FE90E74FF472
:10A65000CD71B02000F036FF40F2B311B02000F011
:10A6600031FF40F2F111B02000F02CFFF813002070
:10A67000C5A100003DA30000032910B506D801299B
:10A680000AD840F25D11B02000F01CFF0429F8D177
:10A690000446FFF72DF808B9002010BD2046FFF74B
:10A6A00087FE022010BD00BF10B5064A064C0260AE
:10A6B0000023206084F830302377FEF787FF513085
:10A6C000A06110BD79A60000F813002008B5074B63
:10A6D000074A19680968914202D15130986108BD52
:10A6E00040F25121B02000F0EDFE00BFF813002031
:10A6F00079A6000010B5EFF3108472B6034B042165
:10A70000186804F0E8FB04B962B610BDF813002025
:10A7100008B5094B5A684AB1D3E902218018BDE84F
:10A720000840064A41F1000100F090BA40F272215F
:10A73000B02000F0C7FE00BFF8130020D5A1000034
:10A7400008B5064B5B681BB1BDE8084000F048BB8C
:10A750004FF41E71B02000F0B5FE00BFF8130020CA
:10A7600008B5054B5A680AB1586308BD40F27E210E
:10A77000B02000F0A7FE00BFF813002008B5054B7D
:10A780005A680AB1986308BD4FF42171B02000F0F7
:10A7900099FE00BFF8130020044B9B6B03B11847D0
:10A7A00010B540F28A21B02000F08CFEF813002092
:10A7B000044B5B6B03B1184710B54FF42471B02004
:10A7C00000F080FEF8130020014B5868704700BF6E
:10A7D000F813002008B5054B5A6812B1D3E90201FD
:10A7E00008BD40F29B21B02000F06CFEF813002061
:10A7F000034B187F10F0010018BF988A704700BF04
:10A80000F8130020054B1B681BB1D3E90820042175
:10A81000104710B57221452000F054FE3814002076
:10A82000054B1B681BB1D3E908200321104710B565
:10A830006C21452000F046FE381400202DE9F0413F
:10A8400004460D4679B9174F3B683BBB16483C6040
:10A85000FFF786FF1548FFF791FFFFF777F8637D55
:10A860005B07064605D4D4E908302946BDE8F04127
:10A870001847FEF729FF2036361A7E6000F03EFBAF
:10A880000028FBD00A4B0022C3F8A8252946C3F8AC
:10A89000AC25D4E90830BDE8F041184786214520B1
:10A8A00000F010FE3814002021A8000005A80000C8
:10A8B00000F00140024B00221A601A81704700BF6D
:10A8C0003814002008B5074B1A683AB10648D06022
:10A8D00000211960BDE80840FEF79ABFB921452064
:10A8E00000F0F0FD381400203DA80000C0E9081277
:10A8F0002022002101F0A6B830B587B04B7A0022A3
:10A900000D460592CDE900220492C3F3800282F045
:10A9100001024FF0000162F3820104462A78287A8E
:10A920008DF815108DF8140069682B48029103907A
:10A93000002A40D1D5E904209DF815C01CF0040F71
:10A94000CDE9002028D19DF815202449C3F3400308
:10A950005B0043F0010322F0030213438DF815302E
:10A960004B68C3F308038BB1103B5BB2002B1CDBBD
:10A9700003F1604303F5614393F800335B092BB99E
:10A9800069462046FEF718FF07B030BD69462046ED
:10A99000FEF7F0FE07B030BD203A01F1200140F192
:10A9A000FF30009202910190CDE703F00F031944AC
:10A9B0000B7D5B09E3E72B690493FEF77DFE9DF8B1
:10A9C00015305B07CDE9000104D5029A6B7A20327D
:10A9D0000292B8E76B7AB6E73DA8000000ED00E010
:10A9E00010B5037886B0B3B90446D0E90401CDE9C7
:10A9F0000433CDE900010393217A6368029368462A
:10AA00008DF81410FEF7A4FFDDE900230120C4E94E
:10AA1000042306B010BD4FF4AB71452000F052FD89
:10AA200070B4EFF3108672B617490D78ADB1174BBD
:10AA3000D3F80445D3F848314FF6FF7294421FD043
:10AA4000E3B147F6FE739C4218D84B68013306B950
:10AA500062B6C0E9004370BC70470C4AD2F80445A6
:10AA6000D2F8043153B14B6801334B60C2F8045142
:10AA7000D2F80445D2F80431002BF4D14B68E6E754
:10AA8000002BFBD11C46F9E77014002000B00040F9
:10AA900010B50A4C002222742277094B0948012183
:10AAA0005960C3F84025C3F840214FF400221961D2
:10AAB000C0F8082500F00CFF206210BD70140020C3
:10AAC0000080004000F001403749384BF0B44D6A37
:10AAD000374C002201204A6058609860C3F8084350
:10AAE000C3F84843C3F80421C3F84021C3F8442104
:10AAF000C3F84821002D55D02E4C2F4EC4F8A86520
:10AB00002E4AC4F8AC55C4F85C394FF40023C4F89D
:10AB100004350523C2F840351060D2F84031002BCF
:10AB2000FBD02448002301244FF40025C0F8085529
:10AB30005460D460C2F84031C2F84035C0F8A8353E
:10AB4000C0F8AC35C0F8AC350B7833B391F8284079
:10AB5000184816491A4E1B4DE30003F1804303F5D4
:10AB6000F8330122A2404FF6FF774FF48024C0F85B
:10AB70000825C1F84443C1F84875C1F80443C3F837
:10AB80001065C3F81455C0F804250F4B4FF400624C
:10AB9000C3F88021F0BC1A607047044B0222C3F84E
:10ABA0000423F2E71860CFE77014002000B00040E3
:10ABB0000200070000F0014040810040008000409A
:10ABC00048B1004008B0004000E100E0044B4FF005
:10ABD00080411A6A0123C1F808351360704700BF2D
:10ABE0007014002010B4144C1449154A0023C4F802
:10ABF000A8350120C4F8AC354FF0FF344860086137
:10AC0000C1F808430F4891684FF48074C0F8804140
:10AC100041B10D494FF48030C1F808031374C1F8F5
:10AC200040319360126A10BC4FF080410023C1F89C
:10AC300008351360704700BF00F0014000800040FD
:10AC40007014002000E100E000B00040F0B55A4C64
:10AC5000A36883B0002B40F09F802578A260002D70
:10AC60005CD1564B994200F29C80430F544E554F95
:10AC700043EAC101A6FB0132C0F34F33920B03EB51
:10AC8000014307FB1233A6FB03639B0B43EA02431A
:10AC90004D4A02FB1300420B48F2376101FB02F2FE
:10ACA000120C43F60957494907FB120000FB01F15A
:10ACB000490D43F6085601EB422207FB0161B0EB58
:10ACC000512F88BF01320026002D41D01F0C1B04DC
:10ACD0009D18684647F10007FFF7A2FEDDE9003244
:10ACE000053346F100064FF48031E2FB01369D4208
:10ACF00077EB060647D32A0C4FF6FF71ADB242EA56
:10AD00000742002D08BF0D4631494FF48030C1F88D
:10AD10004055E260C1F8040303B0F0BD2D4B9942E9
:10AD200044D8430D264E274F43EAC121A6FB0132EA
:10AD3000C0F34F13920B03EB014307FB1233A6FB47
:10AD400003639B0B43EA0243234A02FB1300A2E77F
:10AD50001F0A1B069E18684647F10007FFF760FEB2
:10AD6000DDE90032053345F100054FF08071E2FB6B
:10AD700001359E4277EB050505D3320E42EA0722E4
:10AD800026F07F45C0E7FF232374144B4FF4006285
:10AD9000C3F8002103B0F0BD40F2F921052000F016
:10ADA00091FB4FF49471052000F08CFB40F22311CD
:10ADB000052000F087FB00BF70140020FF7F841E79
:10ADC00083DE1B43000024F40080841E6F0C01000E
:10ADD00000B000407F841E0080841E0000E100E07F
:10ADE000064B9A684AB106494FF48032C1F80823ED
:10ADF00000221A74C1F840219A6070477014002034
:10AE000000B0004070B4EFF3108572B6364C207875
:10AE100020B3364BD3F80425D3F848614FF6FF73BF
:10AE20009A4252D043F60951C2F3080301FB03F3DF
:10AE3000500A01FB00F003F5807300EB5320002162
:10AE4000002E45D047F6FE739A4241D8636801331D
:10AE500025B3274A70BCE3FB02017047234AD2F8AE
:10AE60000435D2F8041111B3636801336360C2F88A
:10AE70000401D2F80435D2F804110029F4D143F6C4
:10AE8000095CC3F30802580A0CFB02F202F5807356
:10AE90000CFB00F000EB532063681DB962B622780A
:10AEA000002AD6D1134AE3FB020170BC704743F677
:10AEB0000956C3F30802580A06FB02F306FB00F02A
:10AEC00003F5807300EB5320E6E71EB10A4800212A
:10AED0006368BDE7636815B928462946DEE7044A7A
:10AEE00030463146DFE700BF7014002000B000405C
:10AEF00080841E000080841E61841E0070B4EFF305
:10AF0000108072B6384A15780DB3384BD3F8045513
:10AF1000D3F848614FF6FF739D4256D043F609546B
:10AF2000C5F3080104FB01F16B0A04FB03F301F50F
:10AF3000807103EB51230024002E49D047F6FE71A7
:10AF40008D4245D85168013108B3294824E027498A
:10AF5000D1F80435D1F804414CB353680133536040
:10AF6000C1F80451D1F80435D1F80441002CF4D1D2
:10AF700043F6095CC3F308010CFB01F15B0A01F520
:10AF800080710CFB03F303EB5123516818B962B6CF
:10AF900010780028D9D11748E1FB0034D2E90C120F
:10AFA0008B4294412CBF0120002070BC7047C3F33A
:10AFB000080143F609555B0A05FB01F105FB03F3A4
:10AFC00001F5807103EB5123DFE71EB10A4B00242A
:10AFD0005168B9E7516810B903460446D7E70448F9
:10AFE00033463446D8E700BF7014002000B000405C
:10AFF00080841E000080841E61841E002DE9F047BD
:10B00000DFF874815D4E012100234FF4002284B0EB
:10B01000C8F80410C8F84035C8F84031C8F8101016
:10B02000C6F80825D8F8042522F00302C8F804253C
:10B03000D8F8082542F00302C8F80825102292FA31
:10B04000A2F2B2FA82F2092A00F39180C8F8102520
:10B050004B4A4C4FC8F80C104FF48070C2F8800176
:10B060001060494AC8F80410C8F80C10C6F8A825A2
:10B070003A78C6F8AC8502A8002A56D0019306E0BB
:10B080000123C6F808A5C8F80430C8F80C30FFF74B
:10B09000C7FCDDE90243019D4FF4002A4FF48039DB
:10B0A000C6F804A5E3FB0945FFF7BAFCDDE9023267
:10B0B0000199E2FB0931A94208BFA342E0D1013462
:10B0C00043F60952C4F3080345F1000502FB03F3FC
:10B0D000210EC4F34E2441EA052102FB04F02D0E9B
:10B0E00003F5807300EB53204C016B01641A43EAB3
:10B0F000D16363EB0506B201A3011B1B42EA946214
:10B1000062EB0602D20042EA5372DB005B1845EBA9
:10B110000205E903DA03801841EA534141F10001D5
:10B12000C7E90C0104B0BDE8F087019206E00123F5
:10B13000C6F808A5C8F80430C8F80C30FFF770FC52
:10B14000DDE90243019D4FF4002A4FF08079C6F8F3
:10B1500004A5E3FB0945FFF763FCDDE90232019931
:10B16000E2FB0931A94208BFA342E0D1A7E70748A3
:10B1700040F29F3100F09CF90080004000F0014057
:10B1800000E100E07014002000B1004004D702008C
:10B1900070B4EFF3108572B6364C207820B3364B7E
:10B1A000D3F80425D3F848614FF6FF739A4252D082
:10B1B00043F60951C2F3080301FB03F3500A01FBF4
:10B1C00000F003F5807300EB53200021002E45D0E2
:10B1D00047F6FE739A4241D86368013325B3274A84
:10B1E00070BCE3FB02017047234AD2F80435D2F861
:10B1F000041111B3636801336360C2F80401D2F82B
:10B200000435D2F804110029F4D143F6095CC3F3E4
:10B210000802580A0CFB02F202F580730CFB00F0E6
:10B2200000EB532063681DB962B62278002AD6D19C
:10B23000134AE3FB020170BC704743F60956C3F39F
:10B240000802580A06FB02F306FB00F003F58073C0
:10B2500000EB5320E6E71EB10A4800216368BDE712
:10B26000636815B928462946DEE7044A3046314668
:10B27000DFE700BF7014002000B0004080841E0093
:10B280000080841E61841E00024B0122C3F8442307
:10B29000704700BF00B00040024B0122C3F84823B2
:10B2A000704700BF00B0004008B5FEF77FF930B925
:10B2B000074A936B0133312B936304D808BD044BC9
:10B2C00000229A6308BD40F2F531052000F0FAF83B
:10B2D0007014002010B53F4C237882B0002B55D05D
:10B2E0003D4BD3F8042352035BD43B4BE168D3F8C6
:10B2F0000423D00334D5D3F84031002B30D0636819
:10B3000099425DD800232374334AA168C2F84031C2
:10B310004FF48030C2F80803002955D0A360884755
:10B320002D4BA169D3F80423920324D5D3F84431DB
:10B330000BB363688B423FD300222277264B6169AF
:10B34000C3F844214FF40030C3F8080300293BD070
:10B350008847214BD3F840310193019B02B010BDC7
:10B360006268237C002BCDD19142D9D91A4B00229F
:10B37000C3F84021D4E76268237F002BDCD18A42E6
:10B38000E7D2154B0022C3F84421E2E7124AD2F873
:10B3900004110029A9D0C2F8043163680133636045
:10B3A000A3E7D3F84821002A9FD00022C3F8482100
:10B3B00063680133636098E7237F002BE1D0BBE72C
:10B3C000237C002BD2D09DE740F23741052000F0CE
:10B3D00079F800BF7014002000B00040014B1879CC
:10B3E000704700BFB0140020044B1A79824283BF1B
:10B3F0001B68602202FB003000207047B014002060
:10B40000BFF34F8F0549064BCA6802F4E06213434D
:10B41000CB60BFF34F8F00BFFDE700BF00ED00E042
:10B420000400FA05094B01225A604FF0FF32C3F8BD
:10B430000823074B4FF48042C3F88020BFF34F8F9F
:10B44000BFF36F8FC3F88021704700BF00E000405A
:10B4500000E100E0094B01225A604FF0FF32C3F8CF
:10B460000823074B4FF48052C3F88020BFF34F8F5F
:10B47000BFF36F8FC3F88021704700BF00C000404A
:10B4800000E100E0084B0022C3F8FC2F0122C3F8C2
:10B49000FC2F064B0222C3F88020BFF34F8FBFF36F
:10B4A0006F8FC3F8802170470010004000E100E07A
:10B4B00008B572B6024B5B6803B19847FFF7A0FF6F
:10B4C000B81400201FB572B6134B5D6895B9FFF72D
:10B4D00097FF2346B2FBF6F25C1C002AF9D104AEBA
:10B4E000DCB256FA83F303F80C2C0A2234B901A813
:10B4F000A847ECE7024600230A26EDE7631E04AEE8
:10B50000DCB256FA83F3B0FBF2F602FB16003030E1
:10B5100003F80C0C3046E9E7B8140020F8B51F4ECC
:10B52000337805460C461746A3BB00F0C5F9FDF776
:10B53000BBFC77603472FFF7A5FFFFF78BFFFFF7C7
:10B5400071FF174B002D14BF28461846FEF756F81A
:10B550000546E8B9FFF7AEF9FEF742F803F0AAFC9A
:10B56000FEF798F818B9B8211120FFF7ABFF002CAF
:10B570000CDB04F01F026409A40004F1604404F52C
:10B58000614401239340C4F8803123600123337068
:10B590002846F8BD4FF0FF35FAE700BFB814002089
:10B5A00050CE0200074B93F90830002B09DB5A09F3
:10B5B000012103F01F03994002F14003024A42F8BF
:10B5C00023107047B814002000E100E0014B187808
:10B5D000704700BFB814002050B1074B03F11402AC
:10B5E00053F8041B40F8041B9342F9D10020704724
:10B5F0006FF01500704700BF90050300F0B5284DAF
:10B60000284C294F83B02E780136F6B2D5E84F3F4B
:10B610000133DBB2C5E8423F002AF7D10123636062
:10B62000C4F80021C4F80421EFF3108272B6C4F804
:10B630000405236052B962B608E0D4F804314BB96E
:10B640002B789E4206D13B69DB0613D4D4F8003137
:10B65000002BF2D0D4F80431002BD4D12A78B24296
:10B66000D1D10322C4F80031C4F80431C4F808234E
:10B6700003B0F0BD0D4B03214FF48042C4F8041316
:10B68000C3F88021D4F80031002BDFD1D4F8043185
:10B69000002BDBD1019003F06BFC0198D6E700BFD3
:10B6A000C114002000E0004000ED00E000E100E0F7
:10B6B00070B51446DA078CB01D4686468C4633D5E5
:10B6C000C36842681BBA0093CB681BBA04938368B3
:10B6D0001BBA019303681BBA03938B6812BA1BBA97
:10B6E000029205934A680B6812BA1BBA6E4606921C
:10B6F00007933046FFF782FFAB070DD5DDE90A104F
:10B70000DDE9083200BA09BA12BA1BBA20606160DA
:10B71000A260E3600CB070BD08AD0FCD2060616029
:10B72000A260E3600CB070BDDEF80410DEF8082003
:10B73000DEF80C300068EE46AEE80F00DCF80000E2
:10B74000DCF80410DCF80820DCF80C306E46AEE8BB
:10B750000F00CEE710B5002482B0CDE90044FFF71A
:10B76000A7FF02B010BD00BF1A4B4FF4805270B556
:10B77000C3F88020BFF34F8FBFF36F8F164C174D68
:10B780000021C4F80011C3F880212E692B6943F011
:10B7900010032B610123C4F8043306F01006236064
:10B7A000D4F800319BB11EB92B6923F010032B6133
:10B7B0000123D4F808056360C4F808330023C4F8F3
:10B7C0000031044B4FF48052C3F8802170BD03F068
:10B7D000CFFBE5E700E100E000C0004000ED00E045
:10B7E0000B4938B5042301EBC302157905F0FF04BA
:10B7F0002DB1013BF7D240216920FFF763FE41F8EC
:10B8000033000121547194711171D8B238BD00BF59
:10B81000C4140020042808B503D947216920FFF784
:10B8200051FE034B03EBC00300221A7108BD00BF99
:10B83000C4140020042808B503D950216920FFF75B
:10B8400041FE094B03EBC0000379012B01D05121CC
:10B85000F4E7437982790133DBB29A4218BF43712E
:10B86000BDE80840FFF79EBEC414002038B5114D56
:10B87000052495F8281005EBC1031A79012A09D18E
:10B8800058799A79904205D05A79D2B29A7155F87E
:10B890003130984795F828300133DBB2052B04F19D
:10B8A000FF3428BF002314F0FF0485F82830E0D1CE
:10B8B00038BD00BFC41400204FF08052034BD2F8B3
:10B8C00030111960D2F834215A607047F01400200A
:10B8D000084B1B68083B082B0AD840F2211222FAB9
:10B8E00003F313F0010F044B044818BF18467047C8
:10B8F00002487047F014002000E701400C050040AA
:10B90000144B1B68062B03D0013301D020BF7047B6
:10B91000EFF3108072B6104A1369116941F01001FB
:10B9200011610E49D1F80021D1F804110A4303F046
:10B93000100300D040BF20BF00BF00BF00BF00BF4A
:10B9400023B9054A136923F01003136100B962B6E5
:10B95000704700BFF014002000ED00E000E100E0BF
:10B96000914270B53FD2B2FA82F33BB1C3F12004E9
:10B9700020FA04F49940214398409A40150CB1FBF9
:10B98000F5FC05FB1C1E4FEA0E4E030C84B20EEBB9
:10B9900010401FFA82FE0CFB0EF6864206D9361ABC
:10B9A000964294BF01260226ACEB060C03EB014342
:10B9B0000CFB1233B3FBF5F005FB103304EB03442F
:10B9C00000FB0EFEA6454FEA0C4C09D9AEEB040E67
:10B9D000964594BF4FF0010E4FF0020EA0EB0E0003
:10B9E00040EA0C0070BD73219620FFF76BFD00BF8D
:10B9F00070B51D4604461646FFF7B2FF049B28604B
:10BA000000FB16441C6070BD8AB1013A16D010B517
:10BA100000EB020C01E060450BD08E46044611F8A5
:10BA2000012B10F8013B9342F5D0981A10BD104637
:10BA3000704763789EF80120981A10BD03780A7841
:10BA4000981A704710F0030FC9B2034607D0BAB373
:10BA500003F8011B13F0030F02F1FF32F7D170B5A9
:10BA6000032A01EB012404EB04441ED9161FB50878
:10BA7000032E05F1010521D94FEA550E03EBCE0E39
:10BA80009C46CCE900440CF1080CF445F9D115F0C2
:10BA9000010F04D025F0010503EB85052C6026F08D
:10BAA00003060433334402F0030232B1012A197051
:10BAB00003D0022A597018BF997070BD1D46EDE77A
:10BAC000704700BF10F0030FC9B2034607D0CAB3D6
:10BAD00003F8011B13F0030F02F1FF32F7D170B529
:10BAE000032A01EB012404EB044420D9161FB508F6
:10BAF000032E05F1010523D94FEA550E03EBCE0EB7
:10BB00009C46CCE900440CF1080CE645F9D115F04F
:10BB1000010F06D025F00105C5EB8575A3EB850562
:10BB20002C6026F00306043302F00302334432B1E2
:10BB3000012A197003D0022A597018BF997070BD7C
:10BB40001D46EDE7704700BF844641EA000313F04D
:10BB500003037DD1403A51D3F0B4F0C9F0C0F0C92D
:10BB6000F0C0F0C9F0C0F0C9F0C0403AF5D2F0BC66
:10BB700044E0403A42D300BF51F8043B40F8043B54
:10BB800051F8043B40F8043B51F8043B40F8043BB7
:10BB900051F8043B40F8043B51F8043B40F8043BA7
:10BBA00051F8043B40F8043B51F8043B40F8043B97
:10BBB00051F8043B40F8043B51F8043B40F8043B87
:10BBC00051F8043B40F8043B51F8043B40F8043B77
:10BBD00051F8043B40F8043B51F8043B40F8043B67
:10BBE00051F8043B40F8043B51F8043B40F8043B57
:10BBF00051F8043B40F8043B403ABDD2303211D3F7
:10BC000051F8043B40F8043B51F8043B40F8043B36
:10BC100051F8043B40F8043B51F8043B40F8043B26
:10BC2000103AEDD20C3205D351F8043B40F8043BF6
:10BC3000043AF9D2043208D0D2071CBF11F8013BF4
:10BC400000F8013B01D30B8803806046704700BFBA
:10BC5000082A14D38B078CD010F0030389D0C3F1CA
:10BC60000403D21ADB071CBF11F8013B00F8013BAB
:10BC7000FFF47FAF31F8023B20F8023B79E7043A4A
:10BC8000D8D3013A11F8013B00F8013BF9D20B7807
:10BC900003704B7843708B7883706046704700BFA9
:10BCA00079EF000085EF000089EF000091EF0000C0
:10BCB00095EF000053B94AB9002908BF00281CBFFE
:10BCC0004FF0FF314FF0FF3000F00CB8ADF1080C31
:10BCD0006DE904CE03F07AF9DDF804E0DDE9022332
:10BCE00004B07047704700BF08B5F6F789FAF8F757
:10BCF000EBF8F6F79BF9002008BDFFF76DBCF8F7ED
:10BD00009FB801F014B801F015B801F00DB810B5E6
:10BD100086B0044601A8FFF75FFC02232370A370DE
:10BD20009DF804306371BDF80530E380DDF807301D
:10BD3000A36000206070E070207106B010BD00F0BC
:10BD4000E4BD70B5044602F0C8FF012805461AD1CB
:10BD5000601C02F0C9FFB0B1A37963F03F03A37187
:10BD60000020F8F7A3F9E61D38B110220021304673
:10BD7000FFF768FE2570002070BD304602F0C7FF57
:10BD80000028F2D0F6E70025F4E710B510220446AB
:10BD90000021FFF757FE04F110031022002118467E
:10BDA000FFF750FE02F0CCFF0020F8F77FF920B13A
:10BDB000204602F0ACFF002010BD02F08EFF0028EC
:10BDC000F6D0F8E710B50446FFF7CEFCB0F5007FDB
:10BDD00009DA10F5007F08DD031EB8BF03339B109E
:10BDE0002370002010BD7F23FAE76FF07E03F7E792
:10BDF0000078003818BF012000F064BD37B5054653
:10BE00000C4600880DF1060100F07DFE2B88238092
:10BE1000BDF80630638003B030BDF8B50446204657
:10BE2000F8F78EFD0228054612D0042810D12046CE
:10BE300000F012F82678A7783046F6F7F5F90028D2
:10BE4000EDD03E2E04D13846F6F732FA0028E6D07F
:10BE50002846F8BD01F01EBC10B50378813B0446AE
:10BE60000E2B2FD8DFE803F02F353B3F49616708E1
:10BE70005B556B6F2E7B75002920F6F719FA30B1F0
:10BE80003E232370222363702923A3701AE00A2023
:10BE9000F6F70EFA3E23237018B11F2363700A23AE
:10BEA000F3E70123A37013236370E37903F0010325
:10BEB000E371D4F81A30C4F80E30E38B638294F83F
:10BEC0002030237510BD3E230370042343701423D8
:10BED000DBE73E2303700A2343700323D5E70523E2
:10BEE0002370042307E05A20F6F79EF90823002860
:10BEF000F6D05A2222706370E4E75B20F6F794F9DB
:10BF000018B15B2323700623F5E730232370032346
:10BF1000F1E73E2303700B2343700723B5E73E236D
:10BF20000370062343700C23AFE713230370837859
:10BF30009B000133DFE7572303700223DBE73E2337
:10BF400003700D23A1E73E230370012343701123E7
:10BF50009BE7FF2303700D234370802395E7FF23A6
:10BF600003702923437081238FE708B510B96FF060
:10BF7000150008BDFFF76EFF0028F8D00020F8E795
:10BF800010B50C4648B141B1FFF747FF00282070BB
:10BF90000CBF6FF02200002010BD6FF01500FBE712
:10BFA000F8B5941C0C446343B3F5004FA8BF4FF0A1
:10BFB000FF330E4610F00301054617469CB203D02E
:10BFC000B0211420F5F7F6FFB4F5004F01D9B121E7
:10BFD000F7E714220430FFF735FDEF746C802E80F4
:10BFE000F8BD38B50388C48805898B42C4F30E02B6
:10BFF00003D2D1211420F5F7DDFF84EA0503C3F352
:10C000000E030BB9AC4206D102F118030122C15252
:10C010008274184438BD1846FCE7023101444A4393
:10C02000B2F5004FA8BF4FF0FF3290B21B3020F0A6
:10C030000300B0F5004F34BF00B24FF0FF3070473F
:10C0400040881B3020F00300B0F5004F34BF00B231
:10C050004FF0FF3080B2704738B503888B4203D26F
:10C06000F7211420F5F7A6FF857C65B1C388C3F3DB
:10C070000E031833C25A8A4207D3C152811DF6F704
:10C0800027F900238374284638BD0025FBE70346C3
:10C09000F0B59E88DD88B4B2A54200F11800C6F361
:10C0A0000E0616D05F89DD7C845B3D440235354445
:10C0B000E41B28440D88A4B2A54288BF0C8059898E
:10C0C000B1FA81F14FEA511188BF25461170DD8127
:10C0D000F0BD00252846FAE7F8B58288C389002616
:10C0E00004460D4692B20E60CBB1C2F30E024189F6
:10C0F000183287180B44825A9BB29342438104D969
:10C100004FF4A2711420F5F755FF04D1011DF6F785
:10C11000DFF846812F600023E3810120F8BD184637
:10C12000FCE7838802899BB29A42014602D008311B
:10C13000F6F7CEB870478388C0889BB2C31A5842BE
:10C1400058417047828873B5C48895B2AC42C2F337
:10C150000E0202F1180212D04189C689835A314475
:10C1600099420EDB0DF10601ADF80650F6F7B0F876
:10C17000BDF80600001B18BF012002B070BD0020F2
:10C18000FBE70120F9E770B5C488068984EA060256
:10C19000C2F30E020346C4F30E0518300AB9B442C6
:10C1A0000FD19C891A880CB1465B921B914207DC27
:10C1B000DA7C2C440232224410440A461A8270BDB2
:10C1C00000221046FAE7F8B5038A002B38D08B42DC
:10C1D00036D3C488858900F11803C4F30E041E19F0
:10C1E00095B91D55757085891E5B0D44ADB23144FE
:10C1F00085811953D2B1811DF6F76AF80023838136
:10C20000002303820120F8BD1E5BAE4204D04FF430
:10C21000F6711420F5F7CEFEC57C878A26440235D8
:10C2200035445E195F53857DB570DCE7C27C2544DB
:10C2300002322A4499189B5A83828B788375DFE7F0
:10C240000020E0E78388C2889BB29A4206D04289E8
:10C2500022B9C3F30E031833184470470020704707
:10C26000C37C0233C81870470230704738B58388E2
:10C27000C2889BB29A4207D045892DB9011DF6F7B5
:10C2800027F8C581012038BD0020FCE70388138012
:10C29000C388C3F30E03183303440B6080897047CF
:10C2A0000368002223B9C0E90132031D036070470F
:10C2B00059681B680A44F5E7072970B5034604D896
:10C2C0004FF4EC711520F5F775FE0068C0B14468B5
:10C2D0001A688C42064610D0106860B901F1080552
:10C2E000AC420DD3546850501868651A5418006851
:10C2F0006560505002E01346E9E714681C60304660
:10C3000070BD0023C1E9003203680B600160704713
:10C3100030B590B18478B1FBF4F304FB131300EB58
:10C32000430252898A4201D1D8B230BDC27822B9C3
:10C3300000F10803D0B2844201D8FF20F5E733F8BA
:10C34000025F8D4202F10102F4D1EEE782780388A8
:10C3500005324B4303EB42031844704737B50024C2
:10C36000CDE9004405468DF806006846ADF8044066
:10C37000F6F790F9BDF8044008B103B030BD294686
:10C380002046F6F763F90028EFD040F23521172058
:10C39000F5F710FE70B50D4609211E46FFF73DFE6C
:10C3A0003246044609212846FFF737FE40EA0403D7
:10C3B0001B0454BF00194FF0FF3070BDD31D23F094
:10C3C000070370B5083390B110F0070403D058216B
:10C3D0002220F5F7EFFD0460C280818000F108049F
:10C3E0000A464FF6FF75013A92B2AA4203D103FB07
:10C3F00001F0083070BD0668266004601C44F2E756
:10C4000018B1C2888188FFF7D9BF70470346EFF3A0
:10C41000108272B6006830B10168196000230370A1
:10C4200043708370C37002B962B67047EFF3108334
:10C4300072B602680A60016003B962B67047F6F727
:10C44000BBB9F0B590F86C200B46012AD1E91C6706
:10C4500087B001F1800103F190034FF0010406D091
:10C46000022A13D040F225410620F5F7A3FD00254E
:10C470000020FB22CDE90132CDE903500594009460
:10C4800032463B46FCF758FA07B0F0BD2546EFE7C9
:10C49000F6F7F4B900EA400000EA400000EA400084
:10C4A00000EA400000EA400000EA4000B0FA80F0F4
:10C4B00040097047F7B5002523262F46F8F77EFB85
:10C4C0000446F6F75FFE78B1CDE900776846F6F7E7
:10C4D000E1F820B12046F6F77FFE254605E0009BF7
:10C4E000D3F8C8309C42F1D10020013E01D0002891
:10C4F000E4D025B940F215210F20F5F75BFD284661
:10C5000003B0F0BD08B501210020F6F789F828B97D
:10C5100001210846F6F784F830B908BD903002F0E2
:10C5200006F90028F4D0F8E7BDE80840903002F0A2
:10C53000FEB81FB50022009240F6881303A9FCF74D
:10C5400009FC05B05DF804FB10B5044638B1F7F7F7
:10C55000E5FC24EA0000B0FA80F0400910BD01209B
:10C56000FCE730B5841FA4B240F67A45AC421CD833
:10C570008C1FA4B2AC4218D8884216D80132B2F54A
:10C58000FA7F12DCA3F10A0080B240F67644A042A2
:10C590000BD842F2107058434A4340F6C4135A4332
:10C5A000904294BF0020012030BD0020FCE72DE91F
:10C5B000F0410F46B0F85E60B0F8605002F02DFA1E
:10C5C0000221044600F0A4FE02218046204600F02D
:10C5D0009FFE464528BF4646B6B21B2E38BF1B26D7
:10C5E000FB2E28BFFB26854228BF0546ADB21B2D7A
:10C5F00038BF1B25FB2D28BFFB25B4F5A47F38BF12
:10C600004FF4A47440F648039C4228BF1C467E8029
:10C61000FD80BC803C81BDE8F08108B5012100208F
:10C62000F5F7FEFF30B901210846F5F7F9FF40B9EB
:10C63000012008BD903002F07AF80028F3D00020E5
:10C64000F7E7903002F073F880F00100C0B2F0E735
:10C650002DE9F04186B0054602A9008800F067FE8A
:10C660000446002870D1029A92F85031D91E4B42EC
:10C670004B418DF80630D37B212B0ABF9DF8063045
:10C68000034683F001038DF8073092F862309B0671
:10C6900003D49DF80730002B5CD0EB881B3B9BB28A
:10C6A000E02B59D82989A1F5A4739BB244F2481014
:10C6B000834251D86B881B3B9BB2E02B4CD8AA8895
:10C6C000A2F5A4739BB2834246D840F64807B9420C
:10C6D00044D8BA4242D8029E4FF0FF0886F8238120
:10C6E0009DF80630A3BB03A906F1A800FFF75FFF82
:10C6F0006A88BDF81230BDF81410E888934228BF4C
:10C700001346A6F82831BDF80E30AA88B94228BFD2
:10C710003946834228BF0346A6F82431BDF81030BD
:10C720002889BB4228BF3B46834228BF03468A4232
:10C73000A6F82631134628BF0B46A6F82A3186F8FC
:10C740002281002386F82331204606B0BDE8F0811F
:10C750003A24F6E71A24F7E71224F5E71124F3E761
:10C7600010B50378012B044601D9122010BDFFF744
:10C77000C9FE58B9207810F0FD000DD104F117035F
:10C78000E21D611CBDE81040F7F718BEF7F7A8FEE0
:10C790000028EFD00C20E9E7A37903F0C003C02BF9
:10C7A000E3D10120EAE710B50378012B04460DD848
:10C7B000FFF7A8FE60B9214611F8010B00F0FD005B
:10C7C000003818BF012000F005FD38B9122010BD57
:10C7D000F7F786FE0028EED00C20F8E70020F6E7F9
:10C7E00008B50088F7F782FE00280CBF3020002033
:10C7F00008BD38B50546FFF785FE044638B92878E8
:10C80000003818BF0120F7F765FE204638BD0C2020
:10C81000FCE708B5FFF776FE18B9F7F74BFE0020E6
:10C8200008BDF7F75DFE0028F7D00C20F8E70823D5
:10C830000370002070471122027041F23903C27068
:10C840005922A0F801308280C3800020704708B5CB
:10C850000821F5F7E7FF002008BD73B506460088FC
:10C8600008800C4680B201A900F061FD054640B980
:10C87000B3784BB9019B93F91C01A070FBF766F9E3
:10C88000A070284602B070BD7F20FFF752FEF4E78B
:10C8900010B504466FF07F00FFF74BFEFBF756F92B
:10C8A00020707F20FFF745FEFBF750F960700020F5
:10C8B00010BD08B50A46072300F11001FEF74AFF34
:10C8C000002008BD012138B505460846F5F7A8FE49
:10C8D00020B940F2EF713920F5F76CFB903001F090
:10C8E00026FF044620B92846FAF79CF9204638BDB1
:10C8F0000C20FCE710B5014604460020F7F7BCFB0E
:10C9000008B92060A080002010BD10B50446F7F7DC
:10C91000D5FA28B900202146F7F796FB002010BD74
:10C92000FFF77BFE0028F5D10C20F8E710B5044690
:10C93000FFF773FE28B101202146F7F785FB0020A1
:10C9400010BD0C20FCE7FFF783BE1FB502880A80EC
:10C95000838844F290218B4215D840F648018B42DF
:10C96000ADF804204288ADF8062028BF0B4601A888
:10C97000ADF80830ADF80A20ADF80C30FFF768FECE
:10C9800005B05DF804FB1220FAE737B508800D46C4
:10C9900001A900F0CCFC044620B901982946A83032
:10C9A000FFF705FE204603B030BD10B503466FF01B
:10C9B00004040020482108221C7058709970DA7015
:10C9C0001C7158719971DA7110BD10B50446FFF7EA
:10C9D00099FD78B92146E27911F8010B00F0FD00CC
:10C9E000003818BF0120F7F73FFE80F0010040003B
:10C9F000C0B210BDF7F774FD0028EBD00C20F8E7AB
:10CA000013B5008808800C4680B201A900F08FFCA5
:10CA1000C8B9019B83F8160193F81421012A06D0A6
:10CA2000022A04D04FF43F710620F5F7C3FAA27032
:10CA300093F81521012A01D0022AF3D1E27093F86C
:10CA40001621002AE6D102B010BD1FB5044603A985
:10CA5000008800F06CFC38B9A388022B14D8E07869
:10CA6000FFF772FD10B9112004B010BDA078FFF7D8
:10CA70006BFD0028F7D001230093A388E278A1780A
:10CA800003A800F0D4F9EFE71220EDE737B583787B
:10CA9000C178027903F0010451EA040503F00203AE
:10CAA0001DD052EA03051AD0002C18BF0021002B1C
:10CAB00018BF00228DF80320037842788DF8021009
:10CAC00043EA0223ADF8003043798279684643EAAD
:10CAD0000223ADF80430FFF7B8FF03B030BD1120DA
:10CAE000FBE707B503788DF8003043788DF8013007
:10CAF00068460023ADF80230ADF80430F6F7F2FDD9
:10CB000003B05DF804FB13B50C4601A900F00FFC5F
:10CB100010B9019BDB88238002B010BD13B5044619
:10CB200001A9008800F01CFC20B96289A3899A42FF
:10CB300002D9122002B010BD2389E288A188608842
:10CB4000FFF70FFDF8B1019B93F8242202F0FF00DC
:10CB5000DAB9A28840F2E2414A438A42E9D9A3F80D
:10CB60001612C3F81C22E179A27942EA0122A3F845
:10CB70002022227A617A42EA0122A3F82222FF22AD
:10CB800083F82422D6E73020D4E73A20D2E713B541
:10CB9000044600F042FB88B12046F7F7D1FD0023A0
:10CBA000CDE90033FF246846F5F774FD10B100208D
:10CBB00002B010BD009B83F80D42F4E71220F7E7A6
:10CBC00007B5008801A900F0CBFB30B9019B93F8B1
:10CBD000332112B9FF2283F8332103B05DF804FB3F
:10CBE00010B50446F7F794F920606160002010BD8D
:10CBF00073B5044601A9008800F0B2FB064638BBB5
:10CC0000019D95F8563203F0FF0623BB95F862307C
:10CC1000DB0722D5D4F80230C5F84C32D4F8063000
:10CC2000C5F850326389A5F8543205F50F7204F146
:10CC30000C031C3453F8041B42F8041BA342F9D123
:10CC40000C2105F50A70F5F7EDFDFF2385F8563246
:10CC5000304602B070BD3A26FAE71A26F8E730B53A
:10CC600089B003466A4600F11805186859681446E9
:10CC700003C40833AB422246F7D118682060022370
:10CC80006846ADF81C30FFF7B3FF1E2204460021B2
:10CC90006846FEF717FF204609B030BD13B500887F
:10CCA00008800C4680B201A900F041FB10B9019B3D
:10CCB0009B8F638002B010BD37B503880B8004469C
:10CCC00098B2638813B9122003B030BD01A900F0F7
:10CCD0002EFB0028F8D16588019B42F21072A9B2A0
:10CCE000D3F8C4405143B3F8DA206243B3F8CC40E0
:10CCF00004FB02229142E6D3D3F8C420D3F8C44007
:10CD00009442F9D100225A63621E0A449D87B2FB05
:10CD1000F4F29A63D8E708B50078003818BF01200C
:10CD2000FAF7FAF8002008BD0620F7F7E5B8082062
:10CD3000F7F7E2B801F08BBF10B5044604B910BD97
:10CD4000236898476468F9E703680BB90160704786
:10CD50001A465B6813B18A42FAD170478A4218BFFB
:10CD60005160704708B501F053FEF6F73BFB01F048
:10CD7000A4FABDE80840F8F7C5BA08B5F8F7BCFA58
:10CD8000FAF7C2F8F6F72EFBBDE80840F9F758BAF3
:10CD900008B50020FFF7E2FAF5F706FDF7F70EF900
:10CDA000F6F700F920B140F243119320F5F702F9AC
:10CDB00008BD08B5FFF7D6FF01F043FF20B14FF4DF
:10CDC000E8719320F5F7F6F808BD08B5F9F76EFAA3
:10CDD000FFF7D3FF00F0D0F9F6F7F4F80020FFF7E3
:10CDE000BDFA01F030FFBDE80840F7F7A1BD0B46E2
:10CDF000892203F8032BD0F80920C1F80320427BD5
:10CE00001A71704738B50D460446F7F787F82B7846
:10CE1000002B08BF034684F868306B78002B08BFEE
:10CE2000034684F869306B88A4F86A3038BD2DE970
:10CE3000F7430468994694F8633094F80F8043EA06
:10CE4000D303DB070F46164602D4B8F1250F36D1BF
:10CE50006FBBF7F763F80546BEBBF7F75FF845BB56
:10CE6000B8F1250F2ED100200546FF2384F82D317F
:10CE700094F82C3103F0FF08F3B99DF8283084F8BA
:10CE80002F0184F82C3184F82E5101A904F1A80057
:10CE90008DF804708DF80560ADF80690FFF7B2FFCD
:10CEA000002384F82D31404603B0BDE8F0833D46B1
:10CEB000D2E70028D4D0D8E74FF03A08F0E74FF097
:10CEC0001A08F0E74FF00908EDE7002DC8D030460A
:10CED000CBE708B503689A7B22B14FF4E671AE2028
:10CEE000F5F768F823229A7308BDCBB2012BC2B2C2
:10CEF00084B0C0F30720C1F3072115D101291BD04D
:10CF0000012A15D1012817D011400340880754BFCA
:10CF100001F0010002209A0754BF03F0010302232D
:10CF200040EA032004B07047022BE9D10229E6E76A
:10CF3000022AE9D10228E6E71040034019400B46D7
:10CF4000E4E7012803D0831E58425841400070474F
:10CF50007FB50B46046811461846FFF7C6FF94F8E4
:10CF6000146194F81551C3B2C0F30720B34208BF4F
:10CF70000023854208BF002084F8123284F813028F
:10CF800004B070BD2DE9F0410D68044695F8130218
:10CF9000FFF7D7FF064695F81202FFF7D2FF95F884
:10CFA0009F308846074673B946EA000313F0FF0333
:10CFB00007D0284600F09EFDD8F80030DB880344F7
:10CFC0009BB2A5F81032B5F81032E3701B0A23713A
:10CFD000A67067700520BDE8F081F0B505680C46C5
:10CFE000E97B85B006461746002964D1AB7B273B19
:10CFF000022B62D903A8F7F703F8014628B1039B77
:10D00000DB788DF80B300DF10B01A87B1622F7F7BA
:10D0100007FE054630B102461621304600F03FFDBE
:10D02000054633E0637813F007033ED0A27812F090
:10D0300007023AD0346884F80C31252384F80D2196
:10D04000E37394F82D31F3B994F82C31012B1AD0F5
:10D0500094F80C7194F8150194F8101194F81121BA
:10D06000B4F81231874214D194F80D7194F8140178
:10D0700087420ED1022084F82C0184F82E1184F806
:10D080002F21A4F83031304600F0FCFC284605B0D2
:10D09000F0BD022000903046FFF7C9FE0028F2D014
:10D0A0004FF46671AE20F4F785FF3A4621463046CC
:10D0B00000F011FDB4E70125E8E72025E6E737B5E4
:10D0C0000468A37B232B21D14B7813F0070519D0DB
:10D0D0008B7813F0070215D00023ADF806308DF8D9
:10D0E00004508DF80520019AD4F82E11FFF730FF77
:10D0F000012384F84A3000202723A4F84600A373B4
:10D1000003B030BD0023A4F81232F1E70120F7E7A5
:10D1100038B50368DA7BB3F81242252A054614D1E4
:10D1200084B9DC7393F82C31012B02D12146F6F738
:10D130001FFF2B68002283F82C212846BDE83840C9
:10D1400000F0A8BC2822DA73F7E79A7B272A0ED1D1
:10D1500054B99C732146F6F70BFF2B6883F82C41DA
:10D16000002283F84A2038BD28229A73F8E740F25B
:10D17000CC51AE20F4F71EFFF6F720BF704730B554
:10D1800042401C7808785D7860404C786C402044C0
:10D190009D788C786C402044DD78CC786C402044BD
:10D1A0001D790C795B7949796C4020444B401844D7
:10D1B0001044B0FA80F0400930BD02460020013929
:10D1C000C9B2FF2900D17047535C83F001030344C7
:10D1D000D8B2F4E708B5F6F775FF082807D0F6F7D8
:10D1E00093FF082803D0F6F7A5FF012008BD002013
:10D1F000FCE708B5F6F766FF082803D0BDE808404D
:10D20000F6F782BF08BD08B501F054FD18B1BDE8BE
:10D210000840FAF75FBD082008BD70B503791F2BE1
:10D220000FD8461E051D002416F8010F00F0DCFB88
:10D23000AE420444E4B2F7D1012C94BF0020012097
:10D2400070BD0020FCE701440023884203D1B3FAFB
:10D2500083F04009704710F8012B1343F5E7F8B548
:10D26000D0E9047605460C46FDF7BAFB18B9522101
:10D270002920F4F79FFEE4B1D5E90423D21B63EB28
:10D280000603012A73F100014FF0000113DB6FF078
:10D2900001009042994101DA5C21E9E7631E1344E1
:10D2A000B3FBF4F35C43E41946F10006C5E9044618
:10D2B0001C462046F8BD0C46FBE7F8B50C46D0E905
:10D2C00000760546FCF744FBF4B1D5E90023D21BF8
:10D2D00063EB0603012A73F100014FF0000115DB37
:10D2E0006FF001009042994103DA76212920F4F78A
:10D2F00061FE631E1344B3FBF4F35C43E41946F18F
:10D300000006C5E900461C462046F8BD0C46FBE772
:10D31000022905D13C2808D980100F3880B2704707
:10D32000702802D9C0100E38F8E70020704710B5F9
:10D330000C460021F5F774F92060B0FA80F040093E
:10D34000400010BD0368587BC0B293F830302BB951
:10D3500000F0FB00003818BF012070470020704724
:10D3600010B50C46FFF7E3FF38B92046FFF7EAFF98
:10D3700080F001004000C0B210BD0220FCE738B5CB
:10D380004FF4167204460D460021FEF75BFB0123A5
:10D39000A3756FF0360384F86330042384F8643097
:10D3A0006FF03B0384F865306F2384F86630032305
:10D3B00084F86730002384F868306FF07F0384F8C6
:10D3C00069302B2384F86230FE2384F89E307F235B
:10D3D000E372A4F8AA5038BD07B540F6B833B0F8E8
:10D3E000CE20D0F8C4100190838701A8F7F76CF91C
:10D3F00003B05DF804FBC2B292FAA2F2030A93FAF8
:10D40000A3F31B0E100E40EA0320704770B50131E4
:10D41000C9B20530002210F8013F8B4216D310F834
:10D42000054C0023012505FA03F626421CBF01F135
:10D43000FF31C9B269B10133082BF4D10132D2B244
:10D44000052AE8D19B214620F4F7B4FDC91AC9B2D8
:10D45000F4E703EBC200C0B270BD0B6870B5C0F852
:10D4600001300B7903F01F03437100230446C3729C
:10D470000546461D15F8010F00F0B6FA6871E37A0B
:10D48000B5421844E072F5D170BD70B581EA114122
:10D490008CB20546C17A032682EA0400FFF7ABFF8F
:10D4A000013E00EB0010221816F0FF0690B2F5D1F5
:10D4B00044402522B4FBF2F302FB1343C3F3C4023E
:10D4C0002A44D8B2567803F00703012202FA03F384
:10D4D0001E4207D161432846C1F30741BDE87040B1
:10D4E000FFF794BF70BDF8B590F821506B1E242B48
:10D4F000044603D9E1214620F4F75CFDDAB1807DD2
:10D50000002843D194F8233094F8221002FB013212
:10D510002523B2FBF3F103FB1123DBB204EBD302AF
:10D5200084F82330D17D03F007060122B240114276
:10D5300002D084F82430F8BDB3FBF5F205FB1233BA
:10D54000013303F0FF0304F11B0111F8012F9A428C
:10D5500019D311F8055C0022012606FA02F72F42C2
:10D5600008D0013B13F0FF0304D102EBC00284F8A2
:10D570002420E0E70132082AEFD10130C0B20528AB
:10D58000E3D1D721B7E79B1ADBB2F6E7E288096A55
:10D5900004F11600FFF779FF84F82400CBE7D0F8F8
:10D5A00003300B60B0F807308B8070470378890137
:10D5B00023F0400301F040010B43037070470378F0
:10D5C00003F07F0343EAC113037070470078C0097A
:10D5D00070470278437802F00F02062A0FD8DFE87E
:10D5E00002F00804080E0E0E08000C3B5842584189
:10D5F0007047981F1F288CBF002001207047002013
:10D600007047037803F00F03042B06D140780638E7
:10D610001F288CBF002001207047002070472DE993
:10D62000F3470E4601A914469946FFF780FE0546CA
:10D6300018B9019F2CB901237B75012002B0BDE808
:10D64000F087D7F8BC8021464046FEF7CAFC8246E8
:10D6500008B90020F2E7F5F76BFE8442F9D851468D
:10D660004046FEF7FDFD7B7DA0F80150002B18BF62
:10D670000226494600F8036B2246FEF765FA21466A
:10D680004046FEF7E9FC18B983212B20F4F792FC01
:10D690007D75D2E74378C3F30111012910B5024625
:10D6A0000ED0022915D0047803F00F00131D528804
:10D6B000022144EA0020FFF7B2FF38B1012010BD7B
:10D6C000047803F00F00131D5288F2E7F7F708FA09
:10D6D000F4E70020F3E71A230B7001234B708B70E3
:10D6E0007047F7F7D5B810B521B940F2A92110203D
:10D6F000F4F760FC4A600B72EFF3108472B6031DFE
:10D700000B6042681AB1127A012A08BF03600368ED
:10D710001960016004B962B6BDE81040F7F702B9BC
:10D720000222F7F7CBB90322F7F7C8B90422F7F7BB
:10D73000C5B90222F7F706BA8A230B7030F8953C78
:10D74000A1F8033030F8573CA1F8053030F8533CCD
:10D75000A1F8073030F8553CA1F8093030F8513CB9
:10D76000A1F80B307047012908B503D10E30C00075
:10D7700080B208BD022902D10F308000F8E74FF4D3
:10D780000C710620F4F716FC30B587B004460D4640
:10D79000F5F7D4FD80B334F89E4C69462046FFF778
:10D7A000F4F818B1FB212C20F4F704FCBDF8063086
:10D7B000ADF80E30BDF80830ADF81030BDF80230CD
:10D7C000ADF8123003A8BDF80430ADF80C40ADF848
:10D7D0001430FFF7B8F810B14FF48271E3E7ADF8F9
:10D7E0000C009DF80C30002063F307009DF80D300D
:10D7F00063F30F2007B030BD2B468D2203F8032BB7
:10D80000D4F80920C5F80320D4F80D205A60B4F8E4
:10D8100011201A810423ADF80C30E2E7406870470C
:10D82000C08A704710B58A880B89CC884988A0F8CF
:10D830005410A0F85840A0F85620A0F85A3010BD57
:10D840008383BDF8003001834283C383704703465E
:10D8500070B5B3F84C10B3F85820B3F85A40B3F889
:10D860004850B0F84260B0F84600914228BF1146D7
:10D87000B3F85020A3F84210A24228BF2246B3F8C2
:10D880004A40A3F84620944238BF14468D4238BF20
:10D890000D468E42A3F84850A3F84A4021D1801A81
:10D8A00018BF0120B3F84E10B3F85420B3F85660F7
:10D8B000B3F84050B3F84440914228BF1146B3F842
:10D8C0005220A3F84010B24228BF32468D42A3F83E
:10D8D000442008D1944218BF40F0010000F001003C
:10D8E00070BD0120DEE70120F8E738B5C58B438C19
:10D8F00004469D42007A28BF1D46FFF734FF638926
:10D90000AB4228BF2B46984238BF184680B238BD7C
:10D910002DE9F04106460F4680891946984614467F
:10D92000FFF721FF414605463046FFF7DEFF8542FF
:10D9300028BF05469DF81810B08AFFF714FFF38A38
:10D94000834228BF0346ADB2A01D15FA83F33844C5
:10D950001844BDE8F08107B590F86D30009390F859
:10D960006C30002296213430FFF7D2FF03B05DF80F
:10D9700004FB38B50D4619461446FFF7ECFF963404
:10D980002044A84294BF281A002038BD38B50D465F
:10D9900011460446FFF7DFFF2844A06338BD01F1BC
:10D9A0009C0383423DBF9C38401A400800207047CA
:10D9B00000F05533400800F05530034403F0333293
:10D9C0009B0803F033331A4402F00F33120902F0BC
:10D9D0000F32134403F0FF101B0A03F0FF13184427
:10D9E00000EB1040C0B2704700F05503400800F053
:10D9F0005500034403F033009B0803F03303034452
:10DA000003F00F0000EB1310704780EA6000FFF78F
:10DA1000CFBF32280CD006D8162818BF012894BFD3
:10DA2000012000207047A0F13E0358425841704742
:10DA30000120704708B50246FFF7EBFF40B10846EA
:10DA4000FFF7E7FF20B18A420CBF23202A2008BD40
:10DA50008A420DD1A2F13000C0B20B2808D840F69E
:10DA60002103C34013F0010F0CBF00202320EEE779
:10DA70000020ECE7036800229A7383F84A20A3F899
:10DA80004620704703680022A3F84E20012283F845
:10DA9000502070470368002283F85020704708B573
:10DAA000036883F89B1083F89A203422DA73FFF717
:10DAB000E9FF002008BDA0F10903042B09D9A0F15A
:10DAC0004603012B05D9233807288CBF00200120ED
:10DAD00070470120704710B50368DC7B44B90A78B1
:10DAE00083F898200322DA73FFF7CCFF204610BD9D
:10DAF0000124FBE7B0F8CC00063080B2704730F864
:10DB0000023CF7B5B0F8827005460E4673B10122AB
:10DB100068468DF80020ADF80170ADF80330F5F7D8
:10DB200059FC18B195216320F4F744FA83230024AB
:10DB30003370B470A6F803706B7AD5F898007371DF
:10DB4000FEF7F9FA08B9BA21EDE721463846F4F7AD
:10DB50007DFD4FF4017303F00402204662F30700D9
:10DB60001B0A63F30F2003B0F0BD03681A7C063A6A
:10DB7000012A81BF4A785A7406221A74002070471D
:10DB80000268137C063B012B84BF07231374704784
:10DB900008B503689A7B1AB13B215520F4F70AFABD
:10DBA0000A229A7308BD2DE9F74F0646894690462A
:10DBB0000193FFF79FFFD6F8CC71044657B90023B5
:10DBC000C8F80030F38823449CB2019B1C8003B04A
:10DBD000BDE8F08FF7F7A2FB0028F0D1D6E96C3250
:10DBE000D6F8C4C00CFB04FE1EEB030ED7E90213EB
:10DBF0000B44D7E9001542F100025B1845F100051E
:10DC0000734575EB020114D2BEEB03016FF0010BFB
:10DC100062EB050A8B4570EB0A0A03D23D215620C0
:10DC2000F4F7C8F93869471E3944B1FBF0F1E0FB5D
:10DC30000135B3EB0E0365EB02056FF001029A426A
:10DC40004FF00002AA4101D24821E8E7B3FBF9F204
:10DC500009FB1233B3FBFCF291B20CFB1133C8F891
:10DC60000030F3881C441444A4B2AEE70B46822271
:10DC700003F8032BD0F80920C1F80320D0F80D20B9
:10DC80005A60427C1A720023CB70704708B5036853
:10DC90009A7B1AB1A2215620F4F78CF90C229A73C0
:10DCA00008BD38B50D680446D5F81C12B5F8162223
:10DCB00040F2E240B1FBF0F32371C3F30723637139
:10DCC000B2FBF0F26270B5F82032A3711B0AE37167
:10DCD000B5F8223223721B0A637295F89F3033B96C
:10DCE00005F5057305F506722846FFF75CFFB5F8E4
:10DCF0001432A3721B0AE372D5F8183240F2E242E2
:10DD0000B3FBF2F3A370C3F30723E3700C2038BD19
:10DD10000B46842203F8022BD0F80920C1F8022018
:10DD2000D0F80D205A6070470B46852203F8022B6D
:10DD3000D0F80920C1F80220B0F80D209A80704771
:10DD400010B504460068837B192B12D100F18002C4
:10DD500000F50B71052300F50F70FDF7FBFC236840
:10DD6000002000210122C3E91C01DA741C229A73ED
:10DD700010BD0220FCE703689A7B132A10D1D1F86A
:10DD80000120C3F83422D1F80520C3F838220368F3
:10DD9000D1F80920C3F8942019229A730020704703
:10DDA0000220704703689A7B0F2A01BF00201222CD
:10DDB000D8749A7318BF0220704708B503689A7B1D
:10DDC000122A04D040F277111F20F4F7F3F8012251
:10DDD00083F8522011229A7308BD08B503689A7B14
:10DDE0001C2A04D040F2FE211F20F4F7E3F81E2283
:10DDF0009A7308BD08B503689A7B22B14FF441714C
:10DE00001F20F4F7D7F8012283F851200F229A73CC
:10DE100008BD08B503689A7B3AB193F8522022B93D
:10DE200040F20B311F20F4F7C5F8012283F851208E
:10DE300013229A73002283F89E2108BD3E230B70A3
:10DE40000C234B7004238B70D0F80930C1F80330D9
:10DE5000D0F80D30C1F80730B0F81130A1F80B3010
:10DE6000C37C4B73704708B503689A7B1AB1CF2106
:10DE70001C20F4F79FF804229A7308BD036800225F
:10DE8000DA73A3F84E20FFF705BE87230B7030F836
:10DE90008C3C4B80704703689A7B052A01BF0022A7
:10DEA00083F83E2083F84A209A730020704738B5E3
:10DEB0000568EC7B2CB9FFF7E5FD0223EB732046E8
:10DEC00038BD0124FBE7FFF7E5BD08B503689A7B81
:10DED0001AB172214B20F4F76DF805229A7308BD30
:10DEE00010B5D0E90D42A24206D38B8C498E053382
:10DEF0004B43121B934202D3012380F83E3010BDE6
:10DF00000C230B7008234B7000238B70B0F8563035
:10DF1000A1F80330437A4B714389CB8083890B810D
:10DF2000704710B5046894F853309B070CD4A37B5A
:10DF30001BB177214020F4F73DF80122A27384F849
:10DF40004A20A4F8463010BDE37B0BB9FFF7A2FDD1
:10DF5000002384F83231F6E710B50B794C790A6862
:10DF6000012843EA042108BF41F48031104610BD66
:10DF700007B5FFF7F1FF0DF10702F7F763F903B0FB
:10DF80005DF804FB30B585B01546089BC01A099BA7
:10DF900061EB0304002C214602DA404264EB4401A9
:10DFA00003AB00932A4602ABFDF722FD002C039839
:10DFB00001DA00B1281A05B030BD07B5002301A869
:10DFC0000193FAF797FE019810F0030018BF0120A3
:10DFD00003B05DF804FB08B5FFF7EFFF002814BF9E
:10DFE0001420002008BD08B503689A7B1AB12621C9
:10DFF000A320F3F7DFFF20229A7308BDF7B5056869
:10E00000AB7B203B022B06460C462BD8B1F8051003
:10E010001A2921D9B4F80730B3F5A47F1CD3B4F87A
:10E0200001201A2A18D9B4F80300B0F5A47F13D33D
:10E03000009005F1A80405F1DC00FFF701FC204683
:10E040003768FFF704FC18B107F23F10F6F79CFDA4
:10E0500030680421F8F774FF002085F84A00A8739F
:10E0600003B0F0BD0120FBE7F7B504460068C57BAF
:10E07000002D40D1B1F805601A2E04D9B1F807304F
:10E08000B3F5A47F05D2204603B0BDE8F040FFF70A
:10E0900022BDB1F801701A2FF5D9B1F803C0BCF553
:10E0A000A47FF0D33A46CDF800C03146DC30FFF70C
:10E0B000C7FB23689A7B202A08D123682222DA73BF
:10E0C0002046FFF7DFFC284603B0F0BD93F823316C
:10E0D000002BF2D1236893F82231002BEDD1236875
:10E0E0002122DA73B3F8AA0003F5A47203F1DC016C
:10E0F000F6F750FDE4E70125E5E710B503680446AF
:10E100000022DA73A3F84E20FFF7C4FC2068042134
:10E11000BDE81040F8F714BF0B46812203F8032B2B
:10E12000B0F80920A1F80320C27A9A70704708B5A8
:10E1300040F2BD213220F3F73DFF13B503460C46F4
:10E1400090F8BE2002F0FF0032B1A3F1360000F0DB
:10E15000A7FA8C232370042002B010BD70B50E46C0
:10E16000044620B940F206313220F3F723FF437A08
:10E17000002B3BD1036DD0F80E20C3F8AD20428AAE
:10E18000A3F8B120437B026D03F0FD03003B18BFF1
:10E19000012382F8AC3094F8545094F889302BB1B4
:10E1A00094F88A301D43002384F88930204600F01B
:10E1B00077FAAB0708D025F00405002284F8545004
:10E1C00011462046F8F78CFC3346882203F8032BCF
:10E1D00004F10902293452F8041B43F8041BA2423B
:10E1E000F9D112781A700023B37170BD40890021F3
:10E1F000F4F716FA10B940F21231B5E7B0F8AA00F8
:10E200000021F4F723FA0028C5D040F21531ABE71E
:10E2100038B504460D4600F082FA94F87030012BB0
:10E2200003D094F87030002BF7D13F220021204614
:10E23000FDF708FC0722002384F8492040F2011270
:10E2400084F8543084F8883084F85850A4F84A2070
:10E25000236684F8893038BD08B5F7F7C5F9FAF7B1
:10E26000BFF8BDE80840F7F703BB08B5F7F7BCF9FE
:10E27000F7F7BCFAFAF7B4F8BDE80840F7F7F8BAD0
:10E28000F7F7C2BA08B5F7F7AFF9FAF7A9F803201C
:10E2900008BD08B5F7F7A8F9F7F7A8FAFAF7A0F854
:10E2A000032008BD90F83E00003818BF01207047D9
:10E2B000007A003818BF0120704710B501210446CC
:10E2C0000020F4F7ADF910B12146FFF7A1FF0121BD
:10E2D0000846F4F7A5F910B12146FFF799FFBDE80C
:10E2E0001040F8F7E1B9F7F78FBA80F84910704796
:10E2F00010B504460846194694F84030023B012BFD
:10E300000AD994F8400000F0FD000038BDE8104044
:10E3100018BF0120F5F7CABE0028F2D102F0FD02B5
:10E32000101E18BF0120FEF764FF0828E9D0012065
:10E3300010BD90F8400000F0FD00003818BF01202B
:10E34000F5F7B4BE38B504460D4690F8893003F0B1
:10E35000FF00F3B994F85430013B012B18D804297D
:10E3600016D1D4F8F03023B140F6F8113220F3F78B
:10E3700021FE216D11B940F6F911F7E704F1C8004B
:10E3800000F047FA84F88A50FF2384F8893001208E
:10E3900038BD0020FCE780F84010704701F0FD0315
:10E3A000B3FA83F35B0980F84A3080F85510704760
:10E3B00010B504460846002819460CBF0123002367
:10E3C00084F84B304FF0080384F8560084F84C3042
:10E3D00008D102F0FD02101E18BF0120FEF709FF50
:10E3E00084F84C0010BD08B522B940F63F21322018
:10E3F000F3F7E0FD80F859101368C0F85A3093889D
:10E40000A0F85E30036D90F8412083F8B320D0F877
:10E410004220C3F8B420B0F84620A3F8B82008BDC5
:10E4200010B5D0F8B04094420BD190F840208A4209
:10E4300007D1D0F8B4001B682030C31A58425841A5
:10E4400010BD0020FCE7012910B5044601D1F7F703
:10E45000CDF904F16C00F8F75BF9002384F8703013
:10E4600010BD10B5012104460020F4F7D9F820B9F9
:10E4700040F6CB213220F3F79DFD637880F85430CD
:10E48000A37880F84030E178FFF788FF237980F89F
:10E49000493010BD233070471FB5002403949DF907
:10E4A000204002949DF81C4001949DF8184000946F
:10E4B000F7F7A0FF04B010BD1FB503939DF9183006
:10E4C000CDE90123FF23009304220023F7F792FFF5
:10E4D00005B05DF804FB70B50378C3F380134B748B
:10E4E0000C4616460546FFF771F8062EA07407D8AD
:10E4F000012303FA06F212F0550F06D19E4212D004
:10E500000023C4E90133637013E06370EB1C6360A4
:10E510000023A3606B78063B13F0FF030AD0093594
:10E520002374E56070BD03236370EB1809356360E5
:10E53000A56000231D46F3E7027802F00F02FFF703
:10E54000CABF08B5D0F8C830D21A04D540F28A3113
:10E550002120F3F72FFDD0F8B000B2FBF0F008BD9A
:10E5600010B504460120FAF77BF900F52343A133E7
:10E570004FF47A72B3FBF2F303F27920D4F8F0305F
:10E5800003B1400010BDD0F8B430D0F8B000203353
:10E590001B1A584258417047D0F8F01070B5064623
:10E5A0001D46FFF7F0FF11B10130C0B270BDD6F8C3
:10E5B000B0100724A1FB041450B1D6E92630C918C5
:10E5C00044EB00048A4275EB04040AD20320EDE711
:10E5D000D6E92A30C91844EB00048A4275EB0404DA
:10E5E00001D20220E2E70120E0E72DE9F0410446F4
:10E5F000FBF762F8D4E92623074620468846FFF752
:10E60000CBFF0646FBF746F93128034603D8002620
:10E610003046BDE8F081421CD4E92E1513D04218D3
:10E62000AA42D4E9242028BF6B1AD21B60EB080051
:10E63000012A70F100054FF000052FDB9342854160
:10E6400000DB13465D186D1A41F288339D4228BFE6
:10E650001D46FBF731F8C7F1740303449D42D6D33E
:10E6600031462846FBF742F906460028CFD0FBF793
:10E6700029F8D4F8C020D4F8B830A818D4F8BC20B1
:10E68000C4F8C0002B449342C4F8B83003D1D4E995
:10E690003223C4E92A23FBF711F8B9E72B46D1E767
:10E6A00038B5044690F8F43003F0FF0043B3FF237D
:10E6B00084F8F53004F1F8052846FBF7B1F8284650
:10E6C000FBF7C2F800212046FFF7BDFE94F8F630B4
:10E6D00004F1C805ABB1D4F8E830E3B12846F6F749
:10E6E000B3FE002384F8F53094F8F60010F0FF0034
:10E6F00018BF0C2084F8F630C4F8F03084F8F430F9
:10E7000038BDD4F8F00030B1D4F8E8301BB900F5CA
:10E71000D870F6F729FE2846F6F726FEE1E790F8CE
:10E72000F4300BB1FFF7BCBF7047FFF7F8BF90F8AC
:10E730006400003818BF0120704708B50B7813F04B
:10E74000060F04D040F29F212120F3F733FC90F80C
:10E75000F42002F0FF0312B140F2A521F4E70A7899
:10E7600012F0010218BF8B684968C0F8B010C0F8F9
:10E77000D81040F27121A0F8DC1012B1203BC0F893
:10E78000B43008BDD0F8F0300BB1FFF789BF0C20D2
:10E79000704770B506460C4690F8F530002B34D122
:10E7A000FAF78AFF0546062C24D8DFE804F0282370
:10E7B000232B042330004FF40272D6F8B8306FF4E4
:10E7C00080710B44D6F898106D1A1544AB428CBF7B
:10E7D000012400240CD83046FFF707FF40B1D6F8DB
:10E7E000B8406FF480731C44A5422CBF0024012460
:10E7F000204670BD4FF44B712120F3F7DBFB4FF443
:10E800000472DAE74FF45772D7E70024F0E70124E7
:10E81000EEE7F8B50D46064601F5D877D5F8B8010C
:10E820000021F6F7F7FDB042044606D18268D5F81C
:10E83000B8319A4213D2816989B121463846F6F738
:10E84000B1FD002333622CB194E80E005B1842F155
:10E85000000201E000231A46C5E96C32F8BD9A4275
:10E860002CBFB260B360F2693762002AF2D00ECAE0
:10E87000ECE770B5044688B0052961D8DFE801F0FF
:10E8800003353C37605390F8F5304BB10121FFF769
:10E89000DAFDF9F7F5FD08B0BDE87040FCF712B8F5
:10E8A000FBF754F8C4E926010B460246064620460B
:10E8B0000D46FFF746FEB0FA80F040098DF81000D3
:10E8C00032462B4620460294FFF73BFE003818BF25
:10E8D00001208DF8110002A8F7F7F0FCD4F8B80079
:10E8E000E738C4F8C000FAF7E9FE08B070BD08B018
:10E8F000BDE87040F9F704BF00220092012302A98D
:10E90000F7F714FF58B102A904F1F800FBF7F4FF80
:10E910000028EAD140F273712120F3F74BFB204627
:10E92000F7F714FDE1E790F8F53023B108B0BDE842
:10E930007040FFF7D8BCFFF758FE0028D5D1F5E7A7
:10E940004FF4E571E8E710B5044688B090F8F4306C
:10E9500003F0FF0223B140F267212120F3F72AFBE5
:10E96000FF2380F8F43080F8F520FFF70CFE78B92B
:10E97000D4F8B4302033C4F8D03001220091002301
:10E9800002A92046F7F7D2FE28B94FF41F71E4E739
:10E9900041F28833EFE702A904F1F800FBF7ACFF7E
:10E9A00010B940F27D21D8E708B010BD10B504467B
:10E9B00088B090F8F52002F0FF039AB900931A4648
:10E9C00002A9F7F7B3FE50B102A904F1F800FBF772
:10E9D00093FF38B940F25A712120F3F7EBFA204641
:10E9E000F7F7B4FCF9F74CFD08B0BDE81040FBF7B1
:10E9F00069BF10B5044690F86D1090F86C00F8F7F8
:10EA00002BF9002201462046BDE81040FEF7BEBFAC
:10EA1000F8F7DCB9C0F8B811704710B50446FFF735
:10EA2000DAFAE269636B9A4228BF1A4600F59F71D1
:10EA30001046FEF7B4FF40F64803984228BF184638
:10EA400080B210BD08B520B940F277113520F3F738
:10EA5000B1FA437B03F0FF0113B14FF4BC71F5E74A
:10EA6000BDE80840202200F5EC70FCF7EBBF10B5C4
:10EA7000044686B020B94FF4BF713520F3F79AFAF7
:10EA8000427B02F0FF0312B140F27F11F5E701462D
:10EA900001226846F8F7F6F8694604F5EC70FAF7D3
:10EAA0008BFE10B940F28311E7E706B010BD036892
:10EAB00093F8A02022B100229A7383F84A2070476D
:10EAC000DA73FEF7E7BF03689A7B032A04D10022BA
:10EAD00083F84A209A737047FEF7DCBF037D63B961
:10EAE000837BA3F10F02032A07D990F8520028B1C3
:10EAF0001F2B8CBF00200120704701207047A1F11F
:10EB00001103012B0AD910B9182902D8704711290D
:10EB100006D91E298CBF00200120704701207047B4
:10EB20000020704738B5136814289B7B0D461446A7
:10EB30000CD016281AD0122835D1052B14D100225A
:10EB400020461146BDE83840FFF7A5B9203B022B0F
:10EB50000AD81046FEF78EFF35B1226892F862306F
:10EB600023F0200382F86230002038BD232BFBD134
:10EB70001046FEF77FFF6DB1226892F8633023F0F4
:10EB8000010382F86330226892F8633023F00803AF
:10EB900082F863301A212046F5F7EAF9236800224B
:10EBA00083F82C21E0E740F2AE413620F3F702FA79
:10EBB000036849789B7B0246A3F10F0010280BD90C
:10EBC0002C2B0BD0202B0BD0052B0BD0232B0CBFC9
:10EBD0001620FE20F8F71EBB0320FBE72320F9E7F1
:10EBE0001420F7E71220F5E7024600680B4690F87C
:10EBF000621041F0040180F8621099785878F8F7B3
:10EC000009BB70B50C460546D1E92F01F3F7B8FDF5
:10EC1000637B3BB104F5EC763046FAF701FE3046F3
:10EC2000FAF712FE04F5D8742046F6F78FFB10B100
:10EC30002046F6F799FB28460221BDE87040F3F71D
:10EC400005BD00207047F6F70DB8F6F76BB8F6F77C
:10EC500081B810B5827CB0F840300146B2B9C3F13A
:10EC6000020491F83E3013B18B7B052B13D108467B
:10EC7000FFF734FF88B18B6B486B043B181AA04236
:10EC8000A8BF204620EAE07080B210BDB0F8424034
:10EC9000E41A043CE5E70020F1E72046EFE708B579
:10ECA000F9F758FAF9F744F8F8F79CFFBDE808407F
:10ECB000F9F73ABE10B5C824F8F7F4FF022808D1D6
:10ECC000013C14F0FF04F7D10620F5F717FF2046AA
:10ECD00010BD431E58425841FAE74FF08053D3F815
:10ECE000A00000F0010070474FF08053D3F8A4203B
:10ECF000D3F8A830511C9BB203D14FF6FF718B4261
:10ED000003D00260838001207047002070474FF0DD
:10ED1000805330B5D3F89050D3F89440D3F898107E
:10ED2000D3F89C2005EA04030B40134001331FBFB6
:10ED3000056044608160C2600CBF0020012030BDCE
:10ED40004FF0805330B5D3F88050D3F88440D3F8D7
:10ED50008810D3F88C2005EA04030B4013400133DC
:10ED60001FBF056044608160C2600CBF00200120AD
:10ED700030BD38B504461546F9F768F82A4601460D
:10ED80002046BDE83840F9F717BB10B504460846E1
:10ED9000F9F766FD4FF47A73B0FBF3F0201A10BD5B
:10EDA00010B504460846F9F75BFD023C00F2E73374
:10EDB0004FF47A72B3FBF2F3E01A10BD08B5FCF71A
:10EDC0007BFDBDE80840FAF76FB8801A00F3070032
:10EDD00038B540B20D4659B21446FAF755F800233B
:10EDE00028706B70204440B238BD00230360704728
:10EDF0007047002070474FF0FF3070474FF0FF30F2
:10EE0000704770474FF0FF30704700207047002078
:10EE100070470023037070479DF800300022FFF711
:10EE2000D4BF4FF0FF307047002070474FF0FF30E5
:10EE300070474FF0FF3070477047C0B208B520B937
:10EE40004FF0804301221A6008BD4D21B520FCF728
:10EE500039FB0020FAF780B84FF08043D3F808045C
:10EE600000F0010070474FF08043D3F8140400F025
:10EE7000010070474FF08043D3F81C0400F00300FA
:10EE800070474FF08042D2F81834D2F81824C3F3F8
:10EE9000004302F00302824214BF002003F001008D
:10EEA00070470020FAF7CEB80020FAF7F9B8002032
:10EEB000FAF752B870B5FCF791FA002405462646D9
:10EEC000E0B2854200D870BDFCF78EFA01340685A9
:10EED00080F82A60F4E7F8B5037904461BB11B21DA
:10EEE0009D20FCF7EFFA4679017126B901234371A1
:10EEF000217909B96171F8BD276826712046B847A4
:10EF000002280546F4D103212046B84708B12F2135
:10EF1000E6E723682946204698470028E8D03021B4
:10EF2000DEE70346006800B970478842F9D10268FD
:10EF30001A6070470346002018707047EFF3108284
:10EF400072B603780121DBB2017002B962B6012BFF
:10EF50000CBF6FF0220000207047EFF3108372B6F1
:10EF60000022027003B962B600207047FCF77EBC35
:10EF7000FCF7C6BCFCF7C4BC00280CBF6FF0150042
:10EF8000002070470020704707230370002070475F
:10EF9000002070470020704710F8012B11F8013B4A
:10EFA000012A28BF9A42F7D0D01A7047034611F8B9
:10EFB000012B03F8012B002AF9D17047034613F8FF
:10EFC000012B002AFBD1181A013870472DE9F047B0
:10EFD0008C468E46089E154604461946002B40F086
:10EFE000D080724547D9B2FA82F74FB1C7F12003FA
:10EFF0000EFA07FC20FA03F3BD4043EA0C0CBC40B8
:10F000004FEA154EA8B2BCFBFEF8230C0EFB18CC41
:10F0100008FB00F943EA0C43994528D9EB1808F19D
:10F02000FF3204D2994502D9A8F102022B44A3EB86
:10F030000903A4B2B3FBFEFC0EFB1C330CFB00F077
:10F0400044EA0344A04214D92C190CF1FF3304D232
:10F05000A04202D9ACF102032C44241A43EA024034
:10F060001EB1FC40002334607360BDE8F087424667
:10F07000DDE76346F1E7002A79D0B2FA82F3002B8C
:10F080003FD01946C1F1200302FA01F52EFA03F22E
:10F090000EFA01FE20FA03F343EA0E034FEA154E7F
:10F0A00000FA01F4B2FBFEFCAFB20EFB1C201A0CFE
:10F0B0000CFB07F842EA004290455AD9AA180CF115
:10F0C000FF3004D2904502D9ACF102002A44A2EBF1
:10F0D00008029BB2B2FBFEFC0EFB1C220CFB07F7E6
:10F0E00043EA02439F4246D9EB180CF1FF3204D2A7
:10F0F0009F4202D9ACF102022B44DB1B42EA0042E0
:10F1000002E0AEEB020301224FEA154EAFB2B3FBB1
:10F11000FEFC200C0EFB1C330CFB07F840EA0343FB
:10F1200098452AD9EB180CF1FF3004D2984502D942
:10F13000ACF102002B44A3EB0803A4B2B3FBFEFC2A
:10F140000EFB1C330CFB07F744EA0344A74216D915
:10F150002C190CF1FF3304D2A74202D9ACF10203FF
:10F160002C44E41B43EA00400F46114678E71F2178
:10F1700088E76046ABE76246BFE76046DBE7634689
:10F18000EFE7734506D916B9002108466DE7C6E9D1
:10F19000000EF9E7B3FA83F787B9734501D38242CA
:10F1A00007D8841A6EEB030301209C461EB9002188
:10F1B0005BE73846FAE7C6E9004CF8E7C7F1200CF0
:10F1C000BB4022FA0CF51D4320FA0CF12EFA0CF389
:10F1D0000EFA07FE41EA0E014FEA154900FA07F45C
:10F1E000B3FBF9F81FFA85FE09FB18300B0C08FB7E
:10F1F0000EFA43EA00439A4502FA07F240D9EB18A7
:10F2000008F1FF3004D29A4502D9A8F102002B443C
:10F21000A3EB0A0389B2B3FBF9F809FB183308FB27
:10F220000EFE41EA03418E452CD9691808F1FF33DF
:10F2300004D28E4502D9A8F10203294443EA0040D2
:10F24000A0FB0298A1EB0E014145CE46434602D3F6
:10F2500006D14C4504D2B9EB020E68EB0503013828
:10F26000002EA4D0B4EB0E0261EB030101FA0CFCFA
:10F2700022FA07F34CEA0303F940C6E9003196E7A6
:10F280004046C5E74346D9E7F0B5002285B01146B0
:10F2900002AF40F6034005F02DF8044600285BD18C
:10F2A00004F0F6FD21463A1D41F2030005F022F874
:10F2B0000446002850D17A68294DD168D1F8010060
:10F2C000D1F8051005F1780303C3104603F01CF8CC
:10F2D00021463A1D41F2010005F00CF804460028D1
:10F2E0003AD17868C3685A7885F870205A88A5F8AA
:10F2F00072201A7985F87120B3F80720A5F87420D8
:10F30000B3F80530A5F8763002F0FEFF21463A1D2D
:10F3100041F2020004F0EEFF0446E8B9D7F804C059
:10F32000DCF80C2005F18006531C4132186859683E
:10F33000344603C4083393422646F7D1604602F0B0
:10F34000E3FF95F87C305A0610D4064A064801219E
:10F3500018F00FF96FF0120420460C37BD46F0BDCF
:10F36000480100200DEA0200E4CA02003A1D002113
:10F3700042F2030004F0BEFF04460028ECD17A6894
:10F38000A74BD168D1F80100D1F8051003C310468E
:10F3900002F0BAFF21463A1D42F2020004F0AAFF31
:10F3A00004460028D8D17E68F468B4F801309AB2D7
:10F3B00092B1E27882B1A5F8FC30E378032B06D055
:10F3C000032200929748984A022116F0D6FBE27871
:10F3D000964811461BF0D0FE304602F095FF95F896
:10F3E0007C6016F0200619D14FF0FF304FF0FF314E
:10F3F00004F078FD0446002800F0BD8102210C30A5
:10F4000016F07FFD0123037046702146324640F618
:10F410006D4004F06FFF044600289DD195F89C30A4
:10F420001B0712D53A1D002142F21C0004F062FFB6
:10F430000446002890D17868C368D3F80120D3F837
:10F440000530C5E9382302F05FFF95F8D8309E06F5
:10F4500023D5B91C384604F0F5FF044600287FF494
:10F460007BAF4FF0FF304FF0FF3104F03BFD06461D
:10F47000002800F0808104210C3016F042FD3B880A
:10F4800003807B8843802246314642F2240004F008
:10F4900031FF044600287FF45FAF95F8D8305C0652
:10F4A00010D53A1D002142F22A0004F023FF044641
:10F4B00000287FF451AF7868C3685B7885F8103115
:10F4C00002F022FF4FF0FF304FF0FF3104F00AFD51
:10F4D0000646002800F04F8108210C3016F011FD7F
:10F4E00095F8D84014F0400F40F20223024608BFBE
:10F4F0000323A0074CBF43F02C0343F00C03A106E9
:10F5000095F8D91048BF43F0400311F0090F18BF18
:10F5100043F4006304F0010443EA0410002118F0EE
:10F5200052F80022314642F2010004F0E3FE0446A4
:10F5300000287FF411AF95F87C30B5F8FC109806E0
:10F540005CD4C9B93A1D41F2050004F0D3FE04466B
:10F5500000287FF401AFB5F8FC307C684BB9E36854
:10F56000B3F80120A5F8FC209A88304811461BF01A
:10F5700003FE204602F0C8FE4FF0FF304FF0FF318F
:10F5800004F0B0FC0446002800F0F58008210C309F
:10F5900016F0B7FC95F8D830D907024638D424487D
:10F5A0004FF0005118F00FF82146002240F60140BC
:10F5B00004F0A0FE044600287FF4CEAE01463A1DBA
:10F5C0004FF6014004F096FE002837D0194A15483E
:10F5D000022117F0CEFFEB79002B40F0BC8005F044
:10F5E000C3FE044600287FF4B7AE07F0BDFC044616
:10F5F00000287FF4B1AE04F061FDADE60029BBD177
:10F600000D4A0848012117F0B4FF6FF00404A3E687
:10F6100001A1D1E90001C5E7908800020080002027
:10F6200020020020E4CA020031EA02004802002061
:10F63000108800029AEA020077EA02007B68DC6820
:10F64000B4F80130042B96BF584A594952F8231098
:10F650006E468AB002AA5748D3614FF400731384F0
:10F66000554BC2E9050142F8103F54484FF413517D
:10F6700017F099FFB4F80120B4F80330022AB54618
:10F6800049D1052B47D84E4A52F823106E468AB00E
:10F6900002AA4C48D3614FF400731384464BC2E96D
:10F6A000050142F8103F4FF41351444817F07BFF17
:10F6B000637994F806C0D4F80900032BB54698BFC7
:10F6C000414AB4F8076094BF52F8231038496C4699
:10F6D0008CB002AADFF8F4E0C2E9073C4FF40073F3
:10F6E00093853B4BC2E905E1C2E909604FF47351D0
:10F6F00042F8103F314817F056FFA546786802F0EF
:10F7000003FE3A1D00214FF6024004F0F3FD0446CB
:10F7100018B1304A5BE72649B8E77868C368B3F8A0
:10F720000130A5F8C13002F0EFFD95F8C1305A075D
:10F730007FF551AF3A1D21464FF6034004F0DAFD44
:10F7400008B1254A43E77868C3685B7885F8C0301C
:10F7500002F0DAFD3FE72E78002E7FF440AF95F8F7
:10F76000C1309B061FD54FF0FF304FF0FF3104F042
:10F77000B9FB044610B96FF06804EDE506210C30C2
:10F7800016F0BFFBD5F801300360144B9B888380D3
:10F79000214632464FF6064004F0ACFD04460028F0
:10F7A0003FF41DAFD8E56FF08504D5E55CD00200CD
:10F7B000D0E70200BEEA020004000001E4CA020031
:10F7C00044D00200D7EA020034D00200EFEA02007F
:10F7D000070000011CEB020045EB0200490100207C
:10F7E0001FB5114815F0D6FC104815F0D3FC104891
:10F7F00015F0D0FC0D4815F0CDFC0E4A106851688C
:10F8000001AB03C390681860002101A806F078F8E6
:10F81000014628B1084815F0BDFC05B05DF804FBB1
:10F82000064815F0B7FCF8E723DB02007ED702009C
:10F83000A8D70200D0CB0200C3D70200D8D702005D
:10F84000F0B5154687B00C4669B9524815F0A2FCD0
:10F85000514815F09FFC1422214628461CF043FE17
:10F86000204607B0F0BD137C002B40D14948CD683D
:10F8700015F090FC494815F08DFC218A484815F098
:10F8800089FC484815F086FC2B681B78022B2AD18E
:10F890004549464815F07EFC2E6816B3444B01AA34
:10F8A00003F1100718685968154603C50833BB42B1
:10F8B0002A46F7D11B782B7001A9304617F068FD56
:10F8C00078B9344815F066FC3A4815F063FC3A48BC
:10F8D00015F060FC3948218A15F05CFC354815F0BC
:10F8E00059FC0120BDE7364815F054FCD4E7032B42
:10F8F000F7D12848CD6815F04DFC324815F04AFC88
:10F90000218A314815F046FCA988304815F042FCA0
:10F91000A9792F4815F03EFC2E4B2E6801AA03F161
:10F92000100718685968144603C40833BB422246BE
:10F93000F7D11B78237001A9304617F029FD48B98B
:10F94000254CAB882548238015F024FC21882448C9
:10F9500015F020FC234B2E6801AA03F1100718684C
:10F960005968144603C40833BB422246F7D11B78BA
:10F97000237001A9304617F00BFD0028B1D11A4CB5
:10F98000AB881A48238015F005FC2188144815F02F
:10F9900001FCA6E723DB0200EFD7020009D8020032
:10F9A00018D802002BD802003BD8020099DA0200D6
:10F9B000DCCB02005AD802007CD8020092D80200A8
:10F9C00048D80200A6D80200BCD80200D5D8020050
:10F9D000EED80200EDCB0200BE3F00200BD90200A2
:10F9E0009AD80200FECB0200BC3F002032D90200B0
:10F9F00073B505462F4C30480E46C9B115F0CAFB09
:10FA00002E4815F0C7FB2E4815F0C4FB2B4815F007
:10FA1000C1FB2C48314615F0BDFB206818B106F03B
:10FA2000F9FB0023236002B0BDE87040FFF7D8BEA9
:10FA300015F0B0FB214815F0ADFB234815F0AAFBEB
:10FA40001E4815F0A7FB23681BB9284617F0F9FFDD
:10FA500020601E4B184800241C801D4B1C8015F094
:10FA600099FB164815F096FB1A4815F093FB1348BE
:10FA700015F090FB184B8DF804404FF42052ADF870
:10FA8000062001AA43F80A2C144A1C605C601C8101
:10FA9000134B53600123138111464FF6FF73284621
:10FAA000D38109F0C5FD014610B10E4815F072FB77
:10FAB00002B070BD842D002023DB02007ED702003F
:10FAC00056D9020076D9020081D90200BE3F00203B
:10FAD000BC3F00209AD902007A2D0020702D002012
:10FAE00041F80000BAD9020010B512480C4615F0D2
:10FAF00051FB114815F04EFB104815F04BFB0E481A
:10FB000015F048FB21460E4C0E4815F043FB2068CB
:10FB100018B106F07FFB002323600B4815F03AFB79
:10FB20004FF4804000211BF02BFDBDE81040FFF793
:10FB300057BE00BF23DB02007ED70200D5D90200EA
:10FB4000842D0020F0D9020000DA02002DE9F041F6
:10FB50000668337894B007460C4608AD032B39D8B5
:10FB6000DFE803F0023234364C492846FFF71EFA2C
:10FB7000B379059572780492B2780392F278029282
:10FB800032790192727900921E21454A0CA814F034
:10FB90008FFE97F9052043480CA915F0FBFA26685B
:10FBA000A368B4F80480F61AA388012B03D9204671
:10FBB00016F0F0F9A0B9A368A4F8048013FA86F34C
:10FBC000236014B0BDE8F0813749CEE73749CCE770
:10FBD0003749CAE7374A0A21284614F069FEC7E7C1
:10FBE000A3888342E7D3204616F0D4F90638C0B282
:10FBF0000128D9D8A3880F2BD6D92F4920681022E5
:10FC00001CF080FC30BBA3682C48A4F8048013FAD5
:10FC100086F3236015F0BEFA294815F0BBFA29488F
:10FC200015F0B8FA264815F0B5FA27480CA915F0D2
:10FC3000B1FA97F90510254815F0ACFA244815F0EB
:10FC4000A9FA05F0ADFE044648B10146214815F079
:10FC5000A1FAB6E71021204616F08CF9CAE71E4E2D
:10FC60001E4815F097FA06F140030FCB85E80F0008
:10FC7000306D716D1A4E06AB03C306AA294638686B
:10FC8000334607F02DF8014600289AD0154815F0A4
:10FC900081FA3460FFF7A4FD93E700BF14DA020095
:10FCA00036DA020059DA02001BDA020022DA020018
:10FCB0002CDA0200F4FE0200B405030023DB02008C
:10FCC0007ED7020073DA02008FDA02009DDA0200AA
:10FCD000AFDA0200CDDA0200D0CB0200EADA02008D
:10FCE000842D002002DB020008B5154815F052FAF9
:10FCF000144815F04FFA144815F04CFA114815F055
:10FD000049FA124815F046FA002004F0E5FD0146D4
:10FD100080B90F4815F03EFA0E4805F049FE0E482E
:10FD200015F038FAFFF75CFD00214FF400401BF09E
:10FD300027FCF9E7094815F02DFA002008BD00BF9F
:10FD400022DB02007ED7020025DB020046DB020038
:10FD500081DB020098020020A6DB02005CDB0200CF
:10FD60002DE9F84F8A4600AF002974D004680E1FB1
:10FD7000361BF50826F0070604EB0608B8F802B0B3
:10FD80001BF0010B16D1E94688B06A46334BCDE92A
:10FD90000531032342F8103F31485B464FF4C2510E
:10FDA00000F0B0FFCD468BF31188BFF36F8F0423B3
:10FDB000184602DF2946204614F0F7FF284434F89D
:10FDC0003030C01A854217D0E94688B06A46254BC4
:10FDD000CDE9053A032342F8103F214800234FF4B0
:10FDE000C25100F08FFF0023CD4683F31188BFF38B
:10FDF0006F8F0423184602DFB8F8023023F00103A6
:10FE0000A8F802302946204614F0CFFF05EB000881
:10FE100004EBC8035B88DA0708D44146204615F096
:10FE20000DF842462946204615F04DF8A65BAE1B5C
:10FE300004EBC6035B88DB0709D43146204614F087
:10FE4000FDFF2A463146204615F03DF83546294645
:10FE5000204614F0AFFFBD46BDE8F88F11DC02006C
:10FE60008CCB0200E8DB02002DE9F04F91B0840753
:10FE7000009302F004030293C2F3C20303F10103EF
:10FE8000DDF868A0039205460E46059340F09D817B
:10FE9000041D00284AD101F00706341DC6F10806EA
:10FEA000009B00275A1E4FF004084FF0FF330193C8
:10FEB0000497B946BB4643460DB1009921600598A9
:10FEC000002800F3D78090480099814203D38F48DF
:10FED0008142C0F0CF80039911F0020CA4EB050021
:10FEE00040F0D680B9F10F0F00F2CF80002D00F066
:10FEF000D68009F140010DEB010EC0F38700019996
:10FF00000EF8200C0EF8101CBCF1000F00F0C3809E
:10FF100060F07F000EF8200C013709F10109C5F1EE
:10FF20000801043406914FF6DA7E8CE00729B7D831
:10FF30006FF01B0011B0BDE8F08F7A285BD84B281A
:10FF40000FD8472857D829282ED8252850D052D83E
:10FF5000202818BF23280CBF4FF0010B4FF0000BD7
:10FF600071E04C382E2846D8DFE800F06D45454555
:10FF7000454545454545454548454545454545452E
:10FF800045564548485656566D486A456D45184889
:10FF90001845457F7C48454548457C0000204FF08A
:10FFA000000B4FF0040835E02A38C0B2012101FAF5
:10FFB00000F010EA0E0F46D110F0625C2CD110EA6E
:10FFC000010B40D06046013C4444B4FBF8F408FB0C
:10FFD00004F425B1A3EB050CA444B445A8D800282B
:10FFE00070D00599013905915AF8041B009163E717
:10FFF0000199013901914FF0000B24E012F8010C36
:020000021000EC
:100000006C2834D112F8023C00206C2B8346C8D1F6
:100010004FF008084346D6E70AF1070A2AF0070A14
:100020000734FAE802BC24F0070435B106982044EE
:10003000B0423FF67DAFC4E900BC08344FF0000B7E
:100040004FF00808434612F8010F002853D0BBF1C7
:10005000000F7FF472AF2528F5D1019B0133019386
:100060004FF0010B4FF00408ECE7584697E70020EB
:100070008346A8E7039988077FF551AF601B4FF0CF
:10008000010CB0F5007FFFF42DAF6FF0150051E7C4
:100090004FF0000CF5E70498013004903DE7BCF107
:1000A000000F01D0013638E70298023600287FF4AD
:1000B00034AF0098CDE90632FEF780FFDDE9063265
:1000C00006442AE7042B08D10AF1040015B1DAF836
:1000D0000010216004348246B5E70AF1070323F0DB
:1000E000070303F1080A1DB1D3E90001C4E90001C7
:1000F00008340823A7E7631BB3F5806FC5D23DB969
:10010000A6F10804E01815E728C6020090070300CE
:10011000029A28609B082B709DF81030AAB1EB70F2
:10012000AF702FB108A80022C5F1010C91450ED186
:10013000C5F101030DF120084FF0000A01930DF104
:10014000300BD14512D1601BF4E66B70E8E710F874
:10015000013B190608D50CEB040EB64503F07F03EE
:100160003FF6E6AE04F8013B0132DFE71FB198F934
:100170000020002A17DB029BD3B11AF80B2004F8E9
:10018000012B0022019B18191044B0423FF6D0AE5B
:1001900098F8000004F8010B0099039220461CF027
:1001A0007BF9039A14440AF1010A08F10108C8E72F
:1001B00098F8002055F822300093029B45F8223031
:1001C0000098FEF7FBFE421CDCE76FF00D00B1E685
:1001D0002DE9F04F97B000AFC7E90A3205468A46CD
:1001E00049B903784678807800EB83002844564567
:1001F00024D8A0EB050AD7F8803095F80280D7F80C
:10020000804003F00103FB61EB787B62B8F1000FE3
:100210000CBF002404F001041BB1D7F880309A070A
:1002200015D4A4B9FB6A1BB1BA6A5146284698474F
:10023000564630465C37BD46BDE8F08F441C20462C
:10024000FEF7BCFE013020440AF1010ACFE7D7F8DF
:100250008030C3F3C0033B622B78BB619B003B61E2
:100260006B687B61BB6905EB830BFB6A002B77D165
:100270005646D844BCB11C461BF8013B55F8230038
:10028000FEF79CFED7F88430013043B1D7F88830B0
:10029000A34282BFD7F8843023F814000134C34549
:1002A0000644E9D1D846D7F8803013F0050F0CBFCB
:1002B0004FF0020B4FF0010B4FF000097B6A99459C
:1002C000B7D298F8013055F823A0AE4B9A4508F103
:1002D0000208C0F04B81AC4B3A6A9A452CBF002310
:1002E00001230AB318F8021C7869FB6214F031FF8D
:1002F000FB6AC8B1EA468AB06A46A44B05937B699B
:10030000CDE906314FF40073ADF82030A04B42F830
:10031000103FA04800234FF4125100F0F3FC023EBE
:10032000D54609F10109C9E723B1FB6933B9A6EB49
:100330000B06F6E7D7F880309B07F2D55046FEF75C
:100340003DFED7F884304BB1D7F888309C423FBF90
:10035000D7F88420431C22F8143001340644E0E727
:10036000002C69D1B8F1000F6CD0D7F88030580755
:100370006BD5C14607F14800424659461CF08CF83F
:100380000BEB0803FB6000220233796A8A425ED3DA
:10039000D7F8802095F801B0F969920704EB0B03B8
:1003A000DBB254BF4FEA59020022002940F0A68078
:1003B000D7F8801011F0040F14BF494600216B706C
:1003C000A970EA703969BA6AFB6A28469847061E1E
:1003D000FFF62FAFBB692B707B6AEB704946BA6A98
:1003E000FB6A85F801B085F8028007F1480098475C
:1003F000B0F10009C0F2B6803B697A6A786A03EB13
:100400004201FB68BA6A414403EB4000AAEB0101D8
:10041000FB6A98470028C0F2A780B14409EB0006A8
:100420004FF0000B07F1380AA34569D30021BA6ADF
:10043000FB6A08469847FCE6444607F138004FF04F
:10044000000999E74446C1469AE7A14698E713F8A0
:10045000016CDFF830C155F8260013F8021C604526
:10046000C0F08A80DFF820C16045386A2CBF4FF0A9
:10047000000B4FF0010B38B17869C7E9013214F075
:1004800068FED7E90132F0B9BBF1000F1ED0F9695F
:1004900049B1611C04F1280007F13004041904F883
:1004A000206CCCB20FE0D7F8801049070BD509F1CA
:1004B000280007F1300C09F1010100EB0C0909F8E3
:1004C000106C5FFA81F9013202335EE7D7F88000E1
:1004D0008007DED409F1280C07F1300EF44409F14D
:1004E00001000CF8101C07F1580151FA80F009F1D5
:1004F00002095FFA89F900F8106CE4E700215EE771
:100500001BF80A3087F8373055F82390D7F8843035
:100510002BB3D7F888309B4521D2D7F8843033F8F5
:100520001B80BA6AFB6A012107F13700984700284F
:100530001ADB0644B8F1000F06D14846FEF73EFD2F
:1005400000F101081FFA88F8BA6AFB6A414648467A
:100550009847002808DB06440BF1010B64E74FF0D5
:100560000008DEE74E4664E6064662E63B6A002B7C
:100570003FF4E0AE0023B5E6386A0028A6D04FF07D
:10058000000B79E728C60200900703003EDC02005A
:10059000040000012CCB0200014B1860704700BF23
:1005A000A402002080B505460E461746984610F076
:1005B000D3F8034601F014FCDFF81890044649F81C
:1005C0000030424630463946A84754F8090001F049
:1005D000A3FB00BF080000002DE9F047058B04468F
:1005E000280717460CD501290CBF45F0100545F02A
:1005F0002005258387F31188BFF36F8FBDE8F0874F
:10060000022905F0070540F09480204615F062F8B5
:10061000052864D801A353F820F000BFF5050100B8
:1006200033070100DF060100A1060100BB0601003F
:10063000CD06010001F007035A1F012A1FD800222E
:1006400021F00701062BD4F8008089B2C4E900220A
:1006500009D1434603E0628B013262831B68002BA1
:10066000F9D141F002012183204615F033F84FF013
:10067000000900286DD041F02001218369E0042B9E
:100680000AD121F0070189B22183204615F022F812
:1006900010B141F0200121834FF00008C14658E01D
:1006A0002369D3F80090238B23F0070343F006035C
:1006B00023834FF0000846464BE02369D3F80490AB
:1006C000238B23F0070343F00403F1E72369D3F8F6
:1006D0000890238B23F0070343F00503E8E74FF06E
:1006E0000008C146E7E7012243F00803238387F3AC
:1006F0001188BFF36F8F002A3BD1B8F1000F4AD1A8
:10070000B9F1000F02D02D492046C847EFF31187F9
:10071000402383F31288BFF36F8F238B23F00803EA
:100720009BB22383D9063FD523F01002228303F026
:1007300007056669218B002EBFF67CAF0023D4F835
:10074000008021F00701C4E9003341F00101218359
:100750009946238B03F0070AAA4502D0A268002A13
:10076000C1D1B8F1000F02D1B9F1000FDAD00022E7
:10077000BAE7A1680029C0D00D680029BDD04F6834
:10078000334652462046B8471DB12B6829461D46C0
:10079000F3E72B46FAE74146334652462046D8F85F
:1007A000008014F0C3FFA8E79A067FF523AF23F07B
:1007B0002002228303F0070527E700BF59570200F4
:1007C0002DE9F047DFF85480044607464FF0010951
:1007D00094FAA4F5B5FA85F509FA05F32E0108EBAC
:1007E00005156FEA030A24EA03042B7B63B158F86A
:1007F00006301B696BB946440422736828461968A1
:1008000007EA0A0715F036F9002CE1D13846BDE8B1
:10081000F087284698470028F6D1ECE7BCCB0200C9
:1008200010B51049104888B000221AF0D1FF4FF4DB
:1008300000320023CDE9062300240E23CDE9033442
:10084000CDE90144094B0A4900944FF4407209482C
:100850000FF008FD084907481AF0D1FD204608B0FE
:1008600010BD00BF7D080100401C0020AD0B010041
:1008700000440020B0170020FDDC020001480FF00A
:100880008DB900BF680900202DE9F0478046214856
:100890000F4615F0CFF80646002833D0002528462D
:1008A000BDE8F087237B83B12368DB680BB120466A
:1008B0009847636883F8069023681B69D3B9636817
:1008C00004221968204615F0D5F801361034544535
:1008D000E8D3B8F1000FE2D0002DDFD02846FFF7B3
:1008E0006FFF0546002FF7D000214FF4A4701AF0D7
:1008F00047FEF1E7204698470028E0D009FA06F3C2
:100900001D43E2E7044CDFF814A005464FF001094F
:10091000DDE700BF982D0020BCCB0200CCCB02004D
:10092000014B53F820007047ACCE020008B50346D7
:1009300008462BB1044A136000F044FC002008BDB7
:100940006FF01500FBE700BFA802002010B5044CB3
:10095000237813B903480FF021F90123237010BD48
:10096000E03F00206809002010B504460B4815F050
:1009700061F85CB1BFF35B8F094B53E8001F01398D
:1009800043E80012002AF8D1BFF35B8F054810F04E
:1009900009FA0548BDE810400FF000B9902D00207D
:1009A000942D0020401C002068090020064BBFF356
:1009B0005B8F002253E8000F43E800210029F9D1A2
:1009C000BFF35B8F704700BF902D002070B5FFF71D
:1009D000EDFF084C084E0546B44200D370BD636875
:1009E0005B792BB123685B6813B129462046984791
:1009F0001034F1E7BCCB0200CCCB020010B5044CA4
:100A00000449204614F0E0FC034B1C6010BD00BFFD
:100A1000BC07002098CE0200882D00200D4A0E4809
:100A2000002310B513700D4A13600D4A4FF40041B6
:100A30001360FFF77BFFFFF7E1FF0A4B0A491846F7
:100A40008B4200D310BD1A1A5C6812110132227158
:100A50001033F5E7E13F0020315A0200902D0020CD
:100A6000942D0020BCCB0200CCCB0200014600221A
:100A70000148002314F0C9BCBC070020014814F051
:100A800060BD00BFBC070020024B0146186814F08F
:100A9000B3BD00BF882D0020014814F0E8BD00BFA1
:100AA000BC07002070B52A4B1B78002B4ED0FFF7F7
:100AB000E5FF0446002846D1264B274D1B68002B36
:100AC00019DD1AF03DFE4FF47A76A0FB063206FBE4
:100AD0000121D5E90020DB0B43EA41439B1A4FEA91
:100AE000D13140F2E93261EB0001934271F1000132
:100AF00001D3FFF76BFFD5E9003213F57A7342F1AA
:100B00000002C5E900320CB3BDE87040FFF7C4BF76
:100B10006B685B7923B12B6821461B682846984790
:100B20001035B542F4D32046FFF7AEFFBFF35B8F1D
:100B30000A4B53E8001F013943E80012002AF8D19C
:100B4000BFF35B8FB8E7064D064EEAE7002070BDA5
:100B5000E03F0020902D0020381C0020942D002024
:100B6000BCCB0200CCCB020070B50D4D297861B929
:100B70000120FFF789FE0B4C0B4EB44206D3FFF762
:100B800091FF0028FBD101232B7070BD63685B7956
:100B90001BB1236820469B6898471034EDE700BFDF
:100BA000E13F0020BCCB0200CCCB020000212DE9AC
:100BB000F8430846FFF768FE044648B340F267680A
:100BC0004FF0000901F00CF91A4B1B4A1B58136037
:100BD00033B11A4B1B68092B02DD19480EF0DEFFFA
:100BE000184F002544B12046FFF7EAFD044618B926
:100BF0004FF0FF384FF0FF39FFF754FF064628B992
:100C0000B5B90F4842464B460EF0FCFF3546E9E7C2
:100C10004FF0FF384FF0FF39D4E72B689B691BB1C9
:100C200000221146284698471035BD42F5D3E8E723
:100C3000054DFAE7080000008C2D0020942D0020BF
:100C400068090020CCCB0200BCCB020013B51848C9
:100C500014F0F0FE174B1B7873B1EFF311844023AF
:100C600083F31288BFF36F8FFFF71CFF84F31188A3
:100C7000BFF36F8F02B010BD0F4B1B68002BF9D074
:100C800050B900220023CDE900230C484FF4004264
:100C9000002310F04FF8EDE70928EBD1074810F0DA
:100CA00081F8074802B0BDE810400EF077BF00BFE2
:100CB000942D0020E13F00208C2D0020401C0020BE
:100CC0006809002010B5064B1B680446984721466A
:100CD000A060044814F016FCBDE81040FFF7B6BF52
:100CE000A8020020BC070020044A054B9B1AB1EB68
:100CF000D30F34BF52F8310000207047ACCA020055
:100D0000BCCB02002DE9F04F8FB004AFC1F34A26EF
:100D1000B8600D4690467B600C0D002E61D04FF000
:100D200000090A234FF0040B07F1140AFE60C7E91B
:100D30000799C7F824900093CDF808B0CDF804A027
:100D400007F11C03F9684A464046FFF741FAB0F53F
:100D5000006F03461CD36C468AB0D8F8041004AB6D
:100D60002448C3E9050140F2FF71D9611A464FF4E6
:100D700000711984204B42F8103F20484B464FF435
:100D80001251FFF7BFFFA5462C37BD46BDE8F08FD7
:100D9000C0F30A0604F11700184420F00700800889
:100DA0003B60FFF763FE66F35325044680B13B6862
:100DB000134A00F11001C7E90839F961CDE901AB27
:100DC0000A230093F96807F11C034046FFF700FA75
:100DD00066F353257B68B9682A46204614F06AFEFC
:100DE000D2E704F1170020F007008008FFF73EFE6D
:100DF0000446EDE712DD0200040000013CCB0200D6
:100E0000875A02002DE9F04F87B0DDE9127ADDE95B
:100E1000106B0546884614469946BFB11021CDF89F
:100E200000A03B465A460020CDF814A0FFF71CF85E
:100E3000B0F5006F01460BD3194A1A4840F2FF7310
:100E4000022107B0BDE8F04F14F08DBE3946384698
:100E500004F0070305F00704E40044EA831444EABD
:100E6000402444EA065406F11700084420F0070025
:100E700080080391FFF7FAFD054640B13FB10399A1
:100E8000CDF800A03B465A461030FEF7EDFF4B462A
:100E900022464146284607B0BDE8F04F14F00ABE8E
:100EA00051DD02003CCB0200406820B1034BC01A68
:100EB00040F3CF0070474FF0FF307047ACCA0200DC
:100EC0000EB403B503AB014653F8042B0448019359
:100ED00001F00CF902B05DF804EB03B0704700BFFD
:100EE000C95B0200CA0605D48B064CBF0249034900
:100EF000FFF7E6BF704700BF23DB020089DD020079
:100F00002DE9F04F89B09846159B0693DDE916A3AD
:100F10009DF85090189F059204460D460493B9F130
:100F2000000F00F0B08007F48073079314F0A0FD69
:100F300007F0020B0246002874D078492046FFF7DC
:100F4000BFFF0646BBF1000F08D017F0440F6BD16E
:100F500073492A462046FFF7B3FF064407F0010312
:100F600053B1704B704953F82920704B2046002A2A
:100F700008BF1A46FFF7A4FF07F48073002B07F0A1
:100F8000080318BF4FF00008002B79D0684B69495F
:100F900053F829202046FFF793FF0546059B2BB108
:100FA00065491A462046FFF78BFF0544B8F1000F4C
:100FB00005D0624942462046FFF782FF054460485B
:100FC0003544069B1BB15F49224614F091F8049BFF
:100FD000002B00F08E80DDF810803946B8F1100F3C
:100FE000204628BF4FF01008FFF77CFF0026B542CF
:100FF00050DC002633461AF8032053492046FFF7F9
:101000005FFF0136102E4BD0710703D14F492046A8
:10101000FFF756FF46453346EDD34D492046FFF7CF
:101020004FFFEEE706468DE74A4B1868002894D03C
:10103000494B4FF47A7B1B68B5FBF3F54FF46163C2
:10104000B5FBF0F100FB11550BFB05F54FF03C0C27
:10105000B1FBF3F203FB1211B5FBF0FEB1FBFCF3A5
:1010600000FB1E550CFB13110BFB05F50091B5FBA6
:10107000F0F53A49CDE901E52046FFF721FF6CE79D
:1010800007F008058AE7B8F1010F0CBF2C48344877
:101090004D4696E72D492046FFF712FF0136A6E799
:1010A000304920460026FFF70BFF33461AF803208D
:1010B0002D49A2F120035F2B28BF2E222046FFF7E7
:1010C000FFFE0136102E0DD0720703D11F492046B6
:1010D000FFF7F6FEB0453346E8D81C492046FFF737
:1010E000EFFEEEE7049BB3EB0803C24404937FF4E6
:1010F00072AFB9F1000F0AD0FB0704D50B4A0A49B9
:101100002046FFF7DDFE39462046FFF7EBFE20467E
:1011100009B0BDE8F04F14F04ABD00BF91DD0200F8
:1011200095DD0200BCCE02000FE802008CDD02005B
:10113000D0CE0200BADD0200C0DD0200C4DD020034
:10114000C95B0200ED200100C9DD0200D1DD020013
:10115000CFDD0200A02D00209C2D00209EDD02008E
:10116000FF5B0200D3DD0200D5DD020073B542F261
:101170000F738B4228BF0B4605680F4A04460521B2
:10118000684613F095FB63680C495B6806460B22C2
:10119000284614F0FEFC63683246694628465B68C0
:1011A00014F0F7FC636806495B681B22284614F0BC
:1011B000F0FC02B070BD00BF6E040300E005030048
:1011C000C4050300074A00210123904206D8064ABD
:1011D00001B901231360054B1860704740085B009C
:1011E0000121F2E740420F009C2D0020A02D00209D
:1011F000F8B5074F0D4604464618B44201D12846BB
:10120000F8BD14F8011BBB6801485B689847F4E718
:101210006CC70200014B03600020704718CF02002A
:1012200007B51B491B4814F0C9FF70BB1A49194880
:1012300014F0C4FF48BB1949164814F0BFFF20BB87
:101240001749144814F0BAFFF8B90146154A114875
:1012500015F09BFAC8B9024613490E48012315F050
:101260006EFB90B901230093014602230948EF2247
:1012700014F0AEFE48B9074814F0D3FE28B905486B
:1012800003B05DF804EB14F0FCBE03B05DF804FBA2
:1012900028030020CC0A002010030020F8020020C0
:1012A000E0020020B40200200EDE020008B504486F
:1012B00013F070FF034813F06DFF002008BD00BF5E
:1012C00027DE02005CDE0200014811F0C9BC00BF4D
:1012D0007CCF020038B5044618B90F4B0F485B6845
:1012E00098476168B1F5683F10D0B1F5680F0DD02F
:1012F0000B4DA9420AD011F46861206807D001465D
:10130000084819F031FE00232360656038BD1422BF
:101310001BF0E9F8F9E700BFB806002089DE0200FB
:101320002C5F5CA9C832002008B520B34368B3F530
:10133000683F10D101220368BFF35B8F53E8001FA1
:10134000002903D143E800200028F7D1BFF35B8FC9
:101350000DD1002008BD094A93420AD000684FF021
:10136000FF324FF0FF330EF025FB0028F1D0044888
:10137000F0E70448EEE76FF4E040EBE72C5F5CA990
:10138000E98FFFFFEA8FFFFF08B5D8B14368B3F5D7
:10139000683F10D100220368BFF35B8F53E8001F42
:1013A000012903D143E800200028F7D1BFF35B8F68
:1013B0000BD1002008BD074A934208D000680EF008
:1013C0006BFBF6E76FF4E040F4E70348F2E703480D
:1013D000F0E700BF2C5F5CA9E98FFFFFEA8FFFFFFA
:1013E00010B5044618B91D4B1D485B6898476368E3
:1013F000B3F5683F2FD0B3F5680F2CD0194A93424C
:1014000019D1236803BB18484FF0FF324FF0FF3368
:1014100021460EF0D7F908B923681BB90F4B1348C2
:101420005B6898472068142200211BF05CF84FF499
:101430006863636008E0B3F5680F0DD83A2B03D0FA
:1014400040F6BA629342DED1206819F0ECFD636881
:1014500043F03A03636010BD054AF3E7B806002085
:1014600089DE02002C5F5CA9C8320020AFDE0200DA
:101470003A00003A08B5064906484023142219F0FC
:1014800066FDBDE808400449044811F079BE00BF7C
:10149000C82D0020C832002084CF020098CF02005F
:1014A00008B50348034A0021121A14F05AFC08BD7B
:1014B000600B0020CC4300200748084A084908B5C3
:1014C000121A14F050FC0748074A0849BDE80840C2
:1014D000121A14F048BC00BF00000020600B00206E
:1014E0009007030000000020000000209007030088
:1014F0002DE9F047064600AF0C46002936D0E946F4
:101500008AB0D1E90012A3686D462148E8464FF041
:10151000050ACDE90501CDE9072348F810AF1D48BC
:10152000424600234FF42151FFF7ECFBCD46D4E9AE
:1015300003126369AD461848C5F810A0C5E9050156
:10154000C5E907231348002342464FF42151FFF712
:10155000D9FBCD46E369114A0E48012114F003FB83
:10156000A3690F4A0B48012114F0FDFA012E07D19F
:10157000EFF305830B4A0748103B314614F0F3FAAA
:10158000214630460DF05AFFBD46BDE8F08700BF4A
:10159000DCDE020084CB02000BDF02003ADF020037
:1015A00049DF020077DF020030BFFFF7FDBF00BF59
:1015B0002DE9F0410B4EDFF8308006EB0807CC1B1D
:1015C00005463246094920461AF066FFA0194246F0
:1015D0000021083C1AF087FFAC6707F10800BDE85E
:1015E000F08100BF0000000008000000CCCB02002A
:1015F00010B5204C2049214814F0C2FBA36A990180
:1016000036D51E481E4914F0BBFB1E20A36ADA0122
:1016100004D51A481B4914F0B3FB1F20154CA36ACC
:101620001B0304D51548184914F0AAFB2120A36A0E
:10163000590304D51148154914F0A2FB22200D4C82
:10164000A36A9A0304D50D48114914F099FB23208D
:10165000A36ADB0304D509480E4914F091FB24204A
:10166000044A936A6FEA03436FEA1343936210BD1F
:101670001D20CBE700ED00E08ADF020084CB0200F2
:10168000A2DF0200B5DF0200CFDF0200EDDF0200C3
:1016900012E002002CE0020070B506460D46284C10
:1016A0002849294814F06CFBA36AD9043CD5264884
:1016B000264914F065FB1720A36A1A0504D52248B1
:1016C000234914F05DFB18201D4CA36A9B0512D51D
:1016D0001D48204914F054FBA36BA26A100409D5DD
:1016E0001D4A1948012114F03EFA1EB1A36A23F4E1
:1016F0000043A3621920124CA36A590504D512486D
:10170000164914F03DFB1A20A36ADA050ED50E48DF
:10171000134914F035FB1B20094A936A43F47F43B5
:10172000936200232B7070BD1620C5E7A36A9B044B
:10173000F2D505480B4914F023FB1C20ECE700BF51
:1017400000ED00E057E0020084CB02006DE00200F3
:101750007EE0020091E00200AAE00200BFE0020089
:10176000DAE00200F2E002002DE9F8438046894603
:101770001746354D3549364814F002FBAB6ADE0694
:1017800027D53449324814F0FBFA1124AB6A1D07FF
:1017900004D531492E4814F0F3FA12242A4DAB6ACD
:1017A000980718D52D492A4814F0EAFA6E6BAB6AEF
:1017B000190646D52A4A26483346012114F0D3F9A2
:1017C000B9F1000F03D0AB6A23F08003AB6213249E
:1017D00003E01024DAE76FF015061B4DAB6ADA0759
:1017E00004D520491A4814F0CBFA1424AB6A9B069E
:1017F00004D51D49164814F0C3FA1524124B9A6AF1
:10180000D50602D49A6A90070AD55B68190507D5F0
:101810004146304600F036FA10B180F309880224C0
:10182000094B9A6A920642BF5A6A22F400525A62DF
:101830009A6A42F0FF029A6200233B702046BDE89C
:10184000F8836FF01506C2E700ED00E021E1020029
:1018500084CB020037E102007EE002006AE1020070
:1018600082E1020098E10200F2E002002DE9F0417D
:10187000684B8AB0D3F8048000AF0446C8F308066A
:10188000002585F31188BFF36F8F02F07F43B3F11A
:101890007F4F07D102F00C03082B12D15E495F483D
:1018A00014F06EFA00252C460023FB71F31E092B61
:1018B00000F28F80DFE803F00A8588818D8D8D8DA1
:1018C0008D8B10074CBF0C460125EDE7544953485A
:1018D000504E14F055FA0023FB71F36A9A0705D5B0
:1018E00050494E4814F04CFA00232DE0F36A002BC7
:1018F00001DA4D49F5E7F36A5B00F5D54B494748F6
:1019000014F03EFA7369A26943F480737361BFF304
:101910004F8FBFF36F8F32F8023C726922F48072EE
:101920007261BFF34F8FBFF36F8F03F47F42B2F545
:101930005F4F2BD1DBB2022B28D123683C4A3748BA
:10194000012114F010F92368FA79DAB907F10806D1
:1019500004F1200C20686168324603C208346445F3
:101960001646F7D17A6A002D50D0C2F3080121B98A
:101970006FEA52226FEA42227A6207F108011846A2
:10198000FFF7B6FD2837BD46BDE8F081214B9A6AC6
:10199000D2B22AB1FA1D01212046FFF7E5FE0EE082
:1019A0009A6A12F47F4F04D0F91D0120FFF774FEEC
:1019B00005E09B6AB3F5803F96D3FFF719FE034617
:1019C000C2E7FA1D0021E7E7F91D0020EEE71949FB
:1019D00087E7194A194B18F4F87FE8468AB008BF20
:1019E00013466A461649CDE905134FF40073ADF866
:1019F0002030103E134B079642F8103F0748002353
:101A00004FF41151FFF77EF9C5466DE76FF30802F9
:101A1000B2E700BF00ED00E0E5E1020084CB020088
:101A200010E2020027E2020048E2020056E2020051
:101A300075E2020091E20200B7E10200CCE102008F
:101A4000B5E2020004000001044B5A6942F01002A2
:101A50005A615A6922F008025A61704700ED00E0AD
:101A6000EFF30880EFF3098101B57246FFF7FEFE40
:101A700001BD00BF002080F31488BFF36F8F0F48B3
:101A800080F308880DF0BCF900200D490860BFF311
:101A90004F8F00F02BF8402080F3118809484FF455
:101AA0000461401880F30988EFF314800221084391
:101AB00080F31488BFF36F8F00F0B4F8C07C00206F
:101AC00094ED00E0006300200749D1F89020002346
:101AD000C2F307221846934200DB7047C1F89830E2
:101AE000C1F8A0000133F6E700ED00E008B572B6DA
:101AF000002383F31388FFF7E7FF144B4FF0FF3207
:101B0000C3F88020C3F88420C3F88820C3F88C2051
:101B1000C3F89020C3F89420C3F89820C3F89C2001
:101B2000C3F88021C3F88421C3F88821C3F88C212D
:101B3000C3F89021C3F89421C3F89821C3F89C21DD
:101B400062B6BFF34F8FBFF36F8F08BD00E100E0B7
:101B50001EF0040F0CBFEFF30880EFF309808169DA
:101B600011F8021C0229FFD001B5724614F0FDF8ED
:101B700001BD00BF40B2002807DB044A4109012330
:101B800000F01F00834042F82130704700E100E080
:101B900040B200280CDB4309064900F01F00203347
:101BA0000122824041F82320BFF34F8FBFF36F8F94
:101BB000704700BF00E100E0054B420900F01F0044
:101BC00053F82220012303FA00F01040704700BFB1
:101BD00000E100E040B2D30754BF023100210028E9
:101BE000ACBF00F16040074A4FEA4113ACBF00F5BB
:101BF000614000F00F00DBB2B4BF135480F8003333
:101C0000704700BF14ED00E0044B054A23F07F034A
:101C10009360BFF34F8FBFF36F8F704700100000CA
:101C200000ED00E008B5FFF7EFFF074AD2F8883073
:101C300023F47003C2F88830FFF732FCFFF73CFC56
:101C400000F0B0F80DF020FD00ED00E042F8203C7F
:101C5000009B42F81C3C0A49019B42F8183C029B3D
:101C600042F8143C21F001014FF0807342F8043C2B
:101C700042F8081C0023203A0265C367704700BF82
:101C8000A5050100094A0346906870B113F1160FCB
:101C9000806E05D0A0F14002934205D3834203D267
:101CA000814228BF00207047002070473C39002047
:101CB00008B515460B4A0C4B9060826F1A600E46B1
:101CC00000F0A0F82C4686F309880020034B9847C3
:101CD0002046002100220023014C2047975D02008E
:101CE000A50501003C390020E4320020014B102200
:101CF0001A61704700ED00E0054B5A699B689A42F3
:101D00001FBF044A536843F080535360704700BFBD
:101D10003C39002000ED00E0084B9B6883420BD16A
:101D2000EFF3058343B1064B5A6842F080525A6084
:101D30005A6A22F400425A620EF014BD3C39002067
:101D400000ED00E014498A684FF030001044EFF3D2
:101D5000098C80E8F01F402080F31288BFF36F8F5A
:101D60000E4F4FF000664A698A603E60906F0C4CDF
:101D70002060D06F0023D36780F3118804B510462C
:101D800000F040F8BDE8044002F1300090E8F01F98
:101D90008CF30988704700003C39002004ED00E016
:101DA000E4320020044800234021C2180133302BC4
:101DB00082F80013F9D1704700E100E008B5EFF3B5
:101DC0000583064A103B02EBC30152F83300496811
:101DD0008847BDE80840FFF78FBF00BF14C8020066
:101DE0000148006870470000E4320020024B034ABB
:101DF0000348012100F08AB8000004200000002000
:101E0000A8CF0200836E054A403B1360044B40217B
:101E1000C2E901131046012100F082B8E832002027
:101E200000000B1508B503461048D0F89020C2F307
:101E30000722013A934207D90D480E4A012113F0B7
:101E400092FE6FF0150008BDC0F898300A6822F0C5
:101E50001F021A4342F01002C0F89C208A6842F028
:101E60000102C0F8A0201846EDE700BF00ED00E039
:101E70005CCB0200CCE20200F0B50E4685B01F46F6
:101E800004460025B5420DDA606810B397B1431ED1
:101E900018420AD0104A11482B46012113F063FE64
:101EA0006FF01502104605B0F0BD1F28F2D9216869
:101EB0000B42EFD12368019313F090FFA36801A9AF
:101EC0000343D0B20393FFF7ADFF10F1160FE7D035
:101ED000421C01350C34D5E7F2E202005CCB020073
:101EE000044B0522C3F89420BFF34F8FBFF36F8FCD
:101EF000704700BF00ED00E0BFF35F8F024B002290
:101F0000C3F89420704700BF00ED00E010B5034C0B
:101F100001232278FFF7B0FF207010BDE33F0020BF
:101F200008B50B4A00231278FFF7A6FF10F1160F31
:101F300007D0084A0021D2F89030C3F30723984213
:101F400000DB08BDC2F89800C2F8A0100130F2E72B
:101F5000E33F002000ED00E02DE9F0435D485E49DD
:101F6000D0F890300C68C3F307239C4285B000F290
:101F7000AE80FFF7C1FF49680022944201F10C01D5
:101F80001AD1564F564D3C706846FFF743F9554CF1
:101F9000554E81464FF00008C14520D13B784D4950
:101FA0000020D1F89020C2F307229342C0F289802A
:101FB000FFF796FF002050E0C0F8982051F80C3C45
:101FC00023F01F03134343F01003C0F89C3051F873
:101FD000043C43F00103C0F8A0300132CDE7009883
:101FE00000EB08114FEA081CCB682340B3F5000F43
:101FF00049D00BD8B3F5001F32D0B3F5800F37D0DE
:10200000B3F5801F14D008F10108C5E7B3F1007FD4
:1020100042D0B3F1805F48D0B3F1807FF3D150F864
:102020000C3088684A6813F0D9FE40F0887009E0E7
:1020300050F80C3088684A6813F0D0FE40F08850A1
:1020400040F43020039001A93878CDE90123FFF74F
:10205000E9FE002831DA6FF0150005B0BDE8F08325
:1020600050F80C3088684A6813F0B8FE3043E9E74E
:1020700050F80C3088684A6813F0B0FE40F0C06039
:1020800040F40030DEE750F80C3088684A6813F0FE
:10209000A5FE40F08270D5E750F80C3088684A6899
:1020A00013F09CFE40F48020CCE750F80C30886898
:1020B0004A6813F093FE2843C4E73B7801333B7032
:1020C000A1E7C1F89830C1F8A000013369E74FF0EB
:1020D000FF30C2E700ED00E0B4CF0200E33F002094
:1020E000000002110000F0FF00000811F0B587B0F9
:1020F00007460E4614460021102268461D461AF077
:10210000F2F902238DF802302A46054B019321464D
:102110006846CDE9047612F0F5FB07B0F0BD00BFCC
:10212000FD5D020008B5024812F0A2FBFEE700BF09
:1021300027E3020008B5024B1B689847002008BD42
:10214000F4320020034B044A1860937843F00203F2
:1021500093707047F43200209003002008B50649C0
:10216000064821F00701C1F1005202F5802212F069
:102170007EFF002008BD00BF4BA00020F8320020E9
:1021800070B54169867A0B4D044659B1437ADB0735
:1021900006D4242303FB0653DB691B689B6898471E
:1021A000002363612420214600FB0650BDE87040F7
:1021B00018F0D4BFAC090020024B242202FB0030EF
:1021C000704700BFAC090020827A064B242101FB36
:1021D00002331A6A1B7D1B33801A23F00303B0FB02
:1021E000F3F07047AC09002038B5074B827A2424FD
:1021F00004FB0233DB69D3E901240C601568FFF7A7
:10220000E3FF04FB005038BDAC0900202DE9F0438A
:1022100085B005466846039190461C4619F092FA2F
:10222000DDE90067EFF31189402383F31288BFF3E0
:102230006F8F6B8A002B41D02A8A9A4225D90022BF
:10224000002328460DF078FC0446F0B189F311888C
:10225000BFF36F8F039B002B41D032463B4668464D
:1022600019F095FAA27A264B242101FB023320466D
:10227000DB691B6803A91D68DDE90023A8476061CD
:1022800070BB2046FFF77CFF24E0698A4B1E6B82FF
:1022900089F31188BFF36F8F2B7D2A8A2C6A1B3339
:1022A00023F00303521A02FB0344154B154AEB1AA1
:1022B0009B105343A3722B7DE372CBE789F3118804
:1022C000BFF36F8F2346424628460DF035FC044687
:1022D0000028BFD10024204605B0BDE8F08363612B
:1022E000012300252381039B6382E27A65602946EE
:1022F00004F118001AF0F7F863692582E360EAE751
:10230000AC090020398EE33870B50D4C242500B996
:1023100070BD037A4668002BFAD0013BDBB2037232
:10232000002BF5D1C3604360837A05FB03439B69AF
:1023300013B198473046EAE7FFF722FFFAE700BFFC
:10234000AC0900200C4B0122C3F840254FF080431C
:102350004FF08051C3F87825D1F83001082805D115
:10236000D1F83411022908BFC3F838260122C3F876
:1023700080250020704700BF00E0014048B1054BB8
:10238000054A1B68B3FBF2F35843044B43F00103C7
:10239000184770479C06002040420F0090CE020074
:1023A00008B5054A054B136010463F2353600CF0F7
:1023B00003FE002008BD00BF04330020FFFF010022
:1023C0004FF08043D3F84036DB072ED54FF0102373
:1023D000D3F8043303F00703072B26D1134A012354
:1023E000C2F80435D2F80034002BFBD04FF0102196
:1023F000D1F8043323F0070343F00403C1F8043396
:102400000023C2F80435094AD2F80034002BFBD06F
:10241000BFF34F8F0649074BCA6802F4E0621343CB
:10242000CB60BFF34F8F00BFFDE7704700E0014076
:1024300000ED00E00400FA052DE9F04190F82830A5
:1024400003F01F03012B04460F4600F128062FD08E
:10245000022B18D08BB394F82910204613F054FEA9
:10246000024678B3304613F039FF1D4D002834D1B1
:1024700013693BB33A463146204698470346FFF777
:10248000AFFC2B5024E0818DC9B214F01EFA054632
:102490000028E0D0304613F021FF024668688368C8
:1024A000CAB99B6873B13A463146BDE8F041184756
:1024B000818DC9B214F0F0F9E9E790F8291014F011
:1024C00027FAE4E7FFF78CFC054B6FF085021A5002
:1024D0000020BDE8F081DB68E4E7D368C9E700BF0E
:1024E0000C0000002DE9F04F0B7E33F0800893B014
:1024F00004460D46164640F08E847AB10846FFF732
:1025000003FF6B7EDF0703D49E0711D52B7E7BB9BB
:10251000204613B0BDE8F04F13F00CBF4A7E00F127
:102520002809900708D5802B0CD12846FFF7ECFE30
:10253000404613B0BDE8F08F910700F02784002BD0
:1025400040F02484D2072FD52B8A082B40F0068434
:10255000EA681368A3625368C9F80430294600206A
:1025600013F0B2FC054610B1FFF7CEFEEFE048468F
:1025700013F0B4FEE28D70B9B2B12946A06917F02C
:1025800031FC0146002800F02D84204613B0BDE840
:10259000F04F14F043BB3AB11146204614F039FB1A
:1025A0000546002800F01E84FFF71AFC94F82880E6
:1025B000B14F002318F0600FC351C8F3411307D087
:1025C000032B40F0BD81FFF70BFC6FF0850337E074
:1025D000484613F083FE94F82930002840F04E81DD
:1025E000013B0A2BEFD801A252F823F06327010028
:1025F000C7250100EF270100C725010019260100AA
:10260000C7250100C7250100C72501008926010053
:10261000C7250100EB260100618D7F29D3D8A38D4A
:10262000002BD0D1E38D002BCDD118F01F0FCAD1D4
:1026300094F83030022B05D1FFF7D2FB4FF0FF3377
:102640003B5076E0A069036993F880301B0707D5FB
:10265000C9B213F0A5FE804628B1002D6CD167E702
:10266000012384F8393094F83030012B0AD1638D7E
:1026700043B984F83030FFF7B3FB3B58002B00F030
:10268000858056E00123F4E7204613F09CFC628D20
:10269000FF2A014697D8E38D002B94D194F8283077
:1026A000D80690D194F83030002BC5D02AB1D2B2E0
:1026B000204614F017F80028BED0618D94F8383009
:1026C0008B42D8D0C9B2204614F013F880460028B7
:1026D000C3D1628D002A14BF0223012384F8303055
:1026E0000521204614F025FBC5E708F01F08B8F1C6
:1026F000010F7FF468AFE38D002B7FF464AF628D30
:10270000FF2A3FF660AFA18DFF293FF65CAF94F83A
:102710003030022B90D1D2B2C9B2204614F0FCF96D
:1027200010F1020F804640F01081FFF759FB47F887
:10273000008065B14FF000082846FFF7E5FDB8F1CD
:10274000000F7FF4F5AEFFF74BFB3B58F3B1484663
:1027500013F0C4FD0346A069002B00F04F838021D5
:1027600055E3E38D002B7FF42EAF94F83030002B2F
:102770003FF462AF012BA18D02D100297FF45CAF41
:1027800018F01F080CD0B8F1020F16D0E38D002B03
:1027900040F0D782204613F0B7FD0028D7D1B7E626
:1027A00000297FF449AF638D012BEFD194F86C3091
:1027B00061F3C30384F86C30E8E7B4F82AA0BAF1F7
:1027C000000FE3D15FFA81F84146204614F097FAF2
:1027D0000346FFF705FB3B50013302D14FF0FF38B2
:1027E0003BE752464146204613F07EFD43E7E38D2A
:1027F000002B7FF4E8AE628DA38D022A5FFA83FA84
:1028000011D108F01F085AEA08087FF4DCAEA0696D
:102810000122190A13F0A1FD00287FF4D4AE012390
:1028200084F8393027E794F8301000293FF404AFDA
:10283000012902D1002B7FF4FFAE18F01F0811D040
:10284000B8F1020FA2D1002AA0D15146204614F0BF
:1028500041FA0346FFF7C4FA3B500133BED00122D0
:102860005146C0E7002B7FF4E7AE012A8ED194F8E1
:102870006C3043F008039DE70C0000000A2B3FF684
:10288000A2AE01A252F823F0B5280100C72501002D
:10289000C7250100C7250100C7250100C725010084
:1028A0002F290100C7250100BF2C0100C725010009
:1028B000E92C0100E38D022B7FF485AE94F83030D3
:1028C000002B3FF4B9AE012BA18D02D100297FF47A
:1028D000B3AE18F01F0811D0B8F1020F1CD04FF0A2
:1028E000000805F10C0A504613F0F0FCE38D984205
:1028F00018D2FFF775FA6FF00B03A1E600297FF4F9
:102900009BAE94F86C304FEA930808F00208C3F3CA
:10291000001348EA0308E4E7C9B2204614F0FEF9C0
:102920008046DEE74146504613F002FBA3E6B4F8CA
:102930002AA018F01F0F4FEA1A235FFA8AFA09D06B
:1029400029462046FFF778FD8046B8F1000F7FF456
:1029500084AE90E6013B0E2B3FF635AE01A252F855
:1029600023F000BFA1290100E12901008B2A010009
:10297000C7250100C7250100832A0100832A010021
:10298000C7250100C7250100C7250100C725010093
:10299000C7250100C7250100C7250100CD2B010077
:1029A00005F10C08404613F091FC83462046B4F82C
:1029B0002EA013F008FB20B101287FF404AE616F54
:1029C00000E0216F002900F02A820A78DA4528BF4A
:1029D000DA46524528BF5246404613F098FA4AE676
:1029E000204613F0F0FA0AF1010201900146D2B23A
:1029F000204613F051FE804600283FF4E4AD05F177
:102A00000C0AD0F804B0504613F060FC9BF800208C
:102A1000824228BF02465946504613F078FAD8F849
:102A20000CB0BBF1000F09D1298AE38D99427FF6E2
:102A300022AEC91A504613F085FA1CE6DBF80400F2
:102A400083681B6B13B9DBF800B0EAE7019998477C
:102A50000028F8D0A0F1040858F8041F0029F2D08B
:102A60000A78002AEFD05046CDE9022113F02EFC5F
:102A7000029A0399904238BF82B2504613F047FA47
:102A8000EAE7204613F09FFA9DE5524603212046CF
:102A900013F07AFB824600283FF495AD13F011FC49
:102AA000B4F82EB09AF81530C8B99AF814808DF899
:102AB00028808DF82930DAF8103005F10C0A1B88CF
:102AC000ADF82A30504613F001FCC3455A4628BFE2
:102AD0004246824228BF02460AA950467DE7DAF8FC
:102AE00008208DF81530C14B1340C14A4FF0000843
:102AF00093428DF8148058D1102106A817F0C1FB1D
:102B0000021EFFF660AD0AA9102ADFF8E8E20DF117
:102B1000180C084628BF1022424501F1020133D8A3
:102B2000920002325FFA82F88DF81480034605F1B4
:102B30000C0A5046029313F0C9FBD845424628BF01
:102B40005A46904228BF104602288346804628BF36
:102B50004FF0020B5A46A8EB0B0805A9504613F09C
:102B6000D6F94FEA58030193029B9B4603EB5802A8
:102B7000934521D118F0010F3FF47DAD019A995C86
:102B8000504613F0CDF976E51CF8013B4FEA131AD5
:102B900003F00F031EF80AA01EF8033001F802AC80
:102BA00001F8013C08F10108B6E79AF81480DAF858
:102BB00010308DF81480BAE71BF8011B5046CDE9A0
:102BC000023213F0B5F9DDE90232D1E7204613F005
:102BD000FAF938B101282CD0FFF702F96FF085031C
:102BE0003B5048E5236F002B00F019815B88B3F55B
:102BF000007FF1D9804B0A9300238DF82C30E36CD1
:102C000004F14C0B9B4508BF0023BDF82A10A3B16B
:102C10005A7D0F2A08D11A7D0A44ADF82A209DF862
:102C20002C2001328DF82C20226D934203D01B689A
:102C3000EBE7636FD7E7BDF82A10019105F10C0AA5
:102C4000504613F043FBB4F82E800199884528BF05
:102C50008846804528BF80464246052A28BF05226F
:102C60000AA95046019213F052F9019AB8EB0208F2
:102C70003FF401ADE36C5B453FF4FDAC002B3FF44A
:102C8000FAAC5A7D0F2A14D11A7D19690193424575
:102C900028BF4246504613F03AF9019B1A7D42453F
:102CA00094BFA8EB0208A8EB0808B8F1000F3FF4A6
:102CB000E2AC226D93423FF4DEAC1B68DEE794F891
:102CC0003030002B3FF4B8ACE38D012B7FF47BACAC
:102CD00005F10C08404613F0F9FA00283FF409AE5C
:102CE00094F8381040464CE708F01F08B8F1010F7F
:102CF0007FF4A2AC204613F0E3FC00283FF49CAC28
:102D0000B4F82CA0BAF1FF0F3FF65DAC43681B7915
:102D10005345FFF458AC5FFA8AF30F2B3FF653ACE0
:102D2000E38D012B7FF44FAC05F10C08404613F006
:102D3000CDFA00283FF4DDAD04EB0A0393F83A1016
:102D4000D0E7484613F0CAFA18B92846FFF7DCFA6C
:102D500020E52946204613F061FF08B1284603E428
:102D6000A069036993F8801011F004017FF4D0ABDF
:102D700017F04CF8054600283FF4E9AC0146204620
:102D800013F04CFF00283FF4C3ABE7E752077FF591
:102D9000DEAC002B3FF4C9AB2846FFF7B5FA94F838
:102DA0003930002B3FF4C4AB94F82930052B05D102
:102DB000618DA069C9B213F0F3FA064694F8293080
:102DC000032B09D1638D022B06D1A18DA0690022AE
:102DD000090A13F0C2FA0646002384F83930B046D7
:102DE000FFF7A6BB6FF00B06B1E400BF00FF0200C7
:102DF0000003020023060300050F0500E38D002BEE
:102E00003FF4ADAC16F10C0118BF0121C90116F059
:102E100023FFFFF77DBB6FF00408FFF789BB6FF05E
:102E200015081AE40B78062B10B414D10369D3F8F3
:102E30009C20EFF31184402383F31288BFF36F8F3C
:102E40004B6800201860506A58B9C2E9083384F30F
:102E50001188BFF36F8F044810BC0022002318F0C4
:102E6000D3B803605362F2E7300900202DE9FF4137
:102E700040264FF0FF335E484FF0FF3201A90CF0BF
:102E800035FD039B1B69D3F89C40236A93B1EFF394
:102E9000118286F31288BFF36F8F216A29B1606AAD
:102EA0000B682362814208BF636282F31188BFF31B
:102EB0006F8FC9B99DF80430062BDAD0072BD8D80C
:102EC00001A252F823F000BF1B2F01000F2F0100B9
:102ED0003B2F0100212F01005F2F0100552F010022
:102EE000732E0100E92F01000B7ED1F81E205D0634
:102EF000204609D1FFF7F6FA02460028C5D007217F
:102F0000204613F016FFC0E713F0D6FCF4E70022CA
:102F10000121204613F00DFFABE700221146F8E730
:102F200094F86C3043F0040301A984F86C30204617
:102F300013F05EFA00220321EBE794F86C3023F0E3
:102F4000040301A984F86C30204613F051FA0022E2
:102F50000221DEE701A9204613F04AFA89E794F836
:102F60006C30A76923F0040384F86C30D7F808802C
:102F70003B69BFF35B8FD3F8A030BFF35B8F9A0739
:102F80002FD5D8F83C3038469847D8F8243000215F
:102F900038469847D8F84030054638469847ADB986
:102FA0002946204613F0A5FB054678B9A06916F01E
:102FB0004CFF831E5842584194F86C3084F83050CE
:102FC00023F0680343EA401384F86C3000220421A4
:102FD000204613F0AEFE002D3FF44BAF2A460721EA
:102FE00097E74FF0FF35F1E7029A062191E700BF1E
:102FF0003009002030B589B000220023CDE9062336
:1030000000246FF00703CDE90334CDE901441A4BE6
:103010001A4900944FF4806219480DF023F91949B8
:10302000174818F0ECF9184B18498B4207D3184B86
:10303000184900208B4210D3002009B030BD03F1A5
:103040001402BFF35B8F52E8000F42E80045002DE9
:10305000F9D1BFF35B8F1833E7E703F11402BFF335
:103060005B8F52E8004F42E80005002DF9D1BFF315
:103070005B8F1833DEE700BF6D2E01004047002054
:10308000781C002047E30200480B0020600B002062
:10309000600B0020600B002038B502460949054648
:1030A000806916F038FF044648B985F8380028468C
:1030B00013F0F5F9044610B1A86916F05FFF204639
:1030C00038BD00BF252E010070B5084C084E0546DE
:1030D000B44202D30024204670BD636828461968B4
:1030E000FBF75AFF0028F6D01834F1E7480B002010
:1030F000600B002070B50646EFF31181402383F387
:103100001288BFF36F8F1B4D2A6881F31188BFF3BC
:103110006F8F526892F86C20D20705D4BDE87040DA
:10312000212200230CF0E2BFEFF3118283F3128817
:10313000BFF36F8F2C682CB1696823682B608C42B9
:1031400008BF6B6082F31188BFF36F8F44B1606872
:1031500004F10801C36998470748214617F004FFA6
:103160002B6833B130460022BDE8704000230CF0DC
:1031700089BF70BD0C3300204C08002030B585B0ED
:10318000CDE90012054600221448002303A90CF0E3
:1031900019FB0246E8B9039BDDE900015D600833D5
:1031A00083E80300EFF31180402383F31288BFF319
:1031B0006F8F039B1A600A4A516861B9C2E90033F4
:1031C00080F31188BFF36F8F0648002200230CF0B4
:1031D00059FF05B030BD0B605360F1E74C0800208B
:1031E0000C3300207800002038B54B78046945681E
:1031F0002069202B08D0222B19D0FEF7F1FD114BAE
:103200006FF085021A5010E0CB88072BF5D1D368F8
:103210001A6842609A8802819B79837213F0AAFD32
:1032200022460821284613F092FD002038BD4B8825
:103230008381C3F3400203F0010302764376224602
:103240000921EFE70C00000008B513464A78212A4F
:1032500014D133B9FEF7C4FD0B4B6FF00B021A50BB
:103260000AE0CA8801690969072A28BF07220431D0
:1032700003F10C0012F04BFE002008BDFEF7B0FD7C
:10328000014B6FF08502EAE70C00000073B504699A
:103290008DF807104025EFF3118685F31288BFF3F0
:1032A0006F8F0122E06B0DF1070112F06CFB86F3CA
:1032B0001188BFF36F8F012810D018F09AF8A8B1C9
:1032C0000E4BBFF35B8F012253E8001F002903D18F
:1032D00043E800200028F7D1BFF35B8F21220023B1
:1032E00004F148000CF0CEFE02B070BDA37E002BAE
:1032F000E6D00021212018F043F9CCE71433002058
:1033000038B505690E49EB6B0024C3E90144DC6064
:103310006B6B05F14800C3E90144DC6018F010F85C
:1033200005F17800074917F0AFFF074905F12400C0
:1033300017F0AAFF284613F01DFD204638BD00BF38
:103340001F6F0200CD7002005971020070B50B783A
:1033500092B006460C4607AD032B31D8DFE803F0E8
:10336000022A2C2E19492846FBF720FE0595637882
:103370000493A3780393E378029323790193637909
:103380000093A379124A1E210AA811F091FA10ADF8
:103390000AAB32461C4603CCAC4210605160234657
:1033A00002F10802F6D120681060A38893803046AD
:1033B00012B070BD0749D6E70749D4E70749D2E7FD
:1033C000074A0A21284611F073FACFE714DA0200FF
:1033D00036DA02001BDA020022DA02002CDA0200DE
:1033E000F4FE02000E4B402970B528BF40210D4C61
:1033F00046181D46B04203F1020304D1002305F82C
:103400001130074870BD02781209A25C03F8022C43
:1034100010F8012B02F00F02A25C03F8012CE9E77F
:10342000E43F00204706030010B586B0094B0A4868
:1034300003930024CDE9044417F07CFF03AB009311
:10344000064905480A234FF4E8620CF0B1FD204616
:1034500006B010BD66E30200001D0020804B002076
:10346000014601480CF0E4BD001D00200146014862
:1034700017F035BF001D002030B50378012B11D0A7
:10348000022B21D06BB9154B0A4603F1100453F8F7
:10349000045B42F8045BA342F9D143881A0A8A709C
:1034A000CB7030BD0D4B0A4603F1100453F8045B9A
:1034B00042F8045BA342F9D143681A0C180E4A7013
:1034C0000870C3F30722EAE700F11003013913F88B
:1034D000012901F8012F9842F9D1E2E758060300CB
:1034E00010B513F0BFFF17F084FF044608B90DF0C4
:1034F0006FF8BFF35B8F064B1B68BFF35B8F0BB19D
:103500000A2098471CB9BDE810400DF075B810BDF1
:103510001833002038B50446084812F080FC0546F0
:1035200048B1631EDBB21F2B96BF054A0021D15C58
:103530000C3012F0F5FC284638BD00BF600A0020B0
:1035400068060300054BBFF35B8F53E8002F43E889
:1035500000010029F9D1BFF35B8F704718330020B9
:103560000F2810B50CD80D280CD90A4812F057FCBA
:10357000044618B104210C3012F0D2FC204610BDD4
:103580001328F2D009B10448F0E7BDE8104002204A
:10359000FFF7C0BF840A0020F4090020C3681B782D
:1035A000024A0348022113F0EDBF00BF7EE3020090
:1035B000E4CA020038B5C5682B7893B9B5F8014064
:1035C0000F21204602F07AFFEB78054650B90A4AEF
:1035D000118831B96FEA04506FEA10501080074A21
:1035E000137038BD0373012102F064FE2846BDE864
:1035F000384002F00FBE00BFC03F002065400020F1
:1036000070B5C3681D788DBBB3F801600F213046DB
:1036100002F054FF044638B9154A164833460121D2
:10362000BDE8704013F0AEBF294602F043FEA37818
:10363000012B04D02046BDE8704002F0EBBDBFF383
:103640005B8F6368BFF35B8FDB07F3D503212046F5
:1036500002F030FE032014F092F903460028E9D06E
:10366000054A0448022113F08DFFE3E770BD00BF57
:10367000A6E30200E4CA0200CCE3020010B5C3686E
:10368000B3F801400121204602F018FF38B9064A7C
:10369000064823460121BDE8104013F073BFBDE882
:1036A000104002F0B7BD00BFF2E30200E4CA02001E
:1036B00010B5C3681C880121204602F0FFFE38B90E
:1036C000054A064823460121BDE8104013F05ABFC1
:1036D000BDE8104002F09EBDF2E30200E4CA020021
:1036E00010B501210C3012F04DFC0378034A044858
:1036F000BDE81040012113F045BF00BF16E40200F1
:10370000E4CA0200014610B5084812F08CFB0849D3
:10371000084817F0E4FD031E06DA074A0748BDE82B
:103720001040012113F02EBF10BD00BF7C0200200D
:10373000DC040020501E002038E40200E4CA02002D
:1037400073B5C568B5F801600121304602F0B6FED8
:10375000044640B92E4A2F483346012102B0BDE845
:10376000704013F00FBF2B781A2B19D1C378012B9F
:103770004AD14FF48041043013F006FF43040FD4C4
:10378000D4F88C3000936946D4F8943001932046E5
:1037900003F05CFE204602B0BDE8704002F03ABD86
:1037A0002B788BBBB5F803301B4940F2E242534300
:1037B000C4F88830B5F80520A4F89020B5F80720A3
:1037C000A4F89220A3F5EA520C3A8A4204D9134A8B
:1037D0001048022113F0D6FEB4F89030B3F5FA7F0A
:1037E00004D30F4A0B48022113F0CCFEB4F89230F8
:1037F000A3F10A0292B240F676418A4204D9094AFC
:103800000448022113F0BEFE204603F05DF8C1E734
:10381000F2E30200E4CA020095F03C0055E4020025
:103820007CE40200A3E4020010B586B003AB0024E0
:1038300000930749074805944FF0FF334FF4407257
:10384000CDE903440CF0B4FB204606B010BD00BF28
:1038500000530020A81D0020024A0348012113F054
:1038600088BE00BFCFE40200E4CA0200B0B50B4638
:103870000D8A00AF04462946D868FFF7B3FD8AB029
:103880006A46094BCDE9053440F20243ADF82430D5
:10389000064BCDE907504FF4325142F8103F04482F
:1038A00013F081FEBD46B0BDE9E402000500000151
:1038B000E4CA020070B5C568B5F801600121304660
:1038C00002F0FCFD044638B90D4A0E48334601218A
:1038D000BDE8704013F056BE2B783BB9D5F80330E5
:1038E000C0F89830D5F80730C0F89C30201D4FF450
:1038F000003113F049FE2046BDE8704002F08ABC5A
:10390000F2E30200E4CA02002DE9F84FD0F80C906F
:10391000018A99F80040A30001338B4200AF63D9BC
:103920006D468AB06A463248CDE907310523CDE9B4
:1039300005044FF4215142F8103F2E4813F033FE96
:10394000AD46BD46BDE8F88F2B4A2A482B460121DB
:1039500013F018FE013699F800309E42F1DA09EBB7
:1039600086030F21B3F80150B3F80380284602F014
:10397000A5FD04460028E7D000F1BC0AB8F1000F0D
:1039800006D0656945B91D4A1A48012113F0F1FDB9
:10399000204602F03FFCDDE7A2692B686361954297
:1039A00008BFA361204602F057FB0CF0F7F8C5F8FA
:1039B00000B0236AABB9C4E90755BFF35B8F5AE87F
:1039C000003F013B4AE80032002AF8D1BFF35B8F89
:1039D0000021204608F1FF3802F04AFB1FFA88F860
:1039E000CCE71D602562E8E70026B346B3E700BFD9
:1039F0000BE50200E4CA020036E5020052E50200CF
:103A000037B502EBC303044608469A4202D16FF071
:103A10005E0010E0114611F8085BA54211D1038A3F
:103A20005178994209D90848084A0094012112F0B6
:103A3000A4F86FF0150003B030BD5368984700201C
:103A4000F9E70A46E1E700BFE4CA020069E50200BF
:103A50002DE9F0470C460CF0BBFDE5682B78022BF6
:103A600075D0042B0AD03E4A3E48012113F08AFD4E
:103A70002046FEF749FC6FF015040EE0B4F8108004
:103A8000B8F1020F0ED8384A43463648012113F0E8
:103A900079FD2046FEF738FC00240CF0ADFD2046F1
:103AA000BDE8F08768783E280CD1B8F1030F02D149
:103AB0002E4A4346E9E7EB78012B01D00A2B46D189
:103AC000032704E013F042FD0746F8073FD504F151
:103AD0000C0601213046D4F814A012F04BFA022152
:103AE000304612F04FFA814600783E2807D1E3684D
:103AF0001B78012B01D00A2B06D1032614E013F00A
:103B000025FDC10706460FD4194A1A491A4841F241
:103B1000681311F04CFB002383F31188BFF36F8F00
:103B20000323184602DF0226144A99F800000623F0
:103B3000214613F058FDB2070DD56369A4F8108033
:103B4000A5EB0A0513FA85F5E560BB07A4D5204669
:103B5000FFF7D8FDA0E72046FEF7D6FBF5E700BF4C
:103B600031E60200E4CA02008BE50200A7E502008C
:103B7000C7E50200FBE5020014E6020070D0020077
:103B800010B5012104460C3012F0FCF92146034A1D
:103B90000078BDE81040022313F025BDA0D002003C
:103BA00073B53E4812F054F90446002873D000F172
:103BB0000C05284612F0EEF90228034603D004282B
:103BC00047D0374A03E0238A032B05D8354A3648C5
:103BD000012113F0D7FC13E00421284612F0D2F99A
:103BE000FF23428806882376238AC6F30B009A4275
:103BF000608309D02C48009201212C4A11F0BDFFAE
:103C00002046FEF781FB12E00F2102F057FC05462B
:103C100010B9638B264ADAE702F076FC320B207685
:103C20002146284602F07AFA284602F0F3FA214BA0
:103C3000D3F834317BB32049204817F050FB031EE2
:103C400029DA1F4A1848012102B0BDE8704013F07C
:103C500099BC2846022112F095F9054600783E28C5
:103C600012D013F073FC10F002060DD1154A16495C
:103C7000164840F69A4311F09AFA86F31188BFF37A
:103C80006F8F0323184602DF114A28780623214646
:103C900013F0A9FCB4E702B070BD00BF7C020020A5
:103CA000DAE6020045E60200E4CA020066E6020027
:103CB0008AE6020048010020DC040020501E00209B
:103CC00038E40200C7E50200ACE6020014E6020098
:103CD000B0D0020010B5012104460C3012F052F9A8
:103CE0002146034A0078BDE81040092313F07BBC4D
:103CF000E0D00200F8B5012100AF04460C3012F00C
:103D000041F90678114A002321463046FFF778FE34
:103D10005F3019D1258AE0682946FFF763FB6C46BE
:103D20008AB06A460A4BCDE9053640F20243ADF847
:103D30002430084BCDE907504FF4325142F8103F80
:103D4000054813F030FCA546BD46F8BD28D1020059
:103D5000EEE6020005000001E4CA02002DE9F74F7B
:103D6000DFF818A1BFF35B8F804689461746002312
:103D70005AE8004F4AE80032002AF9D1BFF35B8FBE
:103D8000264644B93E4A3F484346012103B0BDE8B8
:103D9000F04F13F0F7BB2046FEF716FA3A4D4FF0FE
:103DA0000C0B0BFB0050438843451FD02046FEF709
:103DB0000BFA0BFB00504388344A009331484346CA
:103DC000012111F0DAFEBFF35B8F5AE8003F4AE8A9
:103DD0000062002AF9D1BFF35B8F002B4BD01E4647
:103DE000304603B0BDE8F04FFEF78EBAA74208D0C8
:103DF000204612F00FF83A8AF96804F10C0012F02C
:103E000086F82046FEF7E0F90C2707FB00504368D0
:103E1000ABB1B9F1000F12D12046FEF7D5F907FB7F
:103E2000005001214268536803F01F008140106870
:103E30005B0900EB8300137ACBB113F0A5FB20469E
:103E4000FEF7C2F90C2707FB00508368002BC7D090
:103E50002046FEF7B9F9784305F800902046FEF7B2
:103E6000B3F907FB0055A8680BF098FEB8E7C94303
:103E700013F09CFBE3E703B0BDE8F08F780200206D
:103E800020E70200E4CA02001C33002048E70200D9
:103E900008B501F0C1FB094BBFF35B8F1A68BFF394
:103EA0005B8F02F00B02BFF35B8F53E8001F43E808
:103EB00000200028F9D1BFF35B8F08BD1C02002051
:103EC00010B5C1E900239DF808300B720C46FEF7CF
:103ED0007BF9034B0C2202FB00335C6010BD00BF7A
:103EE0001C330020F8B502460B46104811F097FF2E
:103EF0000446C0B104210C3011F0F8FF2046FEF753
:103F000063F90B4D0C2707FB005000264680204626
:103F1000FEF75AF907FB005086602046FEF754F979
:103F200007FB00556E602046F8BD00BF3C0A00202C
:103F30001C33002029289ABF014B185C09207047C8
:103F40008806030070B5C368B3F801601D780F21BF
:103F5000304602F0B3FA044638B91A4A1A483346D2
:103F60000121BDE8704013F00DBB65B12846FFF795
:103F7000E1FF29460246204602F062FD2046BDE8E8
:103F8000704002F047B98378012B07D107F010FC8D
:103F9000204613F0C3FA002808BF05252846FFF77E
:103FA000C9FF29460246204602F04AFD002DE5D011
:103FB000064A0548012113F0DCFA0521204613F0DA
:103FC0005BFDDBE7A6E30200E4CA02007BE7020038
:103FD0002DE9F041C668B6F8017035780F213846F2
:103FE00002F06CFA044638B9204A21483B460121C8
:103FF000BDE8F04113F0C6BA65B12846FFF79AFF55
:1040000029460246204602F01BFD2046BDE8F0414D
:1040100002F000B9F278C37A934205D1154A1448E8
:10402000022113F0AFFAF0E78378C272012B08D1B6
:104030000AB107F0BDFB204613F070FA002808BF54
:1040400005252846FFF776FF29460246204602F05E
:10405000F7FC002DD9D0084A0548012113F089FA50
:104060000521204613F008FDCFE700BFA6E30200BC
:10407000E4CA0200A1E702007BE7020010B592B09B
:10408000044607494822684618F006FA112C9BBFDF
:1040900012AB03EB8404034854F8480C12B010BD73
:1040A00028CC0200D0E70200034B0146D3F84C01B4
:1040B00082689268104700BF480100202DE9F04F48
:1040C00091B0042100AF4B4813F05EFA6D4601F049
:1040D000A3FA88B06A46484B0593484B06934FF4C1
:1040E0000073ADF81C30464C464B42F8103F464832
:1040F000464E4FF4E65113F056FA454BE17907F17D
:104100002008AD46012998BF1E4640462146FFF7CC
:104110001DF98AB06A463F4BCDF81C80CDE90536C3
:104120003D4B08933D4B42F8103F37483C4EDFF87B
:10413000F4804FF4235113F036FAA246AD46012520
:10414000E3799D420AF1070A3BDB94F87050284658
:10415000FFF794FF6E468CB0B4F87210B4F8763066
:104160006A46DFF8C4C00993CDE907512F4B4FF4DD
:104170000075CDE905C0ADF828504FF4535142F811
:10418000103F214813F00FFAB54694F8716030469D
:10419000FFF774FF8AB0B4F874306A462449ADF86A
:1041A0002450CDE90763234BCDE9051042F8103FB9
:1041B00015484FF4335113F0F6F94437BD46BDE8C6
:1041C000F08F51463846FFF7C1F8E9468AB06A4693
:1041D00040F20133CDE905650797ADF820300A4874
:1041E00042F8108F4FF4135113F0DDF90135CD462D
:1041F000A6E700BF1C020020DCE70200EEE7020099
:104200004801002003000001E4CA0200D8E70200D0
:1042100024DB0200F2E702000002010304000002B6
:1042200001E802000400000112E80200060000019B
:1042300050E80200050000010048704777E80200DE
:104240000149024817F04BB8CC040020A81D0020FB
:1042500070B505460C4639B1CB684A699B1A032BE9
:104260000ED86FF0150509E04FF0FF304FF0FF3129
:10427000FFF738FE044618B96FF06805284670BD90
:104280002046FDF7A1FF174B0C2202FB0033A618B6
:10429000032130465D8011F05CFE0580238A033BDC
:1042A00083700121304611F05CFE40F635439D429B
:1042B0000FD12046FFF7F8FE05460028DED00A4A57
:1042C00003460121094813F05DF92046FEF71CF86A
:1042D000D4E70748214616F036FF0025FFF7B0FF68
:1042E000CCE700BF1C3300207EE80200E4CA0200D5
:1042F000840200202DE9F04784B0804600AF91464B
:104300000C4671B94FF0FF304FF0FF31FFF7EAFD77
:10431000044660B96FF0680528461037BD46BDE811
:10432000F087887AFDF748FF3C4B83426FD101222A
:104330000021384616F020FF2046FDF745FFDFF844
:10434000E0A00C2303FB00A08760204611F096FD3F
:1043500001464046FFF77CFF054618B12046FDF7B1
:10436000D3FFD9E74FF4A022002338460BF04AFCD4
:10437000064690B14FF4F1732A4A2B492B4810F0AE
:1043800016FF2B483246414610F011FF85F3118885
:10439000BFF36F8F0323184602DF2046FDF714FF9B
:1043A0000C2358431AF800605EB36D468AB06A4623
:1043B000204B0796CDE905381F4B089340F2024386
:1043C000ADF824301D4B42F8103F1D484FF43251D8
:1043D00013F0E9F82046AD46093EFDF795FF092E9A
:1043E0000CD8DFE806F0050B0B08170B0B0B0B14B2
:1043F0006FF06E0590E76FF00C058DE76FF0040528
:104400008AE7B9F1000FA9D0C9F8004084E76FF03E
:10441000150581E76FF00B057EE700BF3C0A002021
:104420001C330020C7E50200A0E8020014E60200E9
:10443000A9E80200EEE8020024DB0200050000010A
:10444000E4CA020073B506460D4601AA002142F2F5
:104450002F00FFF74FFF044638B1154A15480121D8
:1044600013F087F8204602B070BD0198C368B3F816
:1044700001203280B3F803302B80FDF745FF3388ED
:10448000A3F11B02E02A04D90B4A0A48022113F0C7
:1044900079F82B88A3F5A47292B244F248118A42AB
:1044A000E0D9064A0348022113F06CF8DAE700BFAE
:1044B0000DE90200E4CA02002DE9020052E90200FF
:1044C000F0B585B006460DF10301002000F036FF7F
:1044D000054600284DD14FF0FF304FF0FF31FFF778
:1044E00001FD0746002847D019210C3011F009FDC5
:1044F00029460446192217F0F6FF214A9DF8033099
:10450000237392F8111192F81031994294BF06F179
:10451000700106F17E01601D13F02DF89389238050
:10452000D3896380B6F88C30A4F80D30B6F88E309D
:10453000A4F80F30B6F89030A4F81130B6F89230E5
:10454000A4F813300F4B019307230293384601233D
:104550008DF80C30FDF738FE0B4B0C2202FB0033BC
:1045600001AA5A603946002242F20D00FFF7C2FE4E
:104570000546284605B0F0BD6FF06805F9E700BFB5
:10458000480100201C0200201C330020F8B502283E
:1045900000AF05463FD100210246084602F024FB49
:1045A000044680B9274A2848012112F0E2FF03207F
:1045B00013F0E5F9034620B1244A2348022112F002
:1045C000E1FFBD46F8BDBFF35B8F4368BFF35B8F70
:1045D000DB0706D5032101F06DFE204601F01AFE2F
:1045E000E5E7403016F0B8FE10F00C0608D116488A
:1045F000174A294612F0BDFF257331462046EAE7E7
:104600002046FFF75DFF0028E7D0124A0E4801213F
:1046100012F0AFFFE1E76C468AB06A460E4BCDE977
:1046200005300E4B079340F20133ADF820300C4BB0
:1046300042F8103F04484FF4125112F0B4FFA5465F
:10464000BFE700BF75E90200E4CA0200CCE3020044
:1046500093E90200B9E90200D5E9020024DB020077
:104660000400000130B54FF0FF3085B04FF0FF314E
:10467000FFF738FC0446B0B10C4B0193002507232B
:1046800002938DF80C50FDF79FFD094B0C2202FBA5
:10469000003301AA5A6021462A4642F20E00FFF773
:1046A00029FE05B030BD6FF06800FAE71C0200205B
:1046B0001C3300202DE9F0438DB05C4BB0F8019025
:1046C000198849F4704291424FF0000608BF1E80DD
:1046D000054608BF564B00AF08BF1E7800F0B2FC7D
:1046E000EB78012B08BF534B05F1040840460CBF83
:1046F00093F86F40002412F0B1FE4146C8B307F1B1
:10470000080012F0A0FED5F81130C7F80130B5F856
:104710001530A7F8053001233B70E87840B9022234
:1047200007F1080102F060FAEB78044673B39CBB12
:1047300007F1100441462046FEF708FE6D4688B09A
:104740006A463D4B3D48CDE905344FF40073ADF862
:104750001C303B4B42F8103F4FF4E25112F023FF64
:104760001321AD46484612F07BFF3437BD46BDE805
:10477000F083204613F0BCF8014607F1080012F060
:10478000FAFE4146384612F0F6FEC6E72D486FF0B5
:10479000800112F00BFFCAE72046B5F8013020F87F
:1047A000703B07F1080112F0E6FEB5F8173040F251
:1047B000E2425343C4F88830B5F81930A4F8903079
:1047C000B5F81B30A4F89230EB78E3700022227326
:1047D0006BB9394604F17E0012F0CDFE217A154BFB
:1047E000C1EBC101194404F1770012F0C4FE0721A6
:1047F000204601F05FFD26B126730121204601F01D
:1048000059FD204601F0BCFE204601F003FDE3788F
:10481000002BAAD1032013F0B2F803460028A4D03D
:10482000094A0648022112F0ADFE9EE7C03F002073
:104830006540002048010020F1E90200E4CA0200BE
:10484000030000011C020020CCE3020000B5C16897
:10485000087889B020B109B05DF804EBFFF796BE87
:10486000B1F80130ADF80130CB788DF800008DF84B
:104870000330B1F80B30ADF81730B1F80D30ADF8AA
:104880001930B1F80F30ADF81B304B7C8DF81D306E
:10489000043101A812F06FFE084B68461A689B8825
:1048A000CDF80B20ADF80F30CDF81120ADF8153054
:1048B000FFF700FF09B05DF804FB00BF41060300ED
:1048C00010B5FAF7E1FC034B1B6813B1BDE81040CB
:1048D000184710BD4033002073B52A4D0646D5F861
:1048E0004C0116F099FA48B9274A2848012112F0DC
:1048F00040FE6FF01204204602B070BD6FF002015E
:1049000005F1D40012F052FE012112F03DFE10EA32
:10491000010434D11E4B1E600A4605F5907016F056
:104920002BFC05F59E7016F006FC1A4816F002FDE9
:104930001949184800946FF007034FF4C0620BF058
:1049400037FB1649134816F05AFDD5F84C011449A7
:1049500083681B689847044630B1124A0346012118
:104960000A4812F00FFEC6E726B902B0BDE8704053
:10497000FAF78ABC05F1C4000BF014FBBBE76FF03B
:104980007704B8E7480100206EEB0200E4CA020099
:1049900040330020501E00204056002086EB0200CD
:1049A000513A01008FEB0200F0B5C5682F88BCB208
:1049B00087B00121204601F081FD064640B9284A12
:1049C00028482346012107B0BDE8F04012F0DABDC7
:1049D00002ACD5F80220D5F806300194698900911F
:1049E00014F082FD48B34FF0FF304FF0FF31FFF776
:1049F00079FA054648B91C4A1A48012112F0B9FD56
:104A0000304601F007FC07B0F0BD12210C3011F068
:104A100078FA0346224623F8027B144603CC5960F9
:104A200006A98C421860224603F10803F5D12946F5
:104A300042F21A00FFF70CFCE2E74FF0FF304FF0B4
:104A4000FF31FFF74FFA04460028D4D002210C3082
:104A500011F057FA2146078042F21B00EAE700BF37
:104A6000F2E30200E4CA0200ABEB020073B5C368D4
:104A7000D9789A781E8842EA0122ADF80020597947
:104A80001A7942EA0122ADF80220D9799A7942EAEC
:104A90000122ADF804201A7A5B7AB4B242EA032309
:104AA00001212046ADF8063001F008FD054658B951
:104AB0001D481E4A0121234612F064FD02212046B2
:104AC00012F055FE02B070BD694601F04DFF38B9D5
:104AD0001E21204612F04BFE284601F09BFBF1E719
:104AE0004FF0FF304FF0FF31FFF7FCF9044600288C
:104AF000F2D00E210C3011F004FA00230680C0F829
:104B00000A30BDF800304380BDF802308380BDF824
:104B10000430C380BDF806300381214642F22000F4
:104B2000FFF796FBD8E700BFE4CA0200F2E30200F9
:104B300038B5042104460C3011F024FA03464088AD
:104B40005D7818B119782246FFF708F935B10448A5
:104B50000BF024F8BDE83840FFF772BB38BD00BF4A
:104B600068020020B0B50321044600AF0C3011F0FC
:104B700009FAE2680346B0F80100117840F63542C0
:104B8000904216D16C468AB06A46104B1048CDE967
:104B90000531104B079340F20133ADF820300E4B36
:104BA00042F8103F4FF4125112F0FDFCA546BD46ED
:104BB000B0BD1D7810B12246FFF7D0F8002DF6D019
:104BC00006480AF0EBFFFFF73BFBF0E7C2EB020001
:104BD000E4CA020024DB0200040000016802002095
:104BE00038B50BF0F5FC2F4DD5F83C31002B56D0E5
:104BF0000022002305F590700BF004F800284ED138
:104C00000022002305F59E700AF096FF044668B95D
:104C1000254A2649264840F6AA4310F0C8FA84F3EC
:104C20001188BFF36F8F0323184602DFD5F83031A8
:104C30005BB1204A2048012112F09BFCD5F83001DD
:104C4000FDF762FB0023C5F83031204611F016F95C
:104C5000C5F830012046FFF727FA0346C8B1174AC6
:104C60001548012112F08EFC15480AF097FF2046E6
:104C7000FDF7AAFA134B0C2202FB0033588818B137
:104C800022461F21FFF76AF82046FDF73DFBFFF79C
:104C9000D7FAFFF7D5FABDE838400BF0ADBC01F00C
:104CA0007FFCF8E748010020C7E5020072E302003C
:104CB00014E60200FAEB0200E4CA02007EE80200F9
:104CC000680200201C330020F8B50A4DEF79064633
:104CD0000024E3B29F4202D86FF0010007E02946AA
:104CE000304612F060FD0735631C08B12046F8BD60
:104CF0001C46EEE74801002037B504460D4671B169
:104D00001249284612F04FFD48B91148C4EBC404BB
:104D10002946204412F051FD002003B030BD684602
:104D200012F083FB0028F8D16846FFF7CDFF00287A
:104D3000F5DA074BC4EBC4001844694612F03DFD98
:104D4000002DE9D001462846E4E700BF3406030001
:104D50004801002070B51A4E06223146054617F06C
:104D6000D1FB38B34FF0FF304FF0FF31FFF7BAF807
:104D7000044608B3062229460C3011F0C8F8214633
:104D8000002242F20500FFF7B5FA044648B110F1DF
:104D90000D0F04D10B4A0C48022112F00CFD2046E5
:104DA00070BD33462A6843F86929AA88B280012277
:104DB00083F868200024F2E76FF06804EFE700BF93
:104DC000B10100203AED0200ECCA0200084BBFF32B
:104DD0005B8F53E800CF4CF4806C43E800C2002A9C
:104DE000F7D1BFF35B8F037A19430172704700BF9D
:104DF0001C0200202DE9F34100210446022208464E
:104E000001F0F2FE054648B120460121FFF7DEFF22
:104E1000284602B0BDE8F04101F0FCB9404812F06C
:104E2000D3FC8206C0F3401702D5284600F00CFCE4
:104E30003C4D95F8113183B1002012F008FD60B1AE
:104E4000394A0221394812F0B6FC002F65D0012002
:104E500002B0BDE8F04100F0F7BB95F8112195F8DC
:104E600010319A4218D1324A3048022112F0A3FC84
:104E70000022114642F22900FFF73CFA10B12D4AF8
:104E80000121DFE795F81131013385F81131237ADB
:104E900043F004032372D8E7224604F1010812F814
:104EA0002E0B414612F096FC064610B1224A012113
:104EB0000EE095F81131013385F81131237A43F072
:104EC0000403237295F8A7305B0708D41B4A02211C
:104ED000164812F070FC012012F0B9FCB5E741460B
:104EE000684612F06AFC01234FF0FF304FF0FF31AB
:104EF0008DF80730FEF7F6FF044660B108226946D8
:104F00000C3011F004F83246214642F24E00FFF711
:104F1000F1F90028DFD00A4AC9E702B0BDE8F08104
:104F20001C0200204801002049ED0200ECCA0200EA
:104F30006EED02009FED0200BFED0200DFED02000A
:104F400009EE020000212DE9F8430222044608463A
:104F500001F04AFE054640B120460221FFF736FF28
:104F60002846BDE8F84301F055B9304812F02CFC52
:104F70008306C0F3401802D5284600F065FB0020E8
:104F800012F065FC2A4D064698B12A4A03460121D3
:104F9000294810F0E8FD95F8113113B1012012F005
:104FA00056FCB8F1000F3FD0BDE8F843012000F0F7
:104FB0004BBB95F8113195F810219A420CD2013B68
:104FC00085F81131237A1D4923F004030246237228
:104FD000022006F0D7FCDEE74FF0FF304FF0FF3144
:104FE000FEF780FF04F10109074668B107210C3084
:104FF00010F087FF494612F0E0FB3246394642F294
:105000002800FFF777F928B10D4A0B48012112F06B
:10501000D2FBC0E795F81131013B85F81131237AB5
:1050200023F004032372B6E7BDE8F8831C020020D6
:105030004801002024EE0200ECCA02003978020088
:1050400051EE02000A4BBFF35B8F53E8002F22F4AE
:10505000806143E800100028F7D1BFF35B8F530550
:1050600004D504490022022006F08CBC704700BF22
:105070001C020020397902001FB50023CDE902335C
:1050800001908DF80C1001AA0349022006F07AFC69
:10509000029805B05DF804FBC778020010B403461F
:1050A00070B10A4991F8104191F811210CB1944264
:1050B00008D2013281F811211A7A42F004021A72E0
:1050C00010BC704710BCFFF795BE00BF4801002020
:1050D00010B4034698B10B4C94F8101194F81121B8
:1050E00029B101318A4203DC10BCFFF72BBF12B19A
:1050F000013A84F811211A7A22F004021A7210BCC3
:10510000704700BF4801002070B5044611BB20B3B2
:10511000254912F048FB00BB2046FFF7D5FD0028CB
:105120003BDA237853B92148C279002A35D1214688
:1051300012F043FB0123C371104670BD012B04D153
:10514000A37903F0C003C02B07D0194A19480121E5
:1051500012F031FB6FF01500EFE7144DEB79012BE6
:105160001ED005F1D40012F02FFBC30707D4002C8A
:10517000F0D00D49204612F016FB0028EAD1EE7956
:105180002146731C3046EB71FFF7B6FD08B9304677
:10519000D3E7EB79013BEB71CFE76FF07700CCE71A
:1051A0006FF00B00C9E700BF340603004801002080
:1051B00076EE0200ECCA02002DE9F341044640B944
:1051C0001A4A1B48022112F0F6FA002002B0BDE88C
:1051D000F08101AA002141F20900FFF78BF8054692
:1051E00008B1144AEDE7019E1349D6F80C8008F186
:1051F00001070622384617F085F928B10F49062223
:10520000384617F07FF918B93046FDF77DF8DCE72E
:10521000D8F80130C4F80130BB88A4F80530304616
:105220002570FDF771F80120D0E700BFA4EE020061
:10523000ECCA0200BDEE0200410603003B0603007B
:1052400007B56846FFF7B8FF044BD87118B1694637
:105250000020FFF751FD03B05DF804FB480100207A
:105260002DE9F041304EF17988B0002954D196F8FB
:10527000C24014F0010411D12C4A2D48022112F031
:105280009AFA0024F471162500240127F379E0B27C
:1052900083422BD8002B3FD000203AE06A464FF6DD
:1052A0000940FFF727F808B1224AE6E7DDF800C019
:1052B000DCF80C5095F80180B8F1000F0ED0AB1C53
:1052C00002AA123518685968174603C70833AB425B
:1052D0003A46F7D1186838609B88BB806046FDF776
:1052E00013F8B8F1000FCDD1134AC6E708AB05FBA0
:1052F0000033694653F8182C33F8143CCDF80120DC
:10530000ADF805308DF80070FFF7F6FC0134002889
:10531000BCD008B0BDE8F0810021084608B0BDE867
:10532000F041FFF7F1BE00BF48010020DBEE0200B4
:10533000ECCA020007EF020027EF020038B50C4666
:1053400061B108480578012D05D10130FFF702FD54
:1053500000B9257038BD00200870FBE76FF015001C
:10536000F8E700BF4801002038B5104DEB7913B1C4
:105370000024204638BDFFF763FF044628B10C4ADD
:105380000C48012112F017FAF3E7EB79002BEFD16B
:10539000FFF766FF04460028F1D1681CFFF7DAFC2E
:1053A00004460028E5D0044AEAE700BF480100208F
:1053B00050EF0200ECCA02006FEF020070B5054624
:1053C00086B00E464FF0FF304FF0FF31FEF78AFDFA
:1053D0000446A0B102210C3010F093FD094A46703A
:1053E000057003A9204600950523FEF769FD0022FC
:1053F000214642F20C00FEF77DFF06B070BD6FF053
:105400006800FAE71C02002008B50C4B0246400970
:1054100003EB800012F0ADFA02F01F0340FA03F331
:1054200013F0010006D122B9054812F0A2FA40F3A8
:10543000C01008BD6FF07700FBE700BF44330020C9
:105440001C0200200A4ABFF35B8F430902EB830270
:1054500000F01F0001238340DB4352E8000F184097
:1054600042E800010029F8D1BFF35B8F704700BF0D
:105470004433002030B587B06148002200230AF091
:1054800099FA0446002840F098805E485D4D12F07D
:1054900070FA10F001034DD02B1D93E8070006AB06
:1054A00003E90700584812F064FAC0F34013554866
:1054B00012F05FFA0446002872D07BB10C225349E7
:1054C0000DEB020017F01EF80446002872D00021F0
:1054D0000846FFF773FF044600286BD14A4812F0D4
:1054E00048FA420501D5FFF7ADFD00239DF80C00F9
:1054F000ADF80930BDF80E30ADF80530BDF810300C
:10550000ADF80730431E8DF8040058420DF1090133
:10551000584112F021FA044600284BD14FF0FF30D9
:105520004FF0FF31FEF7DEFC0546002848D16FF052
:1055300068043FE03448364A12F01BFA10F0800F3E
:105540000ED09089D1891269ADF80E004FF48074A5
:10555000ADF80C40ADF81010ADF812300592A1E78F
:105560002C4C2068616803AB03C3A068186092F8F4
:10557000D93024481C0744BF05238DF80D3012F0A4
:10558000F8F9800706D53023ADF810306023ADF868
:105590000E3087E71B4812F0ECF94107F3D481E79E
:1055A00043B10146FFF70AFF044618B9174B2861BB
:1055B000C3E9010012480AF06FFA204607B030BD77
:1055C000072201A90C3010F0A2FC2246294642F223
:1055D0000B00FEF78FFE04460028EBD19DF80D105E
:1055E000012001F00101FFF7E9FE04460028E1D1A6
:1055F00006AA12E90700054B83E80700DAE700BFB7
:1056000060330020443300201C020020543300206B
:1056100048010020D8CD020010B5442200210848DE
:1056200016F061FF064B03F11C001C4615F0FBFC55
:1056300004F1300015F0F7FC024B00221A6010BD97
:105640004433002090330020044B597C003801F093
:10565000010118BF0120FFF7B1BE00BF4433002095
:10566000032838B5054603D1BDE83840FFF702BF2F
:10567000FFF7CAFE0446C8B9BFF35B8F0C4B6A093B
:1056800003EB820305F01F0101228A4053E8000F5B
:10569000104343E800010029F8D1BFF35B8FFFF707
:1056A000E9FE044610B12846FFF7CCFE204638BD7F
:1056B000443300202DE9F04F00F10C088BB0044674
:1056C000404610F067FC0646854812F052F900F09B
:1056D00001038348039312F04CF9C0F38003029353
:1056E00016B90BB0BDE8F08F039B13B9029B002BDA
:1056F000F7D0238A082B07D87A4A7B4801210BB0C0
:10570000BDE8F04F10F026BA0921404610F03AFCEF
:10571000037A228A01339A420546EDD30123ADF87C
:1057200024307F238DF81E30037A0344471C5B7AB4
:105730008DF81D30FF238DF81C300023ADF822308A
:1057400002788DF81F20042A9CBF684B9B5CADF843
:105750002030037A6248019312F00BF900F001093E
:105760005F4812F006F98246B9F1000F0BD0BDF880
:1057700020305A0707D5297A40460131013E10F002
:10578000F9FBF6B2ACE7384611F068FE0DF1100BEC
:1057900000284FD03946584611F055FEB9F1000F98
:1057A00002D11AF0040F59D1514BD3F800A0BAF12D
:1057B000000F14D0E2686369B4F810B09DF91D10B1
:1057C000A2EB0309019B23829DF81F20434604A8F6
:1057D000D0476369A4F810B013FA89F3E36004AB0F
:1057E0000693444B1B68002B36D053F80899B9F147
:1057F000000F01D0A9F108091A688AB1E16862694D
:10580000B4F810B0A1EB020A019A22821B6841464B
:1058100006A898476369A4F810B013FA8AF3E36006
:10582000B9F1000F18D0D9F8082002B1083A4B4658
:105830009146E1E76B78FF2B09D12F4B1868049054
:105840009A889B798BF80630ABF80420A6E7394696
:1058500012F04EF80346F1E7002306932048BDF806
:10586000203012F086F810F0010984D1DB0782D5D0
:10587000032204A9484601F0B7F9824600283FF404
:105880007AAF022012F07BF8D5F80130CAF87E30EA
:10589000BB88AAF88230BB798AF88430504611F070
:1058A000DDFEA8B11F238AF80C304946504600F0AF
:1058B00001FD504600F0AEFCFFF7DCFD034600287A
:1058C0003FF459AF0D4A0848022110F04CF952E755
:1058D0005046022100F0EEFC504600F09BFC4AE7E7
:1058E0004433002092EF02000CCB0200B20603000A
:1058F000903300208833002034060300CCE30200FC
:10590000F8B50546224812F034F843070F463CD557
:105910002A78012A03D96FF015042046F8BD6B7868
:105920000F2BF8D86888031F9BB243F6FC74A34280
:10593000F1D8A9880B1F9BB2A342ECD88842EAD3C6
:105940007AB91448002200230AF034F804460028EB
:10595000E3D1FFF759FD044640B10E480AF09CF828
:10596000DBE711F0E7FF0028EBD1D4E7286869688E
:10597000094E0A4B03C6A868306020461F60FFF737
:105980006FFE044606F12400E8E76FF00A04C4E75E
:105990001C02002074330020483300209033002084
:1059A000024B0020186011F0EABF00BF90330020C6
:1059B0000A4A116800F1080331B98160516839B9A8
:1059C000C2E90033002070478B4204D00968F3E736
:1059D0000B605360F6E76FF01000704788330020CB
:1059E00008B5034811F0C5FF00F0010008BD00BF75
:1059F0004433002070B59AB01822002103A816F095
:105A000072FD47F21213ADF808304FF48073ADF811
:105A10000A303B4B44F20102694602A8CDE9042357
:105A20000BF0F0FF034638B3364A3748012110F037
:105A30009AF81F25354BBFF35B8F53E8001F21F009
:105A4000010143E80012002AF7D1BFF35B8F304E0B
:105A50000AF0BEFD346804B1043C002D2D4D18BF82
:105A60000025002C45D023680BB128469847646870
:105A7000002C3ED0043CF6E701AB0098412209A976
:105A800016F0EDF8034608B1234ACEE7234A0DF19C
:105A900025030DF1650153F8040B42F8040B8B420A
:105AA000F9D101AB1E490098202216F083F8034675
:105AB00008B11C4AB9E700980BF09AFE054610B1F0
:105AC000194A0346B1E71549124811F061FF17481A
:105AD000203111F05DFFBFF35B8F154B53E8001FC2
:105AE00041F0100143E80012002AF7D1BFF35B8FA9
:105AF000A0E70023C6E900330AF07EFD1AB070BDAE
:105B000000000209B3EF0200D4CA0200943300205F
:105B10009C330020C6400020D1EF020086400020C8
:105B200066400020F4EF020018F00200E64000207A
:105B30001C02002030B5A7B01822002107A816F0DB
:105B4000D2FC04233D22002116A8159316F0CBFCAD
:105B500047F21213ADF818304FF48073ADF81A30D5
:105B60002B4B2C4944F20102CDE9082306A804ABD3
:105B700020220BF07BFE034600B3274A2748012171
:105B80000FF0F1FF6FF004040AF022FD244B1D68B2
:105B900085B100201860234BBFF35B8F53E8001FD3
:105BA00021F0020143E80012002AF7D1BFF35B8F16
:105BB00044B3A8470AF020FD27B030BD1A4B0DF1C1
:105BC000550203F14000194653F8044B42F8044BC8
:105BD0008342F9D105AB02932023CDE900130C4891
:105BE0000499412315AA16F009F9034608B10F4A92
:105BF000C4E704980BF0FCFD04460028C4D00C4A0E
:105C00000346BBE70DA8084911F0C2FE0DA8D0E776
:105C1000000002096640002038F00200D4CA0200E9
:105C20009833002094330020864000206EF002005C
:105C30008AF0020008B50449402216F063FCB0FA6D
:105C400080F0400908BD00BFB706030010B59AB048
:105C500004461822002103A816F045FC44F2121352
:105C6000ADF808304FF48073ADF80A30154B4FF49F
:105C70008042CDE90423214604230DF125008DF84F
:105C8000243011F085FE04F120010DF1450011F0E2
:105C90007FFE01AB412209A902A80BF0E7FD0446F3
:105CA00002A816F0F7F82CB901980BF0A1FD01201D
:105CB0001AB010BD0448054A234601210FF053FFD6
:105CC0000020F5E700000209D4CA0200A7F0020094
:105CD00010B500283FD0234A136823B1043B9842F3
:105CE0003CD05B68F9E7204BBFF35B8F1968BFF3CB
:105CF0005B8F890707D51D481D4A02210FF02AFF37
:105D00006FF00F0010BD14684460011D50681160F1
:105D100000B95160BFF35B8F53E8002F42F00101DF
:105D200043E800100028F7D1BFF35B8FD30701D5FC
:105D30000020E7E70F4BBFF35B8F53E8001F21F014
:105D4000100143E80012002AF7D1BFF35B8F0A4825
:105D5000FDF78CFBECE76FF01500D3E76FF07700F1
:105D6000D0E700BF9C33002094330020D4CA020047
:105D7000CBF002001C020020FC040020054BBFF306
:105D80005B8F1B68BFF35B8F13F0100F024808BFD7
:105D9000002070471C020020C640002070B5054658
:105DA0001E4803688B4232D0BFF35B8F1C4B1B68CD
:105DB000BFF35B8FDA062DD5036813B16FF00F00C8
:105DC00070BD184ABFF35B8F1368BFF35B8FDB07AF
:105DD000F4D4BFF35B8F52E8003F43F0020442E883
:105DE0000046002EF7D1BFF35B8F13F00204E5D11C
:105DF00001600D48294611F0CBFD0C4805F120014A
:105E000011F0C6FD0A48FDF731FB2046D8E76FF0D8
:105E10007700D5E76FF07C00D2E700BF9833002011
:105E20001C0200209433002086400020A640002061
:105E3000EC04002070B50C4B1C68054644B154F8C6
:105E40001C3C1C3C13B1297B28469847E469F5E7C4
:105E5000064C074EB44200D370BD236813B1297BB2
:105E6000284698472034F5E7D83300207CCA020042
:105E70009CCA020010B50446FCF7A6F9044901EBE0
:105E80000011204611F02BFBBDE81040FEF7D8B9F9
:105E9000A433002070B5D1E9015600220446C1E9BF
:105EA0000122064815F04FF93DB1314620462B46F8
:105EB0006FF06D02BDE87040184770BD9409002076
:105EC00070B505460F480022002309F09BFEB8B9C3
:105ED0000D4B1C6834B154F8143C1C3C03B198477A
:105EE000E469F7E7094C0A4EB44204D32846BDE8FA
:105EF00070400AF057B8A36803B198472034F3E71D
:105F000070BD00BF78090020D83300207CCA020091
:105F10009CCA02002DE9F041044640270025EFF31A
:105F2000118287F31288BFF36F8FE16929B1206A6C
:105F30000B68E361814208BF236282F31188BFF3DB
:105F40006F8F71B1D1E901680748C1E9015515F0BA
:105F5000FAF81EB1002241462046B047FEF770F91C
:105F6000DDE7BDE8F08100BF940900201FB50446BD
:105F70000430BFF35B8F50E8003F43F4806240E899
:105F800000210029F7D1BFF35B8F5B053CD411F0F2
:105F900023FD800324D5E178002937D0012941D0A1
:105FA000637B072B30D1264B93F8D8309B062BD53B
:105FB00011F027FB40B30DF10E0103A8FEF742FAE2
:105FC00010BBBDF80E20BDF80C10204611F087FB69
:105FD0000346C8B11B4A1C48012111F003FD13E020
:105FE000E37823B1164B93F8D8301907D3D5204660
:105FF00011F05AFB034620B1144A1348012111F055
:10600000F1FC637B072BC6D004B010BD0C4B93F89A
:10601000D930DA0708D402230D4A02210A4811F0C8
:10602000E1FCBDE70023F7E702231A460091204672
:1060300011F074FB03460028B2D0064A0121EDE7B7
:10604000480100204AF10200BCCA0200F9F0020037
:106050001AF1020033F102000448B0F8FC30002BC2
:1060600000F5807008BF0020704700BF4801002085
:1060700030B50446FBF7B4FE0D4A0D460D490858ED
:10608000D2F88810884289B005D1204609B0BDE811
:106090003040FFF73FBF24342146104615F01FF96A
:1060A0001DB16946204615F02AF909B030BD00BF80
:1060B000E82B00200800000038B5002204468A4280
:1060C00002D10024204638BD04F1C4030120BFF3EF
:1060D0005B8F53E8005F002D04D143E8000CBCF156
:1060E000000FF6D1BFF35B8F02D0C8340244E6E75D
:1060F000002CE6D0C4220021204616F0F4F904F169
:106100004000044915F01CF9034904F1240015F07E
:10611000BBF8D7E7596E0100E9790200F7B51646DA
:106120000D4601210446FFF7A3FF012E23D0022EC6
:1061300052D123693BB13148314A01210FF00AFDA8
:10614000204611F075FC256121690B8A012B53D97A
:10615000CA681288043292B293424DD343D9274879
:1061600000920121274A0FF008FD204603B0BDE848
:10617000F04011F05DBC206940B9234A1F48314608
:106180000FF0E8FC204611F053FC01E02A8A2AB9FE
:10619000284603B0BDE8F040FCF7B6B8018A438A50
:1061A00047695B1AC168C91B5B1A9A420CD9174A26
:1061B000124831460FF0CEFC21690022204601F042
:1061C00019F900232361E3E7E9680C300FF09FFE23
:1061D0002846FCF799F8B7E70D4A084833460121ED
:1061E00011F000FCCEE7002301222046236103B01A
:1061F000BDE8F04001F0FEB803B0F0BDBCCA02003B
:1062000066F10200E6F1020083F10200A1F1020052
:10621000C8F1020008B500F1C403BFF35B8F53E877
:10622000002F013A43E800210029F8D1BFF35B8F2A
:10623000AAB90B4B984212D303F1C80290420ED276
:10624000C01AC823B0FBF3F203FB120038B90548AB
:1062500009F0A4FCBDE80840034809F0A3BE08BD4E
:10626000F81E0020780900201C05002010B5044607
:1062700011F0E7FB0AF0ACF90C4BD3F8143104F140
:10628000B80143B90A4811F08DFB0AF0B5F9BDE831
:106290001040FDF7D5BF994201D01B68F1E70AF025
:1062A000ABF92046FFF7B6FFF1E700BF4801002039
:1062B0005C020020F8B5457B8D4200AF04460E46D7
:1062C0001BD1082D96BF634B634B53F825306C46AA
:1062D00088B06A466149CDE905134FF40073ADF803
:1062E0001C305F4B42F8103F5E4800234FF4E451EE
:1062F000FAF708FDA546BD46F8BD4173D5B1022D9C
:106300001BD0637B082B00F2A18001A252F823F07E
:1063100051630100F3630100BB630100F7620100F8
:10632000F7620100F7620100F762010049630100B2
:10633000F762010011F085FBE3E78378012BE0D1E0
:10634000403015F00BF8DCE70023C4E90D33D2E749
:10635000082DD0D8DFE805F02A0521172626212AA6
:106360002A0004F14005284614F0F8FF01212046D8
:10637000FFF77EFE204611F05BFB0022002328463B
:1063800009F0B4FEB7E7022011F0F9FA034620B194
:10639000354A3448022111F025FB237B13B12046F6
:1063A000FFF748FD2046FFF735FFA4E72F4A3346A5
:1063B0002C48022111F016FB9DE7A378012B9AD1FE
:1063C0002B4B9D8A002D96D00A235D434FF4004647
:1063D00040F2E73000214FF47A720023E5FB06011A
:1063E000F5F768FC02460B4604F1400009F04AFE4E
:1063F00081E7237B3E2B0FD16D4688B06A461D4B4B
:10640000CDE90534032342F8103F164800234FF42A
:10641000C451FAF777FCAD46154D05F580766169F4
:1064200011B9FDF70DFF66E7A2690B686361914240
:1064300008BFA3612046FFF72DFDB5F8FC30002B07
:1064400014BF3046002009F0A9FBE8E70A4A3346AA
:10645000AEE700BF3CD1020001F202000BF20200E5
:1064600003000001BCCA02001CF202004DF202004F
:106470004801002064F202008BF20200F8B50746E2
:1064800009480D46164611F0DCFA044650B18378EF
:106490001F4203D1BDE8F840FFF7BCBE3146A84714
:1064A0002046F7E7F8BD00BFF81E00200249002291
:1064B0000120FFF7E3BF00BF257A020070B5054653
:1064C0000E480E4611F0BDFA0446A0B1437B012BE5
:1064D00002D0073B012B0CD82388AB4208D1A3780C
:1064E0001E4209D1064A07482B46022111F07AFACA
:1064F0002046FFF78FFE0024204670BDF81E0020C6
:10650000A7F20200BCCA0200034BC01A034BC01022
:106510005843C0B2704700BFF81E0020295C8FC2EC
:1065200070B51C46144305460E460DD00F49FBF7C7
:1065300057FCD1F888400E4909588C4206D10D4AC3
:106540000D4802210FF006FB002213460B49002DD7
:1065500014BF284608460FF062FC044618B1711DAE
:106560000C300FF0C3FC204670BD00BFE82B0020AC
:1065700008000000BEF20200BCCA0200AC09002004
:1065800010B50446054809F00DFD204600F024FE34
:106590002046BDE81040FFF74DBC00BF0C050020B1
:1065A0002DE9F04F87B000AF0023FB607B61BE4B4D
:1065B0005A8A3AB1BD4DD5F814413CB91C37BD4695
:1065C000BDE8F08F1B68002BF4D1F7E754F8B83919
:1065D00003B1B83BB649002601E01C461346B5F8A6
:1065E000FC20002A00F05D81D5F808214AB904F1A9
:1065F000B806002BE2D0D3F8B820002AEDD0B83A84
:10660000EBE70A68002AF2D0D4F8A420002AEED0E2
:10661000D4F8A820002AEAD0D4F8AC20002AE6D08A
:10662000637B072B6AD120469047002866D004F18F
:10663000BC0011F0D1F9022860DC204611F001FA0B
:1066400004460028BAD0637B072B40F02781D4F89A
:10665000A430B5F8FC1007F1100220469847814697
:10666000002800F00E81B5F8FC203B699A4208D35F
:106670000146D4F8A86007F1140307F10C02204684
:10668000B0477B693B60B9F81030D7F80C80002B1D
:1066900000F0FE804846D7F810A010F036FF786072
:1066A000002840F0F880B5F8FC30DFF808B2002B85
:1066B00014BF584600200022002309F0A3FA78B93D
:1066C0007B480022002309F037FA064600283BD118
:1066D000B5F8FC30002B18BF5E46304609F05EFA74
:1066E0006FF00B054846FBF70FFEB8F1000F00F006
:1066F000B38039682A462046C047ADE0D4F8B830A8
:1067000004F1B802C6B9D5F81811C5F814318A4297
:1067100001D1C5F818310023C4F8B8302046D4F8A8
:10672000AC30984700288ED0637B072B40F0B680B2
:106730002046FFF79BFD86E73360D5F818319A4273
:1067400008BFC5F81861E6E73B68C0F804808360BD
:10675000B5F8FCB05448DA454FF000024FF00003A2
:106760004FF0000198BF1FFA8AFBFBF74FFD8046F0
:1067700050B1FBF729FD504B5A4603EB0013494635
:10678000404610F087FE8046B5F8FC3094F8C09083
:106790009A4584BF01237B607B6884F8C0309CBF2E
:1067A00009F102095FFA89F904F1BC0ABFF35B8FB2
:1067B0005AE8003F01334AE80032002AF8D1BFF31B
:1067C0005B8F04F1140B3146584611F0EBF8A378B7
:1067D000012B5AD108F10C03042118467B600FF0FD
:1067E000B8FB22887B6809F0FD0942EA0932028081
:1067F000B8F81020043A4280022118460FF0B1FB8D
:106800004046FDF751FC8146002847D0BFF35B8F1F
:106810005AE8003F013B4AE80032002AF8D1BFF3B2
:106820005B8F3146584611F0E2F8244A24484B4623
:10683000012111F0D7F84046FBF766FD20463146AE
:10684000FFF728FBB5F8FC301A48002B08BF0020E2
:1068500009F0A4F96FF004056E4688B0194A079450
:10686000CDE905256A46042342F8103F14484FF449
:1068700001510023FAF746FA1321B546204611F0DC
:10688000FBF82046FFF7C6FC98E66FF01509BDE758
:106890006FF0790526E76FF0040523E7FDF7D0FCDC
:1068A000EFE79368FFDE00BF180A002048010020D0
:1068B0009409002048020020A43300207EE8020052
:1068C000BCCA0200E7F202002DE9F04140F2E243C7
:1068D000D0F88860B6FBF3F6031D0446184611F0A5
:1068E0007BF88204B6B217D5B4F88C20B24213D824
:1068F000B4F88E20B2420FD3D4E9241291420BD1C6
:10690000BFF35B8F53E8001F21F4005143E80012EE
:10691000002AF7D1BFF35B8F104B1D6865B155F8A6
:106920000C7C1C3D37B1B4F89230B4F8902031465D
:106930002046B847ED69F1E7094DDFF82880454565
:1069400001D3BDE8F0812F6937B1B4F89230B4F8C3
:10695000902031462046B8472035F0E7D833002054
:106960007CCA02009CCA02002DE9F0410746084695
:106970000D4610F048FE064618B900263046BDE820
:10698000F081144B1C6884B154F8103C1C3C0BB9CA
:10699000E469F8E72946384698470028EDD02846AC
:1069A00010F031FE0028F3D1E7E70B4CDFF82C8024
:1069B0004445E3D2E3680BB92034F9E72946384669
:1069C00098470028D9D0284610F01DFE0028F3D1A2
:1069D000D3E700BFD83300207CCA02009CCA020063
:1069E0002DE9F041C37804468BB900F17E06114BC6
:1069F0001D687DB11C3D04F170076B691BB13A46FF
:106A0000314620469847ED6925B11C3DF5E700F178
:106A10007706ECE7084D094F04F17008BD4201D339
:106A2000BDE8F0816B691BB142463146204698476C
:106A30002035F3E7D83300207CCA02009CCA02004C
:106A4000F8B5437A83720546164611F0D6F90D4B18
:106A50001C684CB154F8043C1C3C1BB1697A3246AA
:106A600028469847E469F4E7074C084FBC4200D336
:106A7000F8BDA3691BB1697A32462846984720348D
:106A8000F4E700BFD83300207CCA02009CCA020091
:106A900038B505460C460F480121FFF70DFBC0B184
:106AA000057223680367A388A0F87430A37980F87F
:106AB00076300123437283728370074BC0F8A43091
:106AC000064BC0F8A830064BC0F8AC30054BC0F8F8
:106AD0008C3038BDF81E0020D5700100C579020049
:106AE000B97902001800280070B505460A480E461C
:106AF00010F0A7FF044620B18378012B04D0FFF7E4
:106B000089FB0024204670BD3246294611F0A5F8C5
:106B10000028F7D12046F2E7F81E0020F0B589B032
:106B200000AF0D46FFF7E0FF044610B32946384694
:106B3000FCF70CFC637B082B96BF0F4A0F4B52F8F7
:106B400023306D468AB06A460D49CDE907730D4B77
:106B500009930D4BCDE9051442F8103F0B48002373
:106B60004FF44251FAF7CEF82046AD46FFF752FBFC
:106B700001202437BD46F0BD3CD1020001F20200E5
:106B80000AF302000103020405000002BCCA02006D
:106B900038B50446134810F01FFF420702D46FF0C7
:106BA0000A0038BD084610F02EFD10B96FF0150030
:106BB000F7E7FEF715FF0028F1D10A4810F00CFFA7
:106BC0000306C0F3C0150AD410F0B4FE0028EDD0BF
:106BD00021462846FFF7A2FF0028E2D0E6E76FF043
:106BE0007700DEE71C020020F8B505460E480E4689
:106BF000174610F026FF044620B18378012B03D0FE
:106C0000FFF708FB00240DE036B13246294611F0AB
:106C100024F808B92046F3E7637BBB42FAD1237A14
:106C2000AB42F7D12046F8BDF81E002070B58B7836
:106C3000012B92B006460C4642D191F8703007AD58
:106C4000032B37D8DFE803F0023032341E492846E0
:106C5000F8F7ACF9059594F87130049394F8723014
:106C6000039394F87330029394F87430019394F87A
:106C70007530009394F87630144A1E210AA80DF05E
:106C800017FE0AAB324610AD1C4603CCAC42106076
:106C90005160234602F10802F6D120681060A388F3
:106CA0009380304612B070BD0949D0E70949CEE75C
:106CB0000949CCE7094A0A2128460DF0F9FDC9E740
:106CC00000238DF82830DCE714DA020036DA0200FF
:106CD0001BDA020022DA02002CDA0200F4FE0200C3
:106CE0002DE9F04104460F4615469846002B6ED01C
:106CF0001B6823B1394A3A4802210EF02BFF29467E
:106D00002046FFF745FF064600283FD1204629468A
:106D100010F079FF044600285CD097E80F00314D51
:106D200005F1080C8CE80F00AB8A002B08BF4FF46C
:106D30009673AB822B8A03B9AB892B826B8A03B91A
:106D4000EB8929486B8210F047FE430501D5FEF719
:106D500079F995F8112195F810319A4219D9032142
:106D60002046FFF7A7FA0220FEF77AFC054658B145
:106D7000022010F004FE20460021FFF79BFA204677
:106D8000FFF748FA2E4601E0C8F800403046BDE85B
:106D9000F08102212046FFF78DFA204610F05EFCBC
:106DA00005460028F0D0002121732046FFF782FA23
:106DB0002046FFF72FFA0320FEF752FC0346002877
:106DC000E0D00A4A0648022110F00CFEDAE76FF024
:106DD0001506DBE76FF00B06D8E700BF43F30200B0
:106DE000BCCA0200480100201C020020CCE30200C3
:106DF00038B5044608460D4610F005FC38B3154B6F
:106E000093F8D830990707D4E37873B12946204620
:106E1000BDE8384000F01ABB94F898309A07F3D5D3
:106E2000201D10F0D9FD4304EED42946204610F071
:106E300034FF58B92B88A4F88C306B88A4F88E30B6
:106E4000AB88A4F89430EB88A4F8963038BD6FF086
:106E50001500FBE748010020F7B510F8333C044665
:106E6000A0F140060BBB304610F06AFF384B1D689E
:106E70004DB155F8183C1C3D1BB114F8341C30467C
:106E80009847ED69F4E7334D334FBD4205D33046A3
:106E900003B0BDE8F040FFF7BDB96B681BB114F853
:106EA000341C304698472035EFE710F83E3C012B64
:106EB00046D110F83D3C8BB9FDF7D4FB69303FD18A
:106EC000264A274802210EF045FE4FF4A472002303
:106ED000204603B0BDE8F04009F008B9A0F13C0538
:106EE000BFF35B8F55E8003F23F4005245E80021D3
:106EF0000029F7D1BFF35B8F9B0415D5E36C00939A
:106F00006946636D01933046FFF772FF0346C8B9C7
:106F1000BFF35B8F55E8003F23F4805345E8003210
:106F2000002AF7D1BFF35B8FBFF35B8F55E8003FBB
:106F300043F4006345E80032002AF7D1BFF35B8FCA
:106F400003B0F0BD074A0648022110F04BFDEBE705
:106F5000D83300207CCA02009CCA020078F30200E9
:106F6000BCCA0200ABF3020038B5174814F0E3F8CE
:106F70001649154814F0E7F81549134814F0E3F8DA
:106F80001449114814F0DFF811F052FB03F0CEF968
:106F90000446B8B904F0BAFC044698B910F091FF61
:106FA0000D4810F04EFD054660B1043010F014FDA0
:106FB000C30704D52C7203212846FFF77BF9284626
:106FC000FFF728F9204638BD94090020B43300208B
:106FD000C0330020CC330020F81E00200346024AB4
:106FE000024801210EF0BFBD59F40200FCCA0200A4
:106FF00080B500AF88B06A46074BCDE90530032362
:1070000042F8103F054800234FF4C251F9F77AFEC9
:107010006FF00B00BD4680BD81F40200FCCA020087
:1070200008B5064A136823B9054850600A60184637
:1070300008BDFFF7DDFF6FF00B00F9E7EC33002030
:1070400088D1020070B5044652EA030008D0FAF76E
:10705000C7FE074D074ED5F888503058854201D1FC
:107060000022134620460431BDE87040FFF758BAAD
:10707000E82B00200800000073B5054618462B6871
:107080000BB35B7B072B1ED1002A0E7A0CBF0123AA
:1070900002239E4209DD0D4A0D48009601210EF0A3
:1070A0006CFD6FF0150002B070BDCB7A072BF8D9DC
:1070B000C8618A6105F1300014F045F8284610F0E7
:1070C00016FE0020EFE76FF07F00ECE7A8F4020067
:1070D000FCCA02002DE9F84FD0F8B04000AF884656
:1070E000914644B1403C236B63B92068B03010F046
:1070F0001DFE246CF5E7FDF7A3F800263046BD46DB
:10710000BDE8F88F04F1300A504614F031F8054616
:107110000028F0D010F0F9F980B16C4688B06A46CA
:107120002A4BCDE90535032342F8103F28480023B8
:107130004FF4C251F9F7E6FDA546DEE728460EF00A
:107140009DFE656C06469DB9A38C058A403B9BB2AB
:107150003F2B03D8238D9D4228BF1D46042106F1F5
:107160000C000EF0F6FE0580A38C438004356564A8
:10717000454520D8B6F810B0AB4506D10022002313
:10718000504608F0D9FCFBF7BFF8A38CA3F14002EE
:107190003F2A07D8AB4514BF00220E4AB26118BF80
:1071A0001346F3612068B03010F0C0FD236B13B1BB
:1071B000204610F09CFD636CC9F80030984534BF40
:1071C000A3EB08010021616498E700BFC8F4020046
:1071D000FCCA0200737E0200F7B5284D284F044612
:1071E0000026BD4201D303B0F0BD2988204610F02F
:1071F00036FE6B68019001A920469847002838DBCD
:10720000019B2A889A829A8403F11002BFF35B8F54
:1072100052E8001F42E800600028F9D1BFF35B8FFD
:107220001E645E649E60A16B03F1080219BBC4E991
:107230000D221C60DE6003F1300013F07CFF01982A
:1072400043681B6803B19847019BBFF35B8F103302
:1072500053E8001F41F0010143E80012002AF7D172
:10726000BFF35B8F01984368DB6913B100F1100134
:1072700098470835B5E70A60A263DAE764CA0200F6
:107280007CCA02007FB50D460646042105F10C00BC
:107290000EF078FE2A8A43889342044608D0009371
:1072A0001346444A444801210EF067FC04B070BD07
:1072B000417839B9414A01213F4804B0BDE87040E6
:1072C0000EF048BC0278122A22D0132A1AD0012AC2
:1072D000ECD0394813460221394A0EF044FC61785B
:1072E00035680222012010F0A0FD04460028DDD000
:1072F00002210C300EF005FE00230370437021467E
:10730000284624E0022BD1D0022200922D4AC9E760
:10731000082B03D0082200922B4AC3E73468637B12
:10732000072B02D0294A0221C6E7E378A3B1022243
:10733000012010F07AFD05460028B7D002210C305C
:107340000EF0DFFD0023037043702946204604B091
:10735000BDE8704010F09ABDEB681A88ADF80820BF
:107360005A88ADF80A209A88ADF80C20DB88ADF871
:107370000E300222132010F058FD0546002895D04B
:1073800002A92046FFF7F0FA0221064605F10C009B
:107390000EF0B7FD86F00103DBB2038029462046DC
:1073A00010F074FD002E81D002A9204610F075FC6B
:1073B0007CE700BFE0F40200FCCA020001F5020015
:1073C0008DF5020022F502004DF502007FF5020066
:1073D00008B50B8A032B06D8044A054801210EF094
:1073E000B9FB002008BDFFF74DFFFAE7B5F5020035
:1073F000FCCA020038B50B8A032B05460C4609D897
:107400000F4A104801210EF0A5FB2046BDE8384088
:10741000FAF77ABF042104F10C000EF0B3FD4188A5
:10742000284610F044FD30B9074A06480B460221B1
:107430000EF099FBE9E7436821465B699847E4E76A
:10744000D3F50200FCCA0200F0F5020070B5144A40
:10745000137801330C4613F0FF010CBF01230B46D8
:107460001370064608BF19460822122010F0DDFCF2
:10747000054688B108210C300EF043FD22880280B9
:1074800062884280A2888280E288C2802946304693
:10749000BDE8704010F0FABC6FF00B0070BD00BF8B
:1074A0000641002023281FD81A2804D8431E182B71
:1074B0000ED906207047A0F11B03082B1ED8DFE869
:1074C00003F0051D1B231D19251D05000320704712
:1074D0000F4A012383401A40C2B90E4A1A40002ABB
:1074E0000CBF06200120704700F07F03522B05D10E
:1074F00000207047012070470520704710F0400FB2
:1075000014BF0020062070470420704702207047F7
:10751000AAAA8A02545545012DE9F74F06460846A6
:107520000C46FAF751FE2E4F18234343FA1805462E
:1075300091680191E168BFF35B8FF06CBFF35B8FE3
:10754000C0070AD4274A2848012110F0DDFC6FF05B
:107550001509484603B0BDE8F08FE0680078107167
:107560000022FA500B78D22B0FD1336821461868CD
:1075700012F027F8814640B11C4A1B48012110F047
:10758000C3FC2046FAF7C0FEE3E7182303FB0573AC
:10759000D4F80C80D4F814B0B4F810A09E60002386
:1075A0001A462146301DFFF767FD81460028D0D0DE
:1075B00010F1690F04D10E4A0B48012110F0A4FC10
:1075C0006269019BA4F810A0A8EB0B0812FA88F2DC
:1075D000E260182255437A1947F805909360B8E79E
:1075E0003C3400202CF60200ACCA020046F6020031
:1075F00059F6020008B5EFF31181402383F3128896
:10760000BFF36F8F002303600F4B5A68C2B9C3E901
:10761000000081F31188BFF36F8F0C4808F0C2FCA3
:10762000031E0CDA0A4A0B4801210EF09CFA0023D3
:1076300083F31188BFF36F8F0323184602DF08BD61
:1076400010605860E5E700BF343400205405002086
:107650007CF60200ACCA0200011F014813F084BC92
:1076600014080020024A0348012110F04DBC00BF5D
:10767000A5F60200ACCA020010B500F148030446AA
:10768000BFF35B8F53E8001F41F0010143E8001294
:10769000002AF7D1BFF35B8F201F10F08DFC04F19F
:1076A0006400044913F04CFE2068BDE8104002F06D
:1076B00031BD00BFC986010073B50E46438D418BB5
:1076C0008B4202F1010228BF0B469A42054609D9B6
:1076D0001E48009202211E4A0EF04FFA0024204656
:1076E00002B070BD3046FFF7DDFE6FF014030341BA
:1076F00013F0010310D0FAF773FB164B1958164B11
:10770000D3F8883099421ED0144B1B685A1A18BF00
:107710004FF0FF32134601E04FF470221048002171
:10772000FFF790FC04460028D9D0FAF74DFD0D4B29
:10773000182202FB0033012104F10C009D600EF0C1
:10774000E0FB0670CBE70022E4E700BFACCA020012
:10775000C2F6020008000000E82B0020843400205C
:10776000D00900203C34002070B5044601F10C0023
:107770000D460EF017FC26682B8AEA680146306831
:1077800011F010FD1E2100222046FFF795FF014653
:1077900030B9054A0548012110F0B6FB002070BD44
:1077A000204610F0FBFBF9E7E7F60200ACCA020046
:1077B000F0B51D4603680E46003987B0044618BF71
:1077C00001211868174611F0FEFC40B904F14C0085
:1077D00010F0EFFC002846D0002007B0F0BD002DCF
:1077E00043D018220021684614F07DFE6FB10022BC
:1077F00013212046FFF760FF019030B91C481D4A55
:10780000012110F081FB1120E7E723681A4A1B6869
:1078100000930023ADF812300C9B0393BDF8343075
:10782000ADF8103001238DF8143029466B462846F8
:107830008DF8086010F099FC9DF8143063B1002FAA
:10784000CAD00198FAF760FD9DF814302A463146F7
:10785000204610F0BDFCBFE701990029BCD02046AE
:1078600010F09CFBB8E71220B7E70120B5E700BF96
:10787000ACCA020004F70200218002002DE9F341A6
:107880000B8A04460D4643B9294A2A48012110F0C3
:107890003BFB002002B0BDE8F0810768012105F143
:1078A0000C000EF06FFB7B7B072B0646F1D154F8E2
:1078B000043C002BEDD003781F4F043C002217F846
:1078C000320098424FEAC20807EBC20114D12A8A5B
:1078D0004878904226D91748009301211346174A49
:1078E0000EF04BF904234744BA78012AD1D1002B7A
:1078F000CFD03178002211E001321C2ADFD1104AAA
:107900000C4802210EF02FF931780846FFF7CAFD26
:107910002122C24012F00102BBD10623204610F002
:1079200057FCB6E74B682046294698470346DAE7F6
:107930001DF70200ACCA0200B0D1020052F70200EB
:1079400038F70200F8B54FF47022074600231148BB
:107950000D460EF064FA044638B90F4A0F482B461C
:1079600001210EF000F92046F8BD00F10C060921B6
:1079700030460EF0BBFA2046FAF726FC084B1822D8
:1079800002FB0033012130469F600EF0BAFA057009
:10799000E9E700BFD009002059F40200ACCA020098
:1079A0003C3400202DE9F0410E8A043EF6B2022E4E
:1079B00004468CB0084601D0102E64D104210C304E
:1079C0000EF0E0FA0DF1080805884788011D3246DF
:1079D00040460FF00AFD002857D0A5B300268FB30C
:1079E000AF4230D34FF4205301A940468DF80460D4
:1079F000ADF806300FF0CCFC48BB1422002107A8DC
:107A000014F071FD11212046FFF79CFF099000281A
:107A100037D001210C30CDE907480EF072FA00236F
:107A20000A90394603701A4A0B93284607AB10F0A8
:107A30009CFBDDE909131B78FBB90846FAF764FCE7
:107A40000A2301E03D4601232A4610210EE042F6BA
:107A5000010307A940468DF81C60ADF81E300FF0F9
:107A600097FC0028C9D010232A461946204610F05A
:107A7000AFFB00200CB0BDE8F081204610F08EFA7C
:107A8000F7E71120F6E70420F4E70E20F2E700BF45
:107A9000E97F01002DE9FF41036804460D4618689F
:107AA000012111F090FB40B904F14C0010F081FB72
:107AB000A0BB122004B0BDE8F0811022002168466E
:107AC00014F011FD21212046FFF73CFF029038B34E
:107AD000009405F10C074FF001082B8A012B04D804
:107AE0000299204610F05AFA18E038460EF05AFA79
:107AF0006B460C4A8DF80C800146064610F035FBAB
:107B00009DF80C30002BE8D00298FAF7FDFB9DF8A9
:107B10000C3032462021204610F05AFB0020C9E7E5
:107B20001120C7E7418402002DE9FF4103680446A4
:107B30000D461868012111F046FB40B904F14C00D4
:107B400010F037FBA0BB122004B0BDE8F08110227A
:107B50000021684614F0C7FC0F212046FFF7F2FE13
:107B6000029038B3009405F10C074FF001082B8AFE
:107B7000012B04D80299204610F010FA18E038467C
:107B80000EF010FA6B460C4A8DF80C800146064642
:107B900010F0EBFA9DF80C30002BE8D00298FAF7C1
:107BA000B3FB9DF80C3032460E21204610F010FB3E
:107BB0000020C9E71120C7E7C5840200F0B51D46C3
:107BC000036885B004460E4618680121174611F077
:107BD000FAFA38B904F14C0010F0EBFA50BB12205D
:107BE00005B0F0BD65B310220021684614F07BFC9F
:107BF00039462046FFF7A6FE029018B3BDF828309C
:107C0000ADF8043001238DF80C3029466B460E4A3E
:107C10000094284610F0A9FA9DF80C3002995BB147
:107C20000846FAF771FB9DF80C302A46314620468B
:107C300010F0CEFA0020D3E7204610F0AFF9F9E7B4
:107C40000120CDE71120CBE7C58402002DE9F041EA
:107C50000E8A043EF6B2022E04468CB0084601D0CD
:107C6000102E76D104210C300EF08CF90DF10408A1
:107C700005884788011D324640460FF0B6FB0028B4
:107C800069D085B377B3BD422DD86068012111F06A
:107C90009AFA064678BB8DF8000042F60203694660
:107CA0004046ADF802300FF073FB20B342F60303F9
:107CB00006A940468DF81860ADF81A300FF068FB41
:107CC000C8B1012D03D14FF6FF739F4213D004F1C9
:107CD0004C0010F06EFA002814BF002012200CB0E7
:107CE000BDE8F0813D4601232A460821204610F0D8
:107CF0006FFA0020F3E7182200210DEB020014F0C8
:107D0000F2FB09212046FFF71DFE0890F8B1012182
:107D10000C30CDE906480EF0F4F80023099003700A
:107D20000A238DF82C30394606AB0C4A284610F051
:107D30001CFA9DF82C3008992BB10846FAF7E4FAA2
:107D40009DF82C30D0E7204610F028F9D1E711201B
:107D5000C5E70420C3E70E20C1E700BFA1800100F2
:107D60002DE9F0430F4687B00446062107F10C00C9
:107D70000EF008F90588EDB1B0F80280B8F1000FF7
:107D800017D0454516D8002382888DF800308DF82D
:107D9000043001A94FF420536846D7F80C90ADF891
:107DA0000220ADF806300FF0F3FA064660B10A2360
:107DB00001E0454601232A460621204610F008FA34
:107DC000002007B0BDE8F0830146142201A83F7CE3
:107DD00014F089FB07212046FFF7B4FD0290D8B1CB
:107DE0000A238DF81530414601AB0C4A0194284610
:107DF000CDE903698DF8147010F0B7F99DF81530CE
:107E000002992BB10846FAF77FFA9DF81530D2E7B0
:107E1000204610F0C3F8D3E71120D2E78D7E010091
:107E20007FB5CB681D8804468DB15E8876B1B542BA
:107E30000DD810220021684614F055FB052120467C
:107E4000FFF780FD019058B9112007E03546012366
:107E50002A460421204610F0BBF9002004B070BD72
:107E60006B463146084A0094284610F07EF9DDE959
:107E7000011323B90846FAF747FA0A23E8E7204630
:107E800010F08CF8E9E700BF938002002DE9F04381
:107E900091B0D2F8008006460F46002542F6010355
:107EA0000068D8F804908DF82C500BA91446ADF852
:107EB0002E300FF06DFA00286DD04FF4205330684B
:107EC0008DF82C500BA9ADF82E300FF061FA38B1B7
:107ED000A3681BB15A88BA4200D25F80012010E02B
:107EE000616808460FF0F8FFB8F82A20B8F81A3091
:107EF0009A4294BFC0EB0200C0EB0300032803D8F2
:107F0000002011B0BDE8F08308460DF0BBFF6168AA
:107F1000054608460FF0E0FF6B8A2A8AA3EB020CA5
:107F20006B69EA68D21AACEB0203B8F82AC0B8F859
:107F30001A20944594BFC0EB0C00C0EB02008342B2
:107F400028BF03466BB9887AFAF736F90022002376
:107F50000DF065FF05460028D2D0014660680DF09F
:107F6000A2FF00230093D6F804803146102302AA12
:107F70004846C047061E0EDB227CE068964227D0AA
:107F800001460BA80FF031FA40B9237C134A14487C
:107F900002210DF0E8FD0023A3609FE7F2B202A9E1
:107FA00006A80FF022FA10B90E4A3346EFE706A9E9
:107FB0000BA80FF0EDF90028EDD100236374042124
:107FC00005F10C000DF09DFFA0600780A36884E719
:107FD000324602A914F096FAEDE700BF71F70200ED
:107FE000ACCA020090F702002DE9FF4105460E469B
:107FF0004FF000084FF42053006817688DF8088090
:1080000002A91446ADF80A300FF0C2F9A0B142F649
:10801000010328688DF80C8003A9ADF80E300FF02D
:10802000B7F948B123691BB15A88B24200D25E80C9
:10803000012004B0BDE8F081616828680FF0A8F95C
:1080400010B100232361F3E7E368A0681A786AB1EE
:10805000B7F81AC0798D038A8C4594BFC3EB0C0323
:10806000C3EB0103934201DA0020E2E704210C3064
:108070000DF047FF2061068023695E80074B009367
:108080000194A26800232946384610F050F90028D0
:10809000EADB2069003818BF0120CAE74B810200E3
:1080A0002DE9F34717680546894600685168D7F8F7
:1080B00004A014460FF06CF9804600284BD195229D
:1080C0002946504610F034FF0646207540B1E3685B
:1080D0001B780BB184F81480002002B0BDE8F08753
:1080E0002946504611F0A7F810B908232375F3E785
:1080F000A06826750DF0C6FE02210C300DF001FFC0
:10810000164B2061A0F8009000930194A2683346BA
:108110002946384610F00BF9002807DA10F1FF0F56
:1081200026BF4042C0B20E202075D5E72369002B40
:10813000D2D0A0680FF0D0FE7B8D7A8B9A4294BF8C
:10814000C0EB0200C0EB0300E3681B78984294BFC9
:1081500000200120C1E70120BFE700BFE97E020047
:108160002DE9F04182B000AF044688463E48002227
:108170000023394607F026FB0546B0B16D4688B0AE
:108180006A463A4BCDE90534032342F8103F38489C
:1081900000234FF4C251F8F7B5FDAD466FF00B0662
:1081A00030460837BD46BDE8F081F9F719FE314B7E
:1081B0001A58314B38681A602946242214F093F972
:1081C0003B682E481C603C687D60C4E90155C4E9E9
:1081D000075500220023391D07F0F4FA064688B13E
:1081E00023686C4688B06A462549CDE90513032308
:1081F00042F8103F1E482B464FF4C451F8F782FD59
:10820000A546CBE70146A022786814F06CF978689F
:108210001C4B8360543012F08EFF7B68BFF35B8F82
:108220004C3353E8002F43E800610029F9D1BFF334
:108230005B8F7B681C60E3697D681BB904F10C00EF
:1082400012F079FFE269C5F89820226A05F19803D7
:10825000E36102B923627B6817225A855A8304338B
:10826000C8F800309CE700BFF8070020AFF7020015
:10827000ACCA02000800000084340020140800206A
:10828000D4F702002C05002008B5437B072B06D04D
:108290000C4A02210C480FF037FE002008BD0421D3
:1082A0000FF005FE10B9094A0121F3E7BFF35B8F18
:1082B000836CBFF35B8FDB0701D4054AF4E750F80A
:1082C000040CEBE77FF50200ACCA0200F9F70200EC
:1082D0002CF602002DE9F04F85B000AFB860EFF347
:1082E0001188402383F31288BFF36F8F5B4D2846BC
:1082F0000FF0E8FD2E68044688F31188BFF36F8FF6
:1083000000285FD0F9F760FF5549182202FB00F3FF
:10831000C81851F803A00369FB600021D0E9025896
:1083200090F80490B0F806B014F0DDF8A07AF9F7F0
:1083300043FF6169034659B1627AD00706D4DA690E
:108340007B6012682046926890477B6800226261D9
:108350002146184612F002FFB9F1000F0DD065B1A9
:108360002B6853B11B6843B1BAF1000F2ED03D4AC0
:108370003D48534601210DF0F6FB1EB3B9680020BD
:1083800012F0ADFF00281DDA6C468AB06A46374B02
:108390000593374BCDE906304FF40073ADF820302C
:1083A000344B42F8103F304800234FF41151F8F796
:1083B000A9FC0023A54683F31188BFF36F8F032325
:1083C000184602DF1437BD46BDE8F08F281D10F0B7
:1083D000A9F84846FFF766F80528CED801A353F858
:1083E00020F000BF2D840100FD8301007B8301008C
:1083F0002D8401007B830100FD830100BFF35B8FAF
:10840000EB6CBFF35B8FDA0705D41B4A16480121DA
:108410000FF07AFDB1E72B6D002BAED04FF4702238
:10842000002305F1680007F061FEA6E72B68D3F88A
:108430000090BFF35B8FEB6CBFF35B8FDB07E4D582
:10844000B8F1000F99D0002403E0F9684846C0470E
:108450000134A3B29B45F8D88FE700BF3434002025
:108460003C34002014F80200ACCA020033F80200C9
:10847000FB060300040000012CF60200F8B50F46CD
:108480001646FFF701FFB0B1C46920461CB150F891
:10849000984904B1983C731C194638B1428B458DFC
:1084A000AA4228BF2A469A4207D264B90A4A0B4810
:1084B00002210DF058FB0020F8BD32463946BDE8D8
:1084C000F840FFF7F9B8D4F8985005B1983D204628
:1084D0000B462C46E2E700BF4EF80200ACCA020091
:1084E00007B50B4602460021F9F77AFC01910E49C7
:1084F00009580E480068884204D00D48D0F888001A
:10850000884201D10022134601A90A4807F05AF90E
:10851000014638B901981C2213F0E5FF019803B019
:108520005DF804FB0020FAE7080000008434002016
:10853000E82B00203008002010B50446806818B1F0
:10854000F9F7E2FE0023A36021460248BDE810408F
:1085500012F00ABD300800202DE9F74304466830C8
:108560000F4690461E4612F0F9FE206D50B9154A8E
:10857000154802210FF0C8FC204603B0BDE8F043C7
:1085800000F08AB8114B98424FF0000317D04568AD
:108590004360206DD0F81890FFF7CEFF00232068CD
:1085A00023650FF0F4FF3DB12068CDF8009000681E
:1085B00043463A463146A84703B0BDE8F0831D461E
:1085C000ECE700BF69F80200ACCA02008834002062
:1085D000F7B550F8044C0546002C59D000F1940131
:1085E00004F11C000FF0CCFD2E1F05F150070022F6
:1085F0000023384607F0A0FA024678BBEB6C2BB19B
:1086000001466FF067033046FFF7A6FF002345F8E9
:10861000043C05F14803BFF35B8F53E8001F21F0D2
:10862000010143E80012002AF7D1BFF35B8FE36931
:1086300073BB04F10C0600220023304607F07CFADD
:1086400078B9666886B913482660214612F08CFC1A
:10865000286803B0BDE8F04001F0FABDF9F754FE18
:10866000C5E7F9F751FEE6E7A26833686360964212
:1086700008BFA36077683FB1B36900930023206807
:108680001A466FF06701B8473046FFF755FFD8E745
:1086900003B0F0BDF807002010B504460430FFF722
:1086A00097FF606813210FF0E7F9034630B1044AE1
:1086B0000448BDE8104001210DF055BA10BD00BFBF
:1086C00080F80200ACCA0200F0B5044689B054F844
:1086D000683D00AF19683846FEF7A8FA6E4688B0C4
:1086E0006A460B4BCDE905374FF40073ADF81C30EB
:1086F000084B42F8103F00234FF4E2510648F8F7C8
:1087000001FB2046B546FFF7C7FF2437BD46F0BD45
:108710009EF8020003000001ACCA020070B550F8D8
:10872000043C0446061F002B3BD039B1C36C002B20
:1087300037D01B7CDA0734D505231CE005682846B2
:1087400001F02EFD6B7A012B2BD0E46C4CB3237C13
:10875000DB0726D5E368002BEED06269617C3046EA
:10876000FEF7AAFF054668B9637C0E4A0E48012150
:108770000DF0F9F90E23002230461146BDE8704095
:10878000FFF7EABED4E90512E368984718B1284616
:10879000F9F7BAFDEEE729463046FEF7BDFE0028A0
:1087A000F5D170BDCAF80200ACCA020038B5036D3D
:1087B000044623B3164A934221D0CB68DD78F5B145
:1087C000052D406815D00F2D1AD1437A012B17D8EB
:1087D00002210FF0D7F908B1103011D104F168006F
:1087E00012F0BCFD226D137C43F0010313740020D2
:1087F00038BD437A032B03D8064AD15CE9E70E253E
:1088000000222B4611462046FFF7A6FEEFE700BFE9
:1088100088340020F706030010B50C4608B301B3F6
:10882000FFF732FDE8B1C3693BB153F8982902B1B3
:10883000983A196D8C4206D062B9043021460FF087
:108840009FFC204602E0074A1A652046BDE810401A
:10885000FFF772BED2F8981001B1983913460A4654
:10886000E7E710BD88340020F8B51D460F461646D0
:10887000F9F7AAFC044C182303FB0040C0E9037677
:108880000123C3800575F8BD3C34002008B513F002
:1088900069FA38B1044A0346012104480FF0ADFFDC
:1088A0006FF0040008BD00BFF1F80200DCCA02004E
:1088B00038B5054648B1154B13F8011C1A465C1E25
:1088C0000FF0CBF958B1204606E011490F480FF0E0
:1088D000ECFF78B10D4B581E38BD0020FCE7217C21
:1088E00004F1110228460FF0B8F90028F5D004F180
:1088F0001000F1E7054B064903F110000FF0D5FF1A
:108900000028EAD0014B03F10F00E5E7BD34002059
:108910003406030070B50E4C2378834205460E469C
:1089200003D1601C0FF0C1FF68B9237BAB420CD1AF
:10893000084831460FF0B9FF20B10120404200F055
:108940000C00204470BD0020F8E70020FAE700BFCB
:10895000C63F0020D33F002070B54A1C0C46054698
:1089600088B90E4910460FF0A0FFA8B904F10A0615
:1089700004F10B025DB1A17A28460FF06EF900B93F
:108980000026304670BD09780FF067F9EDE703491E
:1089900010460FF08AFFF2E72646F2E7340603009E
:1089A00038B5054648B1154B13F8011C1A465C1E34
:1089B0000FF053F958B1204606E011490F480FF067
:1089C00074FF78B10D4B581E38BD0020FCE7217CA8
:1089D00004F1110228460FF040F90028F5D004F107
:1089E0001000F1E7054B064903F110000FF05DFFA1
:1089F0000028EAD0014B03F10F00E5E7E93400203D
:108A00003406030038B50C4619466BB103F1140562
:108A10005B698AB9E268A360954200D1E3600023F4
:108A20000D684B611A46A847A3685BB9601C0649EC
:108A3000BDE838400FF058BF1360E3689D4208BF9F
:108A4000E260ECE738BD00BF340603002DE9F843CF
:108A50001E46BDF82030D1F80C8081460F46002B11
:108A600045D1731E012B45D8012E41460CBF157808
:108A70001588FFF771FF0446C0B915B93046BDE847
:108A8000F8834146FFF768FF044638B91B481C4A83
:108A900002210FF027FF6FF01000F0E709F17001DD
:108AA00001300FF021FF99F808302370D8F81C30FE
:108AB0008BB92581B8F81430AB4203D04146384613
:108AC0000FF06BFF002DD9D10E49601C0FF00CFF89
:108AD00025702581D2E72A4639464846984700281E
:108AE000CDDB01380128E4D96FF00D00C7E76FF046
:108AF0000600C4E76FF00C00C1E700BFDCCA02004B
:108B000007F9020034060300024608B5084901309F
:108B10000FF0EAFE002313720C32BFF35B8F52E8B2
:108B2000001F42E800300028F9D1BFF35B8F08BD79
:108B3000340603002DE9F04180460F4616461D46D7
:108B4000FFF7E8FE044680B91249FFF7E3FE04464A
:108B500030B9114A1148BDE8F04101210FF0C2BE01
:108B600000F8018B39460FF0BFFE23892BB96289CB
:108B70002AB926816581BDE8F0819E4204D36289CD
:108B8000AA42F8D29E42F5D263892681AB42F2D244
:108B9000F0E700BF3406030021F90200DCCA02003E
:108BA0002DE9F047284B164682689A4207462BD19A
:108BB000C568AB8A43B36C1C05F115094FF000087A
:108BC000B4F807309BB114F8011C224630460FF070
:108BD00044F8E0B914F8010C2146FDF785FF30B1E7
:108BE000437B072B08BF48F00108FDF713FB0A344D
:108BF0004C45E5D1B8F1000F06D1AB69A5F814805A
:108C000013B14146384698470120BDE8F08706F188
:108C1000700A307A51460EF018FD78B90B4B9D4220
:108C200002D1304610F07FF8094920460FF05CFE73
:108C3000002304F8013CA4F80730D8E75146204649
:108C40000FF052FED3E700BF4D8A01007C050020E3
:108C50003406030073B50C460546082104F11000E4
:108C600016460FF030FE12230422CDE900323146C1
:108C7000034B2246284610F07CF802B070BD00BFBE
:108C8000F38D02002DE9F0419846BDF81830012B14
:108C90000646174635D84344012B454634DCFFF7DA
:108CA00007FE044668B9FFF703FE044648B9194AAF
:108CB000194802210FF016FE6FF010052846BDE896
:108CC000F081B8F1000F11D0217A002321FA03F2CC
:108CD000D00703D53A78DA40D20718D50133032BF1
:108CE000F4D13B7803F0070319432172601C06F1AD
:108CF00070010FF0F9FD337A2370204610F08EF8E2
:108D0000DCE76FF00605D9E76FF00C05D6E76FF0EA
:108D10001205D3E740F90200DCCA020010B56FF07B
:108D2000020104460E480FF0E6FD0D480FF0C5FDA8
:108D3000C20704D50B480022002307F0D7F92046CC
:108D40000FF015FD50B12046FFF7B2FD30B1037AA8
:108D5000DB0703D5BDE8104010F060B810BD00BFC0
:108D6000702000204020002010B5154801210FF090
:108D7000AAFDC30723D4022111480FF0A4FD084027
:108D800007D11049104A0B88104CA24211D300B1F0
:108D90000B800F490F4812F0D3FA0E484FF4A4721B
:108DA0000023FAF75DFBBDE810400B490B4812F0B9
:108DB000C7BA506803449BB208320120E5E710BDF2
:108DC000DC340020DE3F00209CCA0200ACCA020056
:108DD00041900100D01F00209D9301004020002001
:108DE0002DE9F041034648B1008A38B91249DFF84D
:108DF0004CE001244FF0140C714501D3BDE8F08123
:108E0000D1E90076BB4204D30CFB0672143A9342BC
:108E10000ED93444A2B208311446EDE70CFB0578B4
:108E2000434507D001356219AE4292B2F6D1F2E75E
:108E30000025F8E71046E1E79CCA0200ACCA020030
:108E40002DE9F74FBDF83050009199464FF6FF736A
:108E5000002D08BF1D46244B1B88834207469046C1
:108E60003CD203B0BDE8F08F73682344BB4232D2DA
:108E70009CB208361D4B9E42F6D3F2E78958019307
:108E800040460EF085FA019B90B101340AF1010AC7
:108E9000A4B273685345ECD9009B9C42E1D8BC4214
:108EA000F3D331680BFB0AF28B18B8F1000FE5D150
:108EB000B9F1000F0BD1013DADB218460E9A0D9BD2
:108EC00021469847002DCCD00028DED1C9E7DA68CA
:108ED0009145DAD1EFE74FF0000ADAE7044E0124BA
:108EE0004FF0140BC6E700BFDE3F0020ACCA020003
:108EF0009CCA020030B5E5B01022002101A813F091
:108F0000F2FA182200210DEB020013F0ECFA4FF4F4
:108F10001053ADF81430274C8023ADF816304FF4C1
:108F20008063CDE90734102262AB01A905A808F0DF
:108F30009DFC0CAD034630B11F4A204801210FF0C3
:108F40005CFC65B030BD01464FF4AC72284613F0AE
:108F5000CAFAD5F858112246284612F000FF0346F7
:108F600008B1174AE9E7174A2B464FF6FF7101206F
:108F70000FF0D3FF144905AB1022284612F004FF6E
:108F80000446D5F8580108F033FC14B10F4A2346C3
:108F9000D3E70D4B214603F110020131187812F886
:108FA000014D03F8014B08291070F6D108480FF065
:108FB0008AFCC6E70002C0036CF90200DCCA0200AA
:108FC00095F90200FF870200C01F0020B3F90200DC
:108FD000702000202DE9F0411649BDF818700446B4
:108FE000A1F1300015461E4612F0CBF912480FF0E1
:108FF00064FC010701D4FFF77DFF2046FFF758FC12
:1090000068B1037ADA070AD500F10C0420460FF0A4
:1090100054FCC30703D4022120460FF054FC102354
:1090200006933A4631462846044BBDE8F0410FF01E
:10903000B1BD00BF0020002070200020C01F002014
:1090400008B505480FF039FC030703D4BDE8084014
:10905000FFF750BF08BD00BF7020002007B50023F8
:109060000193FFF7BDFE411C89B20846034A01ABDC
:109070000FF053FF019803B05DF804FBBF870200B7
:109080002DE9F04387B0437B072B02AF80460C46A7
:10909000154640F0A68000233B73206842F6030388
:1090A00007F10C01FB810EF073F90646002834D15C
:1090B000D4F80490B9F1000F05D14C4A4C48012175
:1090C0000FF010FC8DE00123009007F1080221460B
:1090D000C847031E11DA6D4688B002AA4549D3611C
:1090E0000423C2E9051442F8103F414833464FF4C7
:1090F0000151F7F707FEAD4673E0012B05D03E4A5C
:109100003B4801210FF079FB6BE03B7A13F0300F05
:1091100067D02046FFF7A2FF0446002320683B7378
:1091200007F10C0142F60213FB810EF031F918B180
:109130002046FFF793FF0446002642F602192068F6
:109140003E703946A7F802900EF022F918BB0023B2
:1091500020683B7307F10C0142F60213FB810EF00D
:1091600017F9064600283CD1D4F80490B9F1000F55
:10917000A3D00090022307F10C0221464046C847C5
:10918000031EA8DB022BBAD1BB8905EA0300003815
:1091900018BF012026E020683E7142F60303391D06
:1091A000FB800EF0F5F80028D1D020683E724FF415
:1091B000205307F108017B810EF0EAF80028C6D0A1
:1091C00020683E7342F6010307F10C01FB810EF0AB
:1091D000DFF80028BBD02046FFF740FF04460028F8
:1091E000ADD100201437BD46BDE8F083C9F90200B7
:1091F000DCCA0200DDF9020003FA02002DE9F8439F
:10920000154689469422696806460FF091FE80460D
:10921000002842D1696802223046FFF731FF00285A
:109220003ED04FF470200021AF8AFFF759F9023782
:10923000044680B11C4B47611D214174C0F80C806D
:10924000436085613A463046FFF718F9074638B95A
:109250002046FFF771F96FF00B052846BDE8F8834B
:10926000012342464146FFF7FFFAA98A07F10C00A5
:1092700002310CF046FE20F8029BAA8A296913F0FD
:109280000BF9A760214630460FF03AFA0546002850
:10929000E3D02046FFF750F9DFE74FF0FF35DCE77A
:1092A0006FF01505D9E700BFC587020070B5044609
:1092B0008AB037480FF001FB42070D4661D514B163
:1092C000637B072B60D16E6805963046FFF788FDFB
:1092D0002A68ADF8180032B305A902912D49019111
:1092E0000121002300914FF6FF710593FFF7A8FDC0
:1092F000059E1EB96FF001000AB070BD6E600023BC
:1093000030688DF8103004A942F60303ADF812302E
:109310000EF03EF870B90598C3689B799B0605D49A
:109320006FF01500E8E70028E9D1E3E70FF0AEFDA4
:10933000ADF81800BDF818003CB101230146AB752B
:109340002A462046FFF75AFFD6E76FF07F030793C0
:109350000223ADF8203042F60213ADF8123005AB0F
:10936000AC7502930C4B01930123009304AA23468E
:109370004FF6FF7109958DF81040FFF761FD0798D2
:10938000BAE76FF00A00B7E76FF07F00B4E700BFFD
:109390001C020020F38702001995010073B500F14B
:1093A0003005044650F8083C0193A0F120066FF008
:1093B000010128460FF09FFA0D4B44F81C3C0D4B61
:1093C00044F8183C01AB002044F8103C042324F876
:1093D000080C24F8060C24F80C3C3146FFF766FF15
:1093E00018B9022128460FF06EFA02B070BD00BF16
:1093F000CCD202001D8D01002DE9F84F3D4B904667
:1094000082689A4200AF054670D1D0F80C90D8F827
:10941000004009F1010609F1150AB6F80730F3B169
:1094200016F8011C324620460EF017FCB8B14FF476
:109430009572294620460FF07BFD30B3032812D1E8
:10944000EB4688B06A462C4BCDE9053542F8100F43
:109450002A4800234FF4C451F7F754FCDD460A367E
:10946000564543D0D9E7052820460CBF4FF0030BE3
:109470004FF0020B0EF0C1FB834506D998F804307B
:109480005B45ECD288F804B0E9E7494628460FF07E
:1094900084FA1B4B994529D1207A04F17001FFF71A
:1094A00039FA054610B303890BB94389F3B1204655
:1094B000FDF72AF8134B2A8923F8202003EB8003B9
:1094C0006A8911495A80182202FB00110F4A4A602A
:1094D0000B610F4A8A60042320468B82FFF7E6FE69
:1094E00020B10C4A054801210FF0FCF90120BD46CE
:1094F000BDE8F88F4D8A01001CFA0200DCCA0200A8
:109500007C050020C23F0020A4340020CCD2020001
:10951000258E020030FA02002DE9F84F404B144628
:1095200082689A4280463AD1D0F80C903D4B9945DA
:109530001DD13D4D00263D4928460FF0B6F978B9BA
:1095400015F8010C07222946FDF74EFB50BB236995
:1095500015F8010C1A69294653881288FFF7EAFAB0
:10956000731C022B05F10C054FF00106E3D109F144
:10957000010709F1150AB7F80720A3899A420BD110
:1095800017F8010C3946FDF7AFFA064620B1437BC8
:10959000072B0AD0FCF73EFE0A375745EBD14FF0B8
:1095A000010B2AE0FCF736FEDAE7D9F8203023B1C8
:1095B0004146984708B93046ECE794224146304688
:1095C0000FF0B6FC83460028F5D1A389022B17D1F2
:1095D000B7F807309A0720D52269A1883046FFF7EF
:1095E0000DFE054618B92269937D01339375304607
:1095F000FCF710FE002DA560CEDA5846BDE8F88FC6
:10960000012B0AD1B7F80730DB0706D52269A188FC
:1096100030460FF0C8FC0546E9E75D46E7E700BFC6
:109620004D8A01007C050020C73F0020340603005E
:1096300070B5437B072B86B005460C4640F0A180F1
:109640000B7C062B10D8DFE803F004045A5A62950D
:1096500028000B68CBB11B784BB1022B13D04A4AC0
:109660004A4801210FF0C9F86FF0150009E00823FE
:109670000193062300934649464B224628460FF0A5
:1096800078FB06B070BD1623F2E710230421CDE964
:1096900000312246404B4149F0E708680028E3D0FA
:1096A0000678002EE0D14FF4245302A98DF808600B
:1096B000ADF80A300DF06CFE08B342F602132068D4
:1096C0008DF80C6003A9ADF80E300DF061FEB0B15D
:1096D00042F6031320688DF8106004A9ADF812302B
:1096E0000DF056FE58B142F6041320688DF8146050
:1096F00005A9ADF816300DF04BFE0028B4D10823B3
:109700000422CDE900322649264B2246B6E70868F6
:1097100080B300264FF4205302A98DF80860ADF8FD
:109720000A300DF035FE00289ED042F60103206875
:109730008DF80C6003A9ADF80E300DF029FE00285D
:1097400092D042F6020320688DF8106004A9ADF8AB
:1097500012300DF01DFE002886D042F6030320686B
:109760008DF8146005A9ADF816300DF011FE002833
:109770003FF47AAF0423CDE900330B490B4B22466B
:109780007CE76FF07F007CE74DFA0200DCCA020044
:10979000519002005D8C02003B8A0200B1970100EB
:1097A000D59801006B8A02003D9C0100F7890200F8
:1097B0002DE9F0478EB00646169D17461C4631B17E
:1097C0006B682A4600210EB0BDE8F047184763B920
:1097D0003D4A3E4802210FF085F86B682A46002179
:1097E000304698470EB0BDE8F0871378062B08D0B6
:1097F000142B05D0364A354801210EF0FEFFECE768
:109800000221013C4FF000088DF81010A4B207F1BE
:10981000010AC1469C420CD2002CDED1B8F1000FE7
:10982000DBD02A46414630460EB0BDE8F0470FF087
:10983000F1BB1422002109A812F055FEBAF800204D
:1098400093B2002BC9D0BAF802101FFA81F8B8F110
:10985000000FC2D04345C0D89DF8103013B3022B7F
:1098600025D02B7CADF80C10002B42F6010308BF6D
:109870004FF42053ADF8063004AB029301AB0993CB
:1098800002ABADF834200C938DF804906B682A4637
:1098900009A9304698470028A4D03B78E41AA4B21E
:1098A0009A44B7E7BAF80430ADF81230D9E70AF1B4
:1098B00004030DF111000AF1140C53F804EB40F805
:1098C00004EB6345F9D1CCE762FA0200DCCA02007E
:1098D0006CFA02002DE9F04F93B017461C9D8046AC
:1098E0001C460A4631B16B682A46002113B0BDE818
:1098F000F04F1847297C022940F083804BB9A84AD1
:10990000A8480EF0EFFF6B682A46002140469847B2
:109910005BE03B78062B08D0082B05D0A24AA14873
:1099200001210EF06AFFEEE71146013C8DF8201090
:10993000A4B207F1010B002642F6020A9C420BD2A8
:10994000002CE0D1002EDED02A463146404613B02E
:10995000BDE8F04F0FF05EBBBBF800901FFA89F630
:10996000002ED0D0BBF80200ADF81C009DF82020DE
:10997000BBF80410ADF81E1062B1022A15D0296898
:1099800031B308A80DF004FD10B33B78E41AA4B27B
:109990009B44D3E708AA06929BF806209BF8071081
:1099A00042EA0122ADF82220E9E70A236881A98171
:1099B000A5F808907D49019200932A467C4B4046C9
:1099C0000FF0D7F986B2002EBED113B0BDE8F08FEC
:1099D0004FF00003102200210EA88DF81430ADF8CE
:1099E00016A012F080FD05AA0D9206AA10926B68CF
:1099F000ADF844902A460DA9404698470028C4D1A6
:109A0000E3E7032966D113B9654A022178E73B7879
:109A1000072B02D0152B81D10222013C8DF820208A
:109A2000A4B207F1010900260DF1200A9C4287D358
:109A3000B9F800B01FFA8BF6002E3FF464AF9DF822
:109A4000203063B1022B13D02968F1B150460DF0DC
:109A50009FFCD0B13B78E41AA4B29944E6E799F8A8
:109A6000053099F8062043EA0223ADF82230EBE7EF
:109A700009F105030DF1210209F1150153F8040B59
:109A800042F8040B8B42F9D1DEE799F80230B9F8BD
:109A900003208DF81E304FF00003ADF81C208DF828
:109AA0001430102242F6030300210EA8ADF8163040
:109AB000CDF818A012F017FD05AB0D9306AB10936F
:109AC000ADF844B06B682A460DA940469847002877
:109AD000C0D17AE72B681E782EB94CB9304A31488C
:109AE00002210EF0FFFE6B682A4600214046FDE68B
:109AF000B3F802A0013CA4B207F10109AAF5245A67
:109B00003B78A34204D9002CEDD1002EEBD01BE70B
:109B1000012C01D8274AE2E7B9F800B01FFA8BF60A
:109B2000002EE0D0BAF1040FDDD801A353F82AF0DB
:109B3000459B0100E79A01004D9B0100559B0100E8
:109B4000999B0100032C09D81B4AC8E7032C05D8B0
:109B50001A4AC4E7032C01D8194AC0E7B9F8023001
:109B6000ADF820302B680393102200210EA812F0CC
:109B7000BAFC039B0D9308AB1093ADF844B06B682F
:109B80002A460DA94046984700283FF41EAF3B786F
:109B9000E41AA4B29944B3E7082C15D8094A9EE701
:109BA00062FA0200DCCA02006CFA0200059C0100A5
:109BB000E389020080FA02008EFA02009CFA020099
:109BC000AAFA0200B8FA020099F802308DF82030A3
:109BD00099F803308DF8213099F8052099F8043070
:109BE00043EA0223ADF8223099F806308DF824308C
:109BF00099F8073099F8082043EA0223ADF8263097
:109C0000B0E700BF70B5102B049C054611460BD081
:109C1000084A094801210EF0F0FD636822462846F3
:109C20000021BDE8704018472246BDE870400FF0A3
:109C30005BBA00BF6CFA0200DCCA02002DE9F04FEB
:109C40008FB00746189D184629B953B9544A55484C
:109C500002210EF047FE6B682A46002138469847DD
:109C60009BE01378012B07D0022B20D04E4A4D48A1
:109C700001210EF0C2FDEEE70B464FF0040901385A
:109C800080B248458DF81030E5D3B0FBF9FB4FF0BA
:109C90000008541CCDF80080C24604AEBBF1000F92
:109CA00008D100992A4638460FF0B4F975E04FF014
:109CB0001209E4E723880193BDF804300093B8F15A
:109CC000000F53D19DF81030002B37D0022B3CD021
:109CD0002968002945D12B7C042B4DD14FF420530A
:109CE00002A930468DF808A0ADF80A300DF050FBFF
:109CF00000283BD042F6010303A930468DF80CA0A2
:109D0000ADF80E300DF044FB80B342F6020309A912
:109D100030468DF824A0ADF826300DF039FB28B37D
:109D200042F6030309A930468DF824A0ADF8263089
:109D30000DF02EFB00BB4FF0010819E0A378E2788C
:109D400043EA0223ADF81230C2E7A31C0DF1110261
:109D500004F1120153F8040B42F8040B8B42F9D1C1
:109D6000B6E730460DF014FB0028B4D04FF00008E1
:109D70000BF1FF3B4C4491E7102200210AA812F09E
:109D8000B2FBBDF80430ADF8343009966B682A4652
:109D900009A9384698470028EAD10FB0BDE8F08FEE
:109DA00062FA0200DCCA0200C6FA020007B5437B71
:109DB000072B0A462CD14B683BB908234FF0040E01
:109DC000CDE9003E144B154909E0012B11D0097B68
:109DD0005B00019341B1202300931149114B0EF018
:109DE000C8FF03B05DF804FB0E2300930E490F4B30
:109DF000F5E74B8933B10C234FF0040CCDE9003C5F
:109E00000B4BE0E70A230221CDE90031094BDAE7E9
:109E10006FF07F00E5E700BFA98C0200399E0100CA
:109E2000138B0200CF8A0200D38A0200A78A0200A5
:109E3000238A02000F8A02002DE9F04F83B002AF9F
:109E40008046BC6A91461D460E4641B96BB92568ED
:109E5000002300932246F1B24046A8472EE0B1F518
:109E6000807F256828BF0E26F2E76368002B6ED13D
:109E7000013D2689B4F80AB0ADB202F1010A002D05
:109E80004CD099F80030AB4228BF2B46012B0AD8A2
:109E90003D4A3E4802210EF0B0FC002300932568A5
:109EA00022460421D8E7BAF80020023B91B29BB2C7
:109EB00041B9374A354801210EF014FD0437BD463B
:109EC000BDE8F08F8E4201D88B4517D26D468AB01F
:109ED00002AA304BC2E905310523C2E9076B42F8FB
:109EE000103F2A4800234FF42251F6F70BFFAD46EE
:109EF00000230093256822460E21ADE722810093BE
:109F0000D4F800C00AF10203224600214046E0478F
:109F10000028D3D099F80030AB4206D921464046FC
:109F2000FFF744FF0028C9DAE2E7238962899A42F1
:109F300005D1002300932568224619468CE701339A
:109F4000238199F80030ED1AADB29A4497E7009555
:109F50001346D4F800C02246E0470028AED0238A3A
:109F6000013B9D4203DA009625683346E4E76389A6
:109F70001D44658121464046FFF718FF00289DDA01
:109F8000009625683346B6E7D8FA0200DCCA02001C
:109F900010FB02001FFB0200F8B5437B072B0646AF
:109FA0000C4643D1FEF7FCFC0546002841D08368EF
:109FB000002B3ED00022143B17469C4209D0188942
:109FC0002189884208BF47F001075B691BB1143B38
:109FD000F3E70122F9E762B304F110000EF06DFC23
:109FE000430703D5214630460FF0BDF877B104F1A1
:109FF000140105F108000EF072FEAB681BB90E49A2
:10A00000681C0EF071FC57B9002007E00B4AA781CD
:10A0100021463046FEF71EFE0028E8D0F8BD00239A
:10A0200025681A4621463046A847EDE76FF07F00C5
:10A03000F4E76FF01500F1E734060300158902001C
:10A040002DE9F0478C68BDF820A006469046994659
:10A0500024B154F8145905B1143D0CB9BDE8F0878A
:10A060002389434515D1727AA37B9A4211D327687D
:10A0700053464A4621463046B84750B921463046F5
:10A08000FFF78AFF034620B1064A074802210EF077
:10A09000B4FB2DB1696901B114392C460D46DCE7DA
:10A0A0002946FAE786FB0200DCCA0200F0B587B059
:10A0B00007460E461546FEF773FC0446C8B12A460D
:10A0C000314603A80BF00CFFBDF81030042B10D95B
:10A0D000042103A80BF056FFBDF810104688028833
:10A0E000B14208D2094A0A480095334601210BF0D3
:10A0F00044FD07B0F0BD031D214638460096FFF72A
:10A100009FFF314603A80BF03DFFDDE7A5FB0200F2
:10A11000DCCA020013B50F4A00904FF6FF710446E7
:10A120006B4601208DF804000EF0F7FE20460DF07E
:10A1300064FD9DF80410884209D220460DF022FDEE
:10A14000034620B1044A054802210EF056FB02B036
:10A1500010BD00BFF9930100BEFB0200DCCA020083
:10A160002DE9F0410D4B1B6806460F46904623B182
:10A1700053F8044904B1043C0BB9BDE8F0811B68F5
:10A180001BB142463946304698472CB1656805B147
:10A19000043D23462C46EFE72546FAE7E03400204D
:10A1A0002DE9F04182B000AF05463860012300F18F
:10A1B0007001007A3B710DF048FA70B93B46204AB5
:10A1C0004FF6FF7101200EF0A8FE002128460EF088
:10A1D000FAFF0837BD46BDE8F0812846FEF7E0FBF0
:10A1E0000028EBD08468002CE8D0143C04F1100364
:10A1F00018460EF062FB02071FD418460EF05DFBF6
:10A200008307C0F3400618D40E4A21462846FEF7BD
:10A2100021FD002811DAE8468AB06A460A4BCDE9EA
:10A2200005350523CDE9074042F8103F074833467E
:10A230004FF42251F6F766FDC5466469D3E700BFC7
:10A24000F99301008F890200EAFB0200DCCA0200D8
:10A250002DE9F84F2F4A034604464FF6FF710120BF
:10A260000EF05BFE2046FEF79BFB064638B9204603
:10A27000FEF71EFB0546002839D1BDE8F88F85683A
:10A28000002DF4D055F8147907B1143F4FF00008B1
:10A2900004F17009C24601E03D461F4605F1100B6E
:10A2A0006FF0080158460EF026FB207A49460DF063
:10A2B000CCF970B9A5F80CA02B4642463146204691
:10A2C000FEF7A0FB002FD2D07B69002BE4D0143B1B
:10A2D000E2E758460EF0F1FAC307EBD473781BB1EE
:10A2E0004946701C0EF000FB05F11408EAE704F182
:10A2F0007006207A31460DF0A8F920B92846BDE84D
:10A30000F84FFEF701BC3146681CBDE8F84F0EF06F
:10A31000EBBA00BFA18B0100034B42689A4204BF15
:10A3200083691982704700BF399E01007FB54FF4E1
:10A330002052ADF8162004AA02920B4A00230120F5
:10A34000CDE900324FF6FF7105AA04938DF8143061
:10A35000FEF776FD049B012B14BF6FF01500002063
:10A3600007B05DF804FB00BF3F92020008B501464C
:10A370000448044B0EF07CFF043B002814BF184631
:10A38000002008BD7C20002010B50C4A11680C4A42
:10A39000BFF35B8F00F5B47353E8004F944204D1D0
:10A3A00043E8001CBCF1000FF6D1BFF35B8FBFF395
:10A3B0005B8FD0F86801BFF35B8F10BDE8330020DE
:10A3C0007820002008B5FFF7DFFFB8B1036843B17C
:10A3D000426832B1826812B90B4A12783AB9042045
:10A3E0000BE0094A127812B10BB1826842B9426897
:10A3F00042B9002B14BF0020032008BD0320FCE756
:10A400000120FAE70220F8E70741002008B5034AD7
:10A41000034801210EF02AFF002008BD1AFC0200AB
:10A4200024CB020038B5002304461A46EC300D4612
:10A43000FCF722FE58B1693004D1074A07480121D0
:10A440000EF014FF2846BDE83840F7F75DBF204600
:10A45000BDE838400EF068BF59F6020024CB020078
:10A460002DE9F041D0F8EC60F57890B00446002D6D
:10A470006AD1CF68102229460CA812F034F8237A4A
:10A48000052B50D8DFE803F0060303064F3ED4F84F
:10A49000D8300C9306F177030DF1200802937E3635
:10A4A00004F111030093CDF80C8001960CAB04F17C
:10A4B000270204F1370104F1C7000FF0CEF900289C
:10A4C00036D110223946404612F01CF8002839D106
:10A4D00006A9627B237D069048609A4294BF009251
:10A4E0000093ADF8140004F14703D4F8EC0005AA7A
:10A4F0000DF008FB002820DA144A154801210EF05F
:10A50000B5FE15E0D4F8E030002BC3D00DF1300CCF
:10A5100003F1100E18685968624603C20833734588
:10A520009446F7D1B6E70B4A094801210EF0EDFE3B
:10A530000825284610B0BDE8F0810121201D0EF04D
:10A5400017FFF6E70B25F4E70025F2E751FC0200C0
:10A5500024CB020035FC020038B5051D0446082155
:10A5600028460EF005FF084904F15700FBF716FCDA
:10A5700048B1082128460EF0B9FE0448044A0121DA
:10A580000EF074FE082038BD9D96020024CB020018
:10A590006CFC020070B50C2105460EF0FDFE044671
:10A5A000F0B140210C300BF0ACFC0E4B1B680246A6
:10A5B000014603F1200053F8046B41F8046B834219
:10A5C000F9D1203203F1200153F8040B42F8040BB7
:10A5D0008B42F9D128462146FFF724FF002070BDA9
:10A5E0000820FCE70835002070B5CD68EB78102B0B
:10A5F000044601D0062070BD2A7990F8E830D0F8E2
:10A60000EC60134080F8E8306A7990F8E930134044
:10A6100080F8E930022303742B68C0F81130AB884E
:10A62000A0F81530AB781A0706D5037B1B0703D5B6
:10A63000052104300EF09CFEAB78980606D5237BEE
:10A64000990603D51421201D0EF092FEAB78DA078F
:10A6500029D5237BDB0726D50D21201D0EF088FE92
:10A66000237BE17C2D7803EA0102100704D5E27A0E
:10A67000A07C0243D2071AD4042D1AD80B4313F03E
:10A68000040307D02046FFF79DFE314B05EB8505FF
:10A690002B441B5C2372D6F8A01020460EF0F1FD6F
:10A6A00048B90320A7E70023A4F8E830D8E705233A
:10A6B000F0E70023EEE7D4F8EC309B7A032B14D0BC
:10A6C00004D8013B012B1CD9082094E7042BFBD1B3
:10A6D000237D627B934228BF1346102B8AD105212C
:10A6E000201D0EF0C5FD0028DBD0237A002BD8D02A
:10A6F0000521201D0EF0BCFD18B9237A013B012B6A
:10A70000CFD9261D052130460EF0B2FD0028C8D055
:10A710002046FFF739FE002384F8E83094F8E9304A
:10A7200003F0020384F8E9300A4B1D682DB9304666
:10A7300006210EF01DFE28465DE720460C210EF096
:10A7400017FE0B210EF0D2FDBDE87040FFF722BFCF
:10A7500037070300083500202DE9F0438DB004468B
:10A7600008AE10220021304611F0BDFE237A052BE1
:10A7700034D8DFE803F0060303063323D4F8D830D7
:10A780000893D4F8EC3004F1470204F1C707CDE98F
:10A79000017204F1270803F17E0204F137090092E7
:10A7A00077334A46414604F1970001F069F9F0B168
:10A7B000294A2A4801210EF059FD14E0D4F8E4306A
:10A7C000002BDED0354603F11007186859682A4679
:10A7D00003C20833BB421546F7D1D2E7204A1F48CF
:10A7E00001210EF092FD08200DB0BDE8F083D4F8F1
:10A7F000EC3003F17E02773304AD019304F10A03D8
:10A8000002920093039533464A46414638460FF07C
:10A8100024F808B1134ACCE70D2120460EF0A8FD1C
:10A820000D210EF0B9FD07460028DCD010210C30B8
:10A830000BF067FB2A460346154603CDB542186068
:10A8400059602A4603F10803F6D120463946FFF73E
:10A85000E9FD0020C8E700BF85FC020024CB020010
:10A8600035FC02009AFC020073B5047A022C0546FE
:10A8700023D844B190F8DC30D0F8D840DC4004F064
:10A88000010444F08004032128460EF085FD0646AD
:10A89000D8B110210C300BF034FB00901248234645
:10A8A000006805F1270205F157010EF0B1FF0446DB
:10A8B00080B13046F7F728FD07E0032C08D00B4A9B
:10A8C0000B48234601210EF020FD082002B070BD88
:10A8D0000024D8E731462846FFF7A4FD281D21466D
:10A8E0000EF004FD2046F1E70835002035FC02009B
:10A8F00024CB0200F7B50E460446FFF745FDF3688A
:10A9000004F1570705463A4603F1200153F8040BBA
:10A9100042F8040B8B42F9D104F1770203F12001D4
:10A9200053F8040B42F8040B8B42F9D13846FBF77D
:10A9300081F9F8B16A4A6B4803210EF097FC201D9B
:10A940000E210EF015FDD4F8EC60D6F8A00038B951
:10A95000307A06F1700100F0E7FFC6F8A000A0B160
:10A96000438A03F0240383B1437C98070DD403206A
:10A9700003B0F0BD3846FBF769F930B959485A4A77
:10A9800002210EF073FC0B20F2E7D4F8EC30DB78F8
:10A990000BB10020ECE7261D0E2130460EF068FCBE
:10A9A00068B9524B20221968384611F0ABFD30B916
:10A9B0004F4A4C4802210EF059FC0820D8E7237A70
:10A9C000052B00F28580DFE803F003490803835379
:10A9D000032120460EF0CCFC31E02046D4F8EC7088
:10A9E000FFF7D2FC042105464FF0FF330DEB0100C9
:10A9F000019304F0DDF80028DFD1019B3D4AB3FB51
:10AA0000F2F102FB11330193C4F8D83084F8DC0072
:10AA100055B12B6843B10B2130460EF0A9FC2B68D1
:10AA2000D4F8D81038469847032120460EF0A0FCF1
:10AA30000E210EF09DFCFFF717FF0028BDD1304618
:10AA400007210EF095FC0820FFF790FC0028A0D10C
:10AA5000204603B0BDE8F040FFF77EBD0A21304636
:10AA60000EF086FC6B68D4F8EC0098470E21B0E736
:10AA7000102104F1270004F09BF800289DD16DB34C
:10AA8000EB685BB31C4B1B88ADF80430D4F8EC309A
:10AA9000DB78DBB9E37AA27C13F0010F0CBF032350
:10AAA0000123D10703D55A1E534253415B008DF851
:10AAB00005300023C4E9383330460C210EF058FC31
:10AAC000EB68D4F8EC0001A99847B8E70323EEE758
:10AAD0000A4A044801210EF018FC6EE7022047E7FD
:10AAE000BDFC020024CB0200DEFC02000835002081
:10AAF000FAFC020040420F0058CE020035FC020072
:10AB00002DE9F0410D4686B00446FFF73DFCEB68A9
:10AB100004F1370706463A4603F1100153F8040BD7
:10AB200042F8040B8B42F9D1D4F8EC30DD78002DDB
:10AB300040F08380237A052B68D8DFE803F02203F6
:10AB40000322672D94F8DC20D4F8D830D34003F0EA
:10AB5000010343F080033A490DF10808CDF8008065
:10AB600009683A4604F157000EF052FE58B1354AD2
:10AB7000354801210EF07AFB0825284606B0BDE8CD
:10AB8000F0810023E7E71022414604F1170011F09D
:10AB9000B9FC08B10425F0E7237A052B36D8DFE8A5
:10ABA00003F03B1D1D03353B02AB254800930068B5
:10ABB0003B4604F1270204F1570100F0C9FF0028C9
:10ABC000DAD1201D0A210EF0D3FB09210EF0D0FBB3
:10ABD000B3680299D4F8EC009847CEE794F8DC30DB
:10ABE0000133DBB2142B84F8DC3015D0102104F1D2
:10ABF000270003F0DDFF0028BED1032120460EF020
:10AC0000B7FB06B0BDE8F041FFF72EBE0F4A0E4875
:10AC100001210EF07AFBAFE7231D072118460EF045
:10AC200027FB20B1092118460EF0A2FBA5E720461C
:10AC300006B0BDE8F041FFF78FBD05259DE700BFD9
:10AC40000835002015FD020024CB020035FC02006F
:10AC500038B512490446A0F1EC054C3010F070FBF9
:10AC600028460EF0F5FBBFF35B8F0D4A04F17C0321
:10AC700053E8001F43E800200028F9D1BFF35B8FA1
:10AC8000BFF35B8F80344FF0FF3354E8002F44E86C
:10AC900000310029F9D1BFF35B8F38BD69B70100DE
:10ACA00078200020F0B589B0D0F8A04000AFE4B91A
:10ACB00000F170013846F8F749FB6E4688B06A46E5
:10ACC0000B4BCDE905374FF40073ADF81C30094B41
:10ACD00042F8103F084823464FF4E251F6F712F8C5
:10ACE0000820B5462437BD46F0BD0020FAE700BF76
:10ACF0002EFD02000300000124CB020080B500AF4E
:10AD000088B06A46074BCDE90530032342F8103F6F
:10AD1000054800234FF4C251F5F7F4FF6FF00B0024
:10AD2000BD4680BD43FD020024CB020008B5084AA1
:10AD3000D2F8EC3033B90748C2F8F000EC320A60C0
:10AD4000184608BDFFF7DAFF6FF00B00F9E700BF08
:10AD50007820002044D302002DE9F04188B0064657
:10AD600000AF0B4604300D210EF082FA90B3DD687F
:10AD7000D6F8EC3003F17008197A424602200EF042
:10AD80000DFD0446E0B941463846F8F7DFFA6E4655
:10AD900088B06A46124BCDE905374FF40073ADF821
:10ADA0001C30104B42F8103F0F4823464FF4E2513D
:10ADB000F5F7A8FF0820B5462037BD46BDE8F0816D
:10ADC0002B462E3405F1100253F8041B44F8041BE3
:10ADD0009342F9D1304609210EF0CAFA0020EBE780
:10ADE00068FD02000300000124CB02002DE9F041C0
:10ADF00005460EF08CFA0446002800F0D580071DA9
:10AE0000042138460EF034FA002840F0D0800221A8
:10AE100038460EF02DFA002840F0BF800321384656
:10AE20000EF026FA18B16FF00F00BDE8F081012195
:10AE300038460EF01DFA0028F5D12046FFF7A4FA97
:10AE4000D4F8EC309B7A032B064615D005D8013B8D
:10AE5000012B1BD96FF01500E7E7042BFAD1204630
:10AE6000FFF7B0FA032804D1002EF3D0F368002BCB
:10AE7000F0D0504B1B7807E02046FFF7A3FA0328D9
:10AE800004D1002EE6D0F368002BE3D0D5F8A03033
:10AE90006BB10021EC22204611F025FB102104F1BA
:10AEA000270003F085FE70B16FF06800BDE7287AD7
:10AEB00005F1700100F038FDC5F8A0000028E8D1C8
:10AEC0006FF00B00B1E7052120460EF051FAFAF7BA
:10AED00055FF394B0121186020460EF05DFA80467F
:10AEE0000028E1D006210C300BF00BF8314B1B7819
:10AEF0000546002B204614BF09260126FFF762FAFB
:10AF00002E4A032818BF46F0040604F5B6731278DB
:10AF1000BFF35B8F53E8001F013103D143E80020EA
:10AF20000028F7D1BFF35B8FBFF35B8FD4F86C3190
:10AF3000BFF35B8F9BB346F00106AE702046FFF770
:10AF400041FA1F4B28701B7863BB1E4B1B786B703C
:10AF50001023EB70AB7813F0010314BF032200221F
:10AF60006A712B7184F8E8306B7984F8E930012339
:10AF700063722B68C4F80A30AB88E38141462046EF
:10AF8000FFF750FA204602210EF0F2F90B210EF0E5
:10AF9000EFF9032138460EF0EBF9002045E706F003
:10AFA0000C06CAE70123D2E76FF07F003DE76FF0A0
:10AFB00004003AE70741002008350020A7070020D9
:10AFC00008410020094100202DE9F341051DD0F87A
:10AFD000EC40CB680646022128460EF049F90028CD
:10AFE0006AD1032128460EF043F9002864D10121DB
:10AFF00028460EF03DF900285ED1314A1278002A29
:10B000005CD093F8008018F0080F57D0D4F8A00057
:10B0100050B1438A03F02403CBB92046FFF7E6FE84
:10B02000002841D10F2144E004F17007217A3A460B
:10B03000202000F0BBFCC4F8A00040B9217A3A46B9
:10B04000042000F0B3FCC4F8A0000028E5D018F0FC
:10B05000040F08F00F0712D0437CDA070FD43046F4
:10B06000FFF7B0F9032803D0164A3B46032102E05C
:10B07000154A3B46022115480EF047F9CDE7438AB1
:10B080009B06F1D5037C009300F11C0200F11E0326
:10B0900000F1140120460CF035FD002808DA0C4AB6
:10B0A0000A4801210EF0E2F8082002B0BDE8F08164
:10B0B000012128460EF05CF90020F6E70320F4E7B2
:10B0C0000741002082FD0200A9FD020024CB0200FE
:10B0D00051FC0200F8B5D0F8EC40D4F8A030054699
:10B0E000061D002B3CD102213B4A3C480EF0BEF825
:10B0F00007213B4B5F5CD4F8A0304BB11B7C002B8D
:10B100005FD1D4F8A0000EF05DFB0023C4F8A0309E
:10B11000022130460EF0ACF840B9072F96BF314BF4
:10B120001F21D95D3A462046FBF78AFC03213046B1
:10B130000EF09EF810B32C4B1B68FBB153F80C6952
:10B1400006B10C3ED3B15B6813B13946204698472F
:10B15000002E3DD0F26802B10C3A33461646F1E7B4
:10B1600049BB214B0D2130460EF082F81B68074683
:10B1700023B153F80C6906B10C3E73B928460EF0A2
:10B1800067F9637B072B25D1627AA37A9A4221D093
:10B190002046BDE8F8400EF017BA1B6813B13946D7
:10B1A000204698472EB1F26802B10C3A3346164653
:10B1B000E3E73246FAE70139C9B20E2999D90927DE
:10B1C00099E7022130460EF053F8002899D19FE705
:10B1D0003246C2E7F8BD00BFD8FD020024CB020012
:10B1E0002807030017070300E0330020F8B5031D0C
:10B1F00006460F46184602210EF03AF8044620B1E2
:10B20000B6F8E840B4FA84F46409032118460EF055
:10B210002FF880B139463046FFF75CFFC4B11A48B9
:10B220001A4A02210EF022F8D6F8EC0005210CF0A3
:10B2300023FC0020F8BD012118460EF019F8002863
:10B24000E8D10F2118460EF013F80028E2D1E5E707
:10B25000052130460EF0A0F8054688B101210C30DA
:10B260000AF04FFE234607702246294606F1EC00FD
:10B27000FBF702FF0028DCD02846F7F745F8D8E7AF
:10B280006FF06800D6E700BF24CB020002FE020088
:10B2900010B5114CBFF35B8F2368BFF35B8F5B0668
:10B2A00018D5D4F8E830DB78043C9BB92046FFF78A
:10B2B00071F918B108212046FFF798FFBFF35B8FA3
:10B2C00054E8003F43F4805344E80032002AF7D1A9
:10B2D000BFF35B8F10BD00BF7C2000200E4B10B56C
:10B2E000044618604FF0FF324FF0FF330B4804F074
:10B2F00061FB0B4804F000FF084804F0CDFB34B9B3
:10B30000084A0948BDE8104002210DF0AFBFBDE872
:10B310001040FFF7BDBF00BF08350020A00500208A
:10B32000B40500205AFE020024CB02002DE9F341AF
:10B330000B8A04460E4643B92D4A2E4801210DF0D2
:10B3400095FF002002B0BDE8F081012106F10C005C
:10B350000AF018FEA4F1EC05E83C0746042120465B
:10B360000DF086FF3B7828B1234A224802210DF0D8
:10B37000CCFFE6E70E2B01D9204AF6E7DFF8808004
:10B3800058F833204AB902211E4A1A480DF0BDFF71
:10B3900007212846FFF72AFFD3E7194628460DF074
:10B3A000D0FF3B7860B91348174A02210DF0ADFF7A
:10B3B000032120460DF05CFF0028C2D00821E8E7F9
:10B3C00008EBC301328A0979914208D00121009328
:10B3D000084813460D4A0AF0D0FB0A21D9E7314646
:10B3E00058F833302846984701460028A9D0D0E7BE
:10B3F00073FE020024CB02008EFE0200BFFE02009C
:10B400006CD30200E1FE0200FBFE020052F70200D4
:10B410002DE9F04F99B090F8E930D1F80C80D0F8D0
:10B42000EC6023F0020380F8E93098F8003000AFB8
:10B43000044606F17009002B3BD098F8063003F063
:10B44000C003C02B35D041463846F7F77FFF6E4624
:10B4500088B06C46674BDFF8A0816D464FF4007AE8
:10B46000CDE90537ADF81CA045F8108F00232A461A
:10B4700062484FF4E25107F1200BF5F743FC4946CF
:10B48000B5465846F7F762FFA5465D4BA4F81CA0E9
:10B49000C4E9053BC4F81080584800232A464FF4FD
:10B4A000E251F5F72FFC0A20B5466437BD46BDE8EA
:10B4B000F08F07224146484611F024F868B1307AEF
:10B4C000414600F0CBFA054638B1014620460DF062
:10B4D000D8FE48B328460EF075F90D21201D0DF059
:10B4E000C7FE002868D0317A4A4602200EF056F98D
:10B4F0000546D8B907F1400449462046F7F726FF2C
:10B500006E4688B06A463F4BCDE905344FF4007370
:10B51000ADF81C30384B42F8103F38482B464FF4FA
:10B52000E251F5F7EFFBB5460820BEE7F378002BB4
:10B530003CD106F17E03187801282BD19A7902F0CC
:10B54000C002402A26D1D3F80120C5F83E20B3F826
:10B550000530A5F8423096F87030DBB196F87630B9
:10B5600003F0C003C02B15D02749BD6407F140028A
:10B57000C7E91098FAF782FFD8F80030C5F8013013
:10B58000B8F80430A5F8053098F80630EB7130466D
:10B59000FBF726FA00212846F9F76EFD48B1174857
:10B5A0001A4A02210DF062FE03207EE706F17703BE
:10B5B000C1E72846F9F772FD94F8E9305B0703D537
:10B5C0000A2120460DF0D4FEF37823B1B4F8E81038
:10B5D00061B1002069E794F8E930002BF6D1D4F886
:10B5E000EC00FFF75FFB0028F0D09DE72046FFF757
:10B5F00071FDEEE716FF02000300000124CB0200FC
:10B600003BFD020068FD0200A19402002AFF020037
:10B610002DE9F0410E46D0F8EC800446FEF7B4FE6A
:10B62000F668054633781048104A0121271D0DF0B1
:10B630006CFE0A2138460DF084FE38B16DB9204603
:10B640003178FFF747FD0020BDE8F0810B21384637
:10B650000DF077FE0028F1D1F1E72B69002BEED039
:10B6600040469847EBE700BF24CB020065FF02008D
:10B670002DE9F0410546A0F1E80604460F463046A4
:10B68000012155F8EC890DF05CFE00285FD0CFB1A8
:10B69000032130460DF0ECFD002858D03846F8F76D
:10B6A00049FC0138C0B208289ABF2E4B1C5C00240C
:10B6B000022130460DF05CFE21462846BDE8F041EF
:10B6C000FFF708BD98F80B30002B40D0032130461F
:10B6D0000DF0CEFD20B92846BDE8F0410DF0B8BE12
:10B6E000052130460DF0C4FDB8B114F8043C1F0725
:10B6F00007D514F8033C180703D5112130460DF087
:10B7000037FE14F8043C23F0080304F8043C14F852
:10B71000033C23F0080304F8033C14F8033CD90766
:10B7200017D5062128460DF023FE022130460DF0E4
:10B730001FFE98F8033013B914F8033C3BB9206896
:10B74000FFF7B0FA18B934F8041C0029B5D0BDE8E9
:10B75000F0819A0701D50821E4E75B07E5D50A21C6
:10B76000E0E700BF1F07030037B5A0F59C75A0F503
:10B770009A74BFF35B8F2368BFF35B8FBFF35B8F5C
:10B780002A68BFF35B8F084800920121074A0AF03C
:10B79000F4F928460821FFF79DFC0421204603B058
:10B7A000BDE830400DF0E4BD24CB020087FF02006D
:10B7B0002DE9F04389B000AF04460DF0A8FD054621
:10B7C00080B3061D032130460DF052FD50B3D4F86E
:10B7D000A00008B10DF0F6FF04F17009207A494687
:10B7E00000F0A2F88046C4F8A000F8B949463846EF
:10B7F000F7F7ACFD6E4688B06A46414BCDE9053798
:10B800004FF40073ADF81C303E4B42F8103F3E48F9
:10B810004FF4E2514346F5F775FA0821B54628463C
:10B82000FFF7E4FC2437BD46BDE8F0830E21304627
:10B830000DF01EFD28B1D4F8A020537C43F0020384
:10B8400053742B7A032B0DD8002B4DD1D4F8A020A4
:10B85000537C23F020035374D4F8A020537C23F0AE
:10B8600001030DE0053B012BF0D8D4F8A020537C58
:10B8700043F020035374D4F8A020537C43F0010319
:10B8800053742B7D697BD4F8A0208B4228BF0B46D4
:10B890001374052130460DF0EBFCD4F8A020537C46
:10B8A00048B343F0100353740D2130460DF0E0FC13
:10B8B0000028B7D0D4F8A00020210DF07FFFD4F8E5
:10B8C000A03005F147021E33573552F8041B43F8E8
:10B8D000041BAA42F9D1D4F8A0200023536193613C
:10B8E000D4F8A02093839DE7052130460DF0C0FCDD
:10B8F0000028ABD0BFE723F01003537492E700BFDA
:10B9000068FD02000300000124CB020008B5044BCF
:10B91000044801221A70FAF7DBF9002008BD00BFC5
:10B9200007410020BC05002070B505461248037889
:10B93000AB420C464FF0010604D10722304410F010
:10B94000E1FDA0B12EB10D490D48072210F0DAFD3E
:10B9500078B9094A134603F8015B2168C2F801105F
:10B96000A1889980A179997140F21123D36002488E
:10B9700070BD0020FCE700BF0C350020340603003A
:10B980000D350020F8B5084F164604460D46002236
:10B990007B8A234002B1F8BD002BFCD031463846EB
:10B9A000A8470122F4E700BF0C35002070B50B4C0E
:10B9B000638A03400D464FF000061146227808D0F6
:10B9C000954204D10722601C10F09CFD18B130464E
:10B9D00000E0184670BD2046FCE700BF0C35002093
:10B9E000F8B50B78012B06460C4601D00020F8BDB7
:10B9F0008B7903F0C003402BF8D1154D6F8A29468F
:10BA0000BF0711F83E2B4FF0000304F1010006D5EB
:10BA1000B24204D1062210F075FDB8B10023002B0C
:10BA2000E4D16B8A9B07E1D52B78B342DED1661C4B
:10BA3000084831460BF099FC0028D7D0D4F80130E3
:10BA4000C5F83E30044BB4F805209A800048CEE794
:10BA50000C3500203A3500204A35002010B5074C3F
:10BA60002378834208D10722601C10F04BFD002888
:10BA70000CBF2046002010BD0020FCE70C35002044
:10BA80002DE9F0439BB0304CDDE923871D46844609
:10BA9000894616460CAB04F1300E206861681A46E0
:10BAA00003C2083474451346F7D120681060227928
:10BAB0001A716146202204A80DF092FE23486B46BD
:10BAC000202204A900F072F80446C0BB10224946A7
:10BAD0000DF135000DF084FE102231460DF14500C8
:10BAE0000DF07EFE2946062211F8013B8DF85530F7
:10BAF0000DF156000DF074FE2299062211F8013B5B
:10BB00008DF85C300DF15D000DF06AFE4346352284
:10BB10000CA9684600F04AF8044680B940460DF08A
:10BB200069FE01238DF8303035223B460CA968466A
:10BB300000F03CF8044610B938460DF05BFE204694
:10BB40001BB0BDE8F08300BF5ACE020050070300CF
:10BB500070B598B00E4614460146202204A81D4632
:10BB60000DF03EFE202231460CA80DF039FE1022C9
:10BB7000294614A80DF034FE1022214668460DF027
:10BB80002FFE6B46502204A9684600F00FF840B91A
:10BB9000039B054A1BBAB3FBF2F102FB11331C9A5B
:10BBA000136018B070BD00BF40420F002DE9F04196
:10BBB0008EB007460C4615460021182208A81E46DE
:10BBC00010F091FC4FF41053ADF81C30DFF85C809E
:10BBD0008023ADF81E304FF44063CDE909381022C0
:10BBE00005AB394607A805F041FE034648B1104AA7
:10BBF0001048012109F0B7FF6FF004000EB0BDE856
:10BC0000F08106AB029310232246CDE90063414642
:10BC10002B46059810F0E5F80446059805F0E8FD78
:10BC20002043EBD0044A2346E2E700BF0002C003F2
:10BC3000CFFF0200C4CA0200EBFF0200F8B503699F
:10BC400000AF0C4603F1A005BFF35B8FD3F8A03023
:10BC5000BFF35B8FC3F38003994218D1184A194B85
:10BC60006E4688B0002918BF13466A461649CDE9CA
:10BC700005134FF40073ADF81C30144B42F8103F1D
:10BC8000134800234FF4E451F5F73CF8B546BFF3F1
:10BC90005B8F5CB155E8003F43F0040345E8003298
:10BCA000002AF7D1BFF35B8FBD46F8BD55E8003FD2
:10BCB00023F0040345E80032002AF3D0F6E700BF82
:10BCC00041010300040003000B0003000300000116
:10BCD000ACCB02002DE9F0470546D0F808A0894614
:10BCE00090461F460DF067FE0446C0B1067DF3077F
:10BCF00009D5037E1648174A012109F034FF6FF079
:10BD00007700BDE8F0873B46424649460DF00DFE00
:10BD100040B9237E104A0E48012109F024FF6FF03C
:10BD20001200EEE79DF8203084F8198026F0060610
:10BD3000678323772675DAF8183021462846984716
:10BD4000227DB0FA80F35B0963F300022275D8E725
:10BD5000ACCB02001D0003003700030070B50546A0
:10BD600086680DF028FE0446D0B1037DDB0708D4B9
:10BD7000037E0D480D4A012109F0F5FE6FF07700B2
:10BD800070BD0146F3692846984738B1237D03F01A
:10BD90000103227D63F300022275F1E70346F8E711
:10BDA0006FF01200ECE700BFACCB020059000300BB
:10BDB000F8B587680546FB6B0C46984728690DF077
:10BDC000E8FDD0B1214628460DF0F5FD0646B8B194
:10BDD000037D9B0705D0037E0B4A0C48032109F025
:10BDE000C2FE346824B1BB683146284698470446F1
:10BDF00028463B6C98472046F8BD4FF0FF34F7E7E4
:10BE00006FF01204F4E700BF74000300ACCB020033
:10BE10002DE9F341D0F808801746D8F83C300546A4
:10BE20000E4698470C48002200233946F6F7EEF9F3
:10BE3000044670B9094A0A4800963B46012109F0B8
:10BE40009CFE2846D8F840309847204602B0BDE80E
:10BE5000F0810676F5E700BFA80A002095000300F0
:10BE6000ACCB020010F0080F0B4B42B20CD100F02B
:10BE70000F00002A4FF0140202FB0033B4BFD3F8C6
:10BE80000806D3F808077047002AB4BFD3F8A806FD
:10BE9000D3F8A807704700BF00700240F8B502460B
:10BEA000EFF31181402383F31288BFF36F8F00F00B
:10BEB00008050EF09CF80124844057066FEA04063A
:10BEC0001BD0D5B9174F3B6823FA00F0C00714D533
:10BED00033403B6053B2DB4322F08000DB0F00F2C3
:10BEE000DA301B0103EB40030F48C0F80038D0F8EC
:10BEF000043843F00203C0F804380C4803683340A8
:10BF0000036035B90A480368120654BF334023431F
:10BF10000360054BC3F86C4481F31188BFF36F8F46
:10BF2000F8BD00BFA835002000700240AC350020ED
:10BF3000B0350020EFF31180402383F31288BFF364
:10BF40006F8F0A4BD3F8001C032261B949F2753197
:10BF5000C3F8001CC3F8142DC3F8001C80F311882B
:10BF6000BFF36F8F7047C3F8142DF7E700E006406A
:10BF7000EFF31180402383F31288BFF36F8F0A4BD6
:10BF8000D3F8001C61B949F27532C3F8002CC3F82C
:10BF9000141DC3F8002C80F31188BFF36F8F704716
:10BFA0000022C3F8142DF6E700E0064070B5024603
:10BFB0000EF01DF8EFF31185402383F31288BFF3D1
:10BFC0006F8F531E0124062B04FA00F40FD80E4E77
:10BFD0000E4B31681B680B43C34013F0010306D1BD
:10BFE0000B4802F59472214340F822303160094A2F
:10BFF000136823431360084B8022C3F8042185F3A0
:10C000001188BFF36F8F70BDA8350020B0350020B8
:10C0100000700240AC35002000E100E0F8B50306F6
:10C02000044623D410F0080720D100F00F0292003C
:10C0300002F1804202F51C32D2F84434B3B1EFF37E
:10C040001186402383F31288BFF36F8F0DF0CFFF6B
:10C05000084DC2F8A074012303FA00F12B6823EA0B
:10C0600001032B6086F31188BFF36F8F024BC3F877
:10C070001845F8BDB03500200070024010B591F9A8
:10C080001800154B0A7E0028B4BFD3F81045D3F82A
:10C09000144502F00F020123934023420DD10E4AB2
:10C0A0000028B5BFD2F81005D2F8140503430343A6
:10C0B000B4BFC2F81035C2F814350B7E1A0709D484
:10C0C000054AC2F80C3543F48073C2F80C35087E7B
:10C0D000FFF7A4FF002010BD007002400B7E064A4F
:10C0E00013F07F0F0BBF012343F480735365C2F835
:10C0F00018350020704700BF0070024070B506463A
:10C100000D460DF058FC04460DF05EFC28BB2046A1
:10C110000DF07DFC08B3802D16D1437E9A0744BFF5
:10C120000E4A15705B070FD50D4B1B7813B90D4BDD
:10C1300001221A6520460DF066FC002201463046B9
:10C14000BDE870400DF07CBC2846FFF72FFF20466D
:10C150000121BDE870400DF03BBC70BD0C410020DA
:10C16000114100200070024070B506460C460DF0EB
:10C1700022FC05460DF028FC20BB28460DF047FCAC
:10C180000146F8B1ACB9437ED8071BD49A0704D551
:10C190000D4B1C700D4B0122DA644B7E5B0708D5FA
:10C1A0000B4B1B7873B130460022BDE870400DF098
:10C1B00047BC2046FFF7FAFE28460121BDE8704043
:10C1C0000DF006BC70BD00BF0C41002000700240A5
:10C1D0001241002008B5054A054803210DF00FFF64
:10C1E0000EF0F0FD03F0B4F8002008BDC30003001A
:10C1F000B4CB020010B54468206801F0C5F8104BBC
:10C200001860104B1B782BB10F4B00221868114699
:10C210000DF00AFC002201212720F5F7DBFC201D90
:10C2200003F064F804F1080003F09EF80EF0C3FD7B
:10C23000064A074803210DF0E2FE002010BD00BFB2
:10C24000603500200E410020B4350020CC000300F2
:10C25000B4CB0200012810B503461AD002280AD038
:10C2600000BB144B0246014618680DF0DDFB124B73
:10C2700001221A700CE0114B114C00221A70114B64
:10C28000C4F800332720F5F775FC0123C4F8043502
:10C2900010BD084B0022014618680DF0C5FB064B87
:10C2A0000022E6E7084A0948BDE81040012109F0EC
:10C2B0005ABC00BFB43500200E4100200D410020C3
:10C2C00000700240FDFFDF01D8000300B4CB020084
:10C2D000014601480FF0EABA8809002008B5054B6D
:10C2E0001970054B1B7813B10420FFF7F1FF0020F4
:10C2F00008BD00BF0F4100201041002010B50469A7
:10C30000087E0D4A0DF073FE012303FA00F0136856
:10C310000343136004F05CF94020FFF7D9FF4FF0AE
:10C32000FF324FF0FF3304F18401044803F01EFF95
:10C3300004F062F9002010BDA4350020A4090020FB
:10C340002DE9F043064689B007694D4A4D4803215F
:10C350000DF055FE4C4B1E6007F184000EF063FE9D
:10C3600000220023CDE9062300246FF00703CDE966
:10C370000334CDE90144454B454900964FF4007222
:10C38000444803F06FFFDFF81081444941480FF043
:10C3900036F8D8F81020424B134043F4820343F0A0
:10C3A0004003C8F81030C14688F81840414630466E
:10C3B0000DF013FB3B4B3C4A054678B13B4A3148F4
:10C3C00001210DF01CFE284609B0BDE8F08301698B
:10C3D00019401143016108F12008E5E70134092CF7
:10C3E00010D009EB4410082C817C41F0400181748D
:10C3F000EDD1D9F810112E4808402E490143C9F853
:10C400001011E8E72C4C2D4B2269134043F4041320
:10C4100043F0400323618046A14668F07F01217606
:10C42000304621460DF0D9FA1E4B1F4A054600281A
:10C43000C4D108F10108B8F1090F17D009EB481071
:10C44000B8F1080F817C41F02001817408D1D9F83E
:10C4500010111748084017490143C9F8101103E0AB
:10C4600001691940114301612034D6E797F8803003
:10C4700023F0720343F0720387F88030A3E700BF14
:10C48000EF000300B4CB0200B435002069C5010001
:10C49000805C0020E8210020D8360020F70003004F
:10C4A0000000BEFF0000F9FF40000600000103008D
:10C4B0000000F7FFFF010800B83500200000DEFF94
:10C4C00010B50C46204611460DF0A3FA207E0DF063
:10C4D0008EFD014603480DF094FD0120FFF7F8FEA4
:10C4E000002010BDFC37002008B5064A0B7EC2F8BC
:10C4F0000C3543F48073C2F80C35087EFFF78EFDCF
:10C50000002008BD0070024010B50C7E4FF0FF32D5
:10C510004FF0FF33114803F075FB2046FFF7BEFCD8
:10C5200004F00F02012393400D4A14F0800F14BF52
:10C53000D2F81015D2F814156FEA030315BF0B409B
:10C540000B40C2F81035C2F81435044803F026FB3E
:10C55000044B8022C3F80421002010BD580900209C
:10C560000070024000E100E02DE9F04FBF4D85B0C2
:10C5700004464FF0FF384FF0FF390022CDE9008923
:10C580004FF0FF31BA480FF098F9B9484FF0FF313A
:10C590000FF08FF90746380733D5B64AB64803215E
:10C5A0000DF02DFDB54842464B4603F02BFBEFF353
:10C5B0001182402383F31288BFF36F8FB04B1B7837
:10C5C0007BB1D5F8003413F400730AD10121C5F80A
:10C5D0002C15D5F82C15D5F80014890548BFC5F8D9
:10C5E0002C3582F31188BFF36F8FA44803F0D6FA7D
:10C5F00001212046FFF722FB0022032120460DF0F7
:10C6000013FAFE060DD59F4A9B4803210DF0F7FC57
:10C6100000212046FFF712FB0022022120460DF0E8
:10C6200003FAB8060DD5984A934803210DF0E7FCAC
:10C6300000212046FFF702FB0022022120460DF0D8
:10C64000F3F9B90761D4FA0710D5BFF35B8F8F4BAD
:10C65000002253E8008F43E800210029F9D1BFF3FD
:10C660005B8F0126B8F1000F40F0C080790734D508
:10C67000874B4FF0000C83F800C0D5F88004C0B29F
:10C680008DF80800D5F88414C9B28DF80910D5F8D2
:10C690008834D5F88C2443EA02239BB2ADF80A30E3
:10C6A000D5F89024D5F8946442EA0622ADF80C201F
:10C6B000D5F89824D5F89C6442EA062292B2754EC9
:10C6C000ADF80E20002840F0AA80052940F0A78090
:10C6D00001213170002A00F0AE807B067FF549AF62
:10C6E000206984304FF0FF324FF0FF3303F062F9DE
:10C6F000694E3168002940F0DD80684803F0FCFC99
:10C700002069843003F0C8F933E7654BBFF35B8FD2
:10C71000002253E8008F43E800210029F9D1BFF33C
:10C720005B8F4FF0010AB8F1000F8CD098FAA8F394
:10C73000B3FA83F30F2B1E46C6BFA3F11006F6B261
:10C7400046F080060AFA03F328EA03083306314666
:10C7500020462FD50DF02FF983460DF054F9814670
:10C7600050B9504A44483346012109F0FCF931469A
:10C770002046FFF7C3FCD6E7002158460DF028F904
:10C780000022494620460DF05BF9802EEFD1404B48
:10C79000002183F800A02046C5F850A00DF00BF949
:10C7A0000DF031F901460028E1D0002220460DF0BD
:10C7B00047F9DCE70DF0FFF883460DF024F98146D8
:10C7C00050B9394A2C483346012109F0CCF9314699
:10C7D0002046FFF7C9FCA6E7584600210DF0F8F8FF
:10C7E0000022494620460DF02BF9F0E798FAA8F30D
:10C7F000B3FA83F30F2B1946C6BFA3F11001C9B2D8
:10C8000041F0800106FA03F30A0628EA03082046ED
:10C8100002D5FFF773FC25E7FFF7A6FC22E7234AC2
:10C8200086F800C0D5F8703412789A420AD1204BAD
:10C8300000221A7014E003F07F03ADF80A30ADF85F
:10C840000C20F4E71A4A0123137033704FF4A063ED
:10C85000ADF80830D5F87034ADF80A30CDF80CC01A
:10C8600002A920460DF013F937E700BF007002401F
:10C87000880900201C010300B4CB020058090020E5
:10C880000D4100203301030049010300FC37002063
:10C890001241002011410020A4350020A4090020ED
:10C8A000F8370020610103007A0103000F410020E6
:10C8B0001041002091FAA1F7B7FA87F70F2F3946F8
:10C8C000C6BFA7F11001C9B241F0800120460DF0AA
:10C8D00072F8804690F818904FF0FF324FF0FF3317
:10C8E000134803F08FF94846FFF7D8FA104803F0D1
:10C8F00055F9104B8022C3F80421414620460DF023
:10C90000B7F8002140460DF063F8BFF35B8F0123B9
:10C91000BB40094ADB4352E8000F184042E80001DF
:10C920000029F8D1BFF35B8F326813403360E0E633
:10C930005809002000E100E0F83700204FF0805354
:10C94000D3F83031082B02BF024B0022C3F81C2C55
:10C95000704700BF007002402DE9F04105464FF0DE
:10C96000FF324FF0FF33414803F04CF9404B802237
:10C97000C3F884212720F5F71FF9A8B13D4F3E4B9E
:10C980003C681B686FF30F041C434FF00108002C38
:10C9900037D13A4E40F2FF133B602720C6F80445DA
:10C9A000F5F7F6F8C6F80043354A13788BB1334BE8
:10C9B0000021C3F808110121C3F80026C3F80416AA
:10C9C0005960D3F808110029FBD00021C3F80811E1
:10C9D00011702A4B0024C3F80045FFF7AFFF23482E
:10C9E00003F0DCF821462846FFF7B8F9F0B1254AF4
:10C9F000254801210DF003FB6FF004052846BDE832
:10CA0000F08194FAA4F6B6FA86F60F2E3346C6BF26
:10CA1000A6F11003D8B243F08000030701D4FFF75A
:10CA20003DFA08FA06F624EA0604B0E72846802113
:10CA3000FFF794F905460028D9D1144B14491E6814
:10CA4000304608F018FF10F1780F044603D1304645
:10CA500008F0EDFE0446002CD0DA0E4A0A482346C0
:10CA6000012109F080F82546C8E700BF58090020D9
:10CA700000E100E0B0350020AC350020007002403D
:10CA80000A41002097010300B4CB0200603500206A
:10CA900050350020BA0103002DE9F04FAD4BDFF80F
:10CAA000B8A2D3F85421AD4F87B00AB30022C3F81F
:10CAB0005421D3F8042391021AD5D3F8C034002BA3
:10CAC00014BF4FF001224FF48072A54B9B683BB915
:10CAD0009AF800000DF08BFA0123834022EA03024A
:10CAE0003B6813439F4A3B60136823F001231360A4
:10CAF000984BD3F8604134B10022C3F86021D3F8D9
:10CB00006C44C3F86C44D3F828214AB10022C3F81E
:10CB10002821954B18780DF06AFA012383401C43B5
:10CB20009AF800509AF900802A0700F10B81B8F1B9
:10CB3000000FB4BF8D4B8E4B05F00F0292001344D3
:10CB40001A684AB300221A602846FFF78BF9894B0E
:10CB50001A7800F0010050401870FFF7EFFE864B86
:10CB600028461A680DF043FAC240D307064600F182
:10CB70002381B8F1000F80F20F81882D00F00C8125
:10CB8000784A01231168B3400B43136081238AF86C
:10CB90000030734803F002F88CB13B68714ADFF84B
:10CBA000DC9124F001210B433B60136823EA01036D
:10CBB0001360A4B24FF00108002C40F00381654BD4
:10CBC000D3F800217AB10024C3F800416C4B1C70EB
:10CBD0006C4A6D4803210DF012FA684B2246186822
:10CBE00004210CF021FF5B4BD3F858212AB300221B
:10CBF000C3F85821D3F80044C3F80044E00505D534
:10CC00005F4B012208201A70FFF762FBA10505D5D2
:10CC10005B4B002210201A70FFF75AFB62050CD5FF
:10CC2000574B1A784AB100221A704A4B0122C3F8B6
:10CC3000082520209A65FFF74BFB464BDFF838B1FB
:10CC4000D3F85C31F3B1464B9B681BB99AF80030BE
:10CC50005B0617D03F4B0022C3F85C21DBF80030A5
:10CC6000404A23F00113CBF800303B6823F48033B3
:10CC700043F001033B601368042023F001131360A9
:10CC8000FFF726FBDBF800403B681C4000F03381D7
:10CC9000304BD3F82C95B9F1000F40F02C8130487F
:10CCA0000022002302F0AEFF002840F0248114F09F
:10CCB00001230CBF94FAA4F393FAA3F3B3FA83F31A
:10CCC0000293029B9DF808400F2BC8BF103C2B4BD2
:10CCD000CCBFE4B244F08004186821460CF06BFE2F
:10CCE00003900CF094FE63B2049304F008030593E0
:10CCF00063B2002B064680F29C80039B058A5B8B07
:10CD0000D0F80C80C3F30A039D4240F28C801D468C
:10CD1000002608F06043B3F1005F06D041461B488F
:10CD2000DFF868802A460FF0B7FB002E00F0B380D2
:10CD3000029B01229A40DBF8003023EA0203CBF881
:10CD40000030A8E0124B134A33EA280328BF1346E9
:10CD5000F6E600BF007002400B410020B035002015
:10CD600058090020A83500200C410020087102401D
:10CD7000307102400A410020AC350020B43500205B
:10CD80000D410020D1010300B4CB02006435002026
:10CD9000507102402C710240634831460DF031F968
:10CDA0000220FFF795FAB8F1000FFFF6E9AE013D5A
:10CDB000062D7FF6E5AEE9E6002DF4D15B4B0122AE
:10CDC000DA64E3E694FAA4F5B5FA85F508FA05F312
:10CDD00045F080052946D9F8000024EA03040CF048
:10CDE000EAFD0CF014FE06462846FFF73BF8014624
:10CDF00006F10C0009F0BEF8338A002B7FF4DCAE9C
:10CE000030460CF008FE18B130460CF008FED3E6B0
:10CE100028460DF0ECF8014643480DF0F2F80220E8
:10CE2000FFF756FAC8E60CF0F6FD80F00106F6B200
:10CE30006FE704F008023D4B002A5FD0D3F8C034FE
:10CE400013F4803F08BF9946328AF368758A03EB72
:10CE50000208AD1A72699B1AED1A4D4553D2344A35
:10CE6000344800954B46012108F087FE294606F11B
:10CE70000C0009F046F8039B5B8BC3F30A034B4598
:10CE80007FF456AFF2687169738A521A9B1A328A1C
:10CE900093423FF44DAF4FF080530121D3F830312E
:10CEA000082B02BF214B8222C3F81C2C029B3A683C
:10CEB0008AF8004001FA03F322EA03023A6004F020
:10CEC00008021A4B0ABB049A04F00F04002A4FF020
:10CED000140202FB0432A9BF0A3403EB8403C2F834
:10CEE0000087C2F80457AFBF43F82410C2F8008689
:10CEF000C2F80456596007B0BDE8F08F04F594728B
:10CF000053F82290A0E74D46B0E7049A002AB5BF37
:10CF1000C3F8A086C3F8A087C3F8A456C3F8A457E3
:10CF2000B4BF59629964E6E7F83700200070024008
:10CF3000D7010300B4CB020010B5EFF311844023F6
:10CF400083F31288BFF36F8F164B1B7803F0FF0239
:10CF5000CBB11549D1F82C3513B30023C1F82C35CA
:10CF60004FF08053D3F83031082B0CD10F4BD3F84E
:10CF7000000CC02188B949F27530C3F8000CC3F821
:10CF8000141CC3F8000C84F31188BFF36F8F002AC0
:10CF90000CBF6FF00A00002010BDC3F8141CF2E7AC
:10CFA0001A46F0E70D4100200070024000E0064004
:10CFB00073B500220092114640230446FEF78AFE14
:10CFC000024648B1604A614801210DF018F86FF03F
:10CFD0000404204602B070BD00904023204680210A
:10CFE000FEF778FE04460028ECD15949594B4860B9
:10CFF000C860012618688E6008F0CEFB051E07DAAF
:10D00000554A52482B46314608F0ADFD2C46E0E724
:10D01000EFF31185402383F31288BFF36F8F4F4BDB
:10D020004FF40062C3F800240CF0D3FF08B1FEF700
:10D0300081FF4FF08053D3F83031082B18D1EFF334
:10D040001180402383F31288BFF36F8F444BD3F8D2
:10D05000001CC022002970D149F27531C3F8001CB0
:10D06000C3F8142CC3F8001C80F31188BFF36F8F32
:10D070003A4B0122C3F80025D3F800241205FBD552
:10D080004FF40062C3F800244FF08053D3F83031DE
:10D09000082B17D1EFF31180402383F31288BFF3DD
:10D0A0006F8F2F4BD3F8001C002949D149F27532FC
:10D0B000C3F8002CC3F8141CC3F8002C80F31188AB
:10D0C000BFF36F8F0CF085FF30B1FEF751FF0CF00E
:10D0D00080FF08B1FEF72EFF4FF08053D3F83031B8
:10D0E000082B1E4B0AD140F2E372C3F800284022FD
:10D0F000C3F80428BFF36F8FBFF34F8F8022C3F8AC
:10D100001C250122C3F83025164B40F2FF121A608D
:10D11000154B00211960154B1960154B1970FFF75D
:10D120000DFC144B19700CF054FF08B1FEF720FFF2
:10D1300085F31188BFF36F8F4BE7C3F8142C93E787
:10D140000022C3F8142CB9E7F6010300B4CB0200A7
:10D1500050350020603500201802030000700240A6
:10D1600000E00640B0350020AC350020A835002096
:10D170000A4100200C410020084B70B5C31A0D462F
:10D1800007499B1004465943064840220CF07FFF94
:10D190002B4601462046BDE8704018471438002051
:10D1A000B76DDBB618C7020073B50C4C0C4A4023B0
:10D1B000041B00930D460B460A49A4106143064622
:10D1C00009480CF090FF014628B130462B4602B0CA
:10D1D000BDE87040184702B070BD00BF1438002091
:10D1E00053A10200B76DDBB618C702000022F8B5E4
:10D1F000012105461046F4F7EDFC104801F0E0FD72
:10D200000446B8B90DF0A8FA2F690D49384608F060
:10D21000B0FA031E09DB01263E642D69084905F1B9
:10D220001C0008F0A6FA031E02DA1C462046F8BDD0
:10D23000EE64FBE76FF00404F8E700BF6DD3010074
:10D2400050D402001FB500220123CDE902236C4611
:10D25000074A6B46CDE900440CF074FF28B94FF43F
:10D2600080420023684602F0CDFC04B010BD00BF30
:10D2700065A1020010B5EFF31184402383F31288F7
:10D28000BFF36F8F074A136823F00201DB071160B9
:10D2900002D401200DF05AFA84F31188BFF36F8F86
:10D2A00010BD00BF6438002030B4104B0C2202FBCC
:10D2B000003301460020D3E90E529863EFF311804A
:10D2C000402484F31288BFF36F8F1C6C04F0C004F9
:10D2D00044F002041C6480F31188BFF36F8F1DB10A
:10D2E0002B46034830BC184730BC70471438002028
:10D2F00018C7020010B4EFF31180402282F31288A5
:10D30000BFF36F8F17490B6843F0020413F001035A
:10D310000C601AD04FF08043D3F80C14D3F80C34BF
:10D3200013F0010311D0EFF3118182F31288BFF3E0
:10D330006F8F0D4A136C03F0C00343F002031364B4
:10D3400081F31188BFF36F8F012380F31188BFF33E
:10D350006F8F1BB110BC0020FFF7A6BF10BC0120CF
:10D3600001F01EBD643800201438002010B10128DF
:10D3700004D07047034B1B6C5B0701D1FFF794BFD0
:10D38000704700BF14380020024AC3B21C2000FBC3
:10D3900003207047143800202DE9F0413849BFF3CD
:10D3A0005B8F8046012251E8003F41E800200028C1
:10D3B000F9D1BFF35B8F33B9324933484B60CB604F
:10D3C0008A6008F0E9F908F1FF33012B4BD8B8F176
:10D3D000010F07D14FF08043D3F81C3403F003034F
:10D3E000012B40D00EF005F8054658B1EFF3118639
:10D3F000402383F31288BFF36F8F0125234F4FF033
:10D4000080441EE0224B1B78002BEFD04FF080436E
:10D410000222C3F808230646F0E735B3304608F089
:10D42000CEFCD4F8183563B9D4F804214AB1C4F855
:10D430000431D4F804310123C4F81835C7F8803119
:10D44000A360D4F81824D4F81834D203E5D503F037
:10D450000303012B02D0B8F1010FDED155B186F3E1
:10D460001188BFF36F8FBDE8F081002121200EF0FD
:10D4700087F8D6E74FF080430222C3F80423F2E78F
:10D4800010380020003800203038002000E100E093
:10D49000C943002008B507480DF0BEFC38B1064866
:10D4A000F4F750FE0448F3F777F8002008BD6FF05A
:10D4B0001200FBE76CC70200BDD401000A2838B592
:10D4C000074D044604D1AB680D215B682846984798
:10D4D000AB6803485B68E1B29847204638BD00BF9F
:10D4E0006CC70200EFF31182402383F31288BFF36D
:10D4F0006F8F0A4BD3F8001161B10021D3F80805F2
:10D50000C3F80011D3F80031C0B282F31188BFF321
:10D510006F8F70476FF00A00F7E700BF00D0004040
:10D52000F0B503468478C678EFF3118E402080F37F
:10D530001288BFF36F8F1D7893F801C0641B3440CD
:10D54000A24288BFA2B2AF18374028461F708EF3A0
:10D550001188BFF36F8F8F188F4218D165450CD19A
:10D56000EFF31181402080F31288BFF36F8F18789A
:10D57000587081F31188BFF36F8F1B79A41AA342EF
:10D5800028BF074B90B224BF01221A60F0BD03EB05
:10D59000000E01309EF805E001F801EB3040DBE7BA
:10D5A00000D00040DB432DE9F04713F001050F46A2
:10D5B000144604D02448FFF7B3FFBDE8F087B2B3A8
:10D5C000EFF31186402383F31288BFF36F8F0D2092
:10D5D000F4F7F2FA80460D20F4F7DAFA86F31188B0
:10D5E000BFF36F8FDFF864A0194ECAF80051DAF864
:10D5F00000314FF400590123CAF800302546C6F81F
:10D600008091DAF80031A3B1FFF76CFF031EA4BFCD
:10D6100005F1FF35ADB2C6F88091A8BF7B55002D4E
:10D62000EFD1B8F1000F02D00D20F4F7A3FA204695
:10D63000C3E7EFF31180402383F31288BFF36F8FAA
:10D6400008F0BDFBDDE700BF8838002000D00040B7
:10D6500000E100E070B50D4614460CB9204670BDDF
:10D660004FF0FF334FF0FF320C4802F0CBFA224666
:10D6700029460B48FFF754FF0646084802F08EFA89
:10D680003EB94FF0FF324FF0FF33064802F0BAFACE
:10D69000E6E7A41BA4B23544DFE700BF68380020EA
:10D6A0009D3800207838002038B5012211461748EF
:10D6B0000DF062FD154D0122002105F110000DF065
:10D6C0005BFD40F207432B874FF070632B620C2306
:10D6D00085F8243000240E4B85F83540EC86D3F8CD
:10D6E000042522F00102C3F804250121C3F80041FA
:10D6F000D3F80021C3F80413224619600D20F4F773
:10D7000069FA0D20F4F736FA204638BD6838002053
:10D7100000D0004010B5FFF7E5FE002820DB174BD6
:10D7200093F8222093F8214093F82310141B31EA38
:10D730000404C0B20DD193F8372093F8364093F823
:10D740003810141B31EA04040BD10D4B01225A602E
:10D750000EE09C180132114084F8250083F8221055
:10D7600010BD9C180132114084F83A0083F837103C
:10D770000448BDE8104002F011BA00BF683800202C
:10D7800000D00040783800202DE9F043476840F28F
:10D790000636D0063B7C87B002EA060654BFC2F3C9
:10D7A000401C4FF0030C01F01F05B6F5837F1446B3
:10D7B00045EA43158DF803C044D00DD8062E16D087
:10D7C00005D8A6B1022E3FD06FF0150037E0B6F5B0
:10D7D000807FF9D101260AE040F20222964235D03C
:10D7E000B6F5407F34D0B6F5007FEDD10226220396
:10D7F00030D57A6801238B40C2F80835B868A0BBE1
:10D8000005F01F036D092DD0012D77D13E4A02EBA3
:10D810008302C4F30043D2F8001783F00103C4F37A
:10D82000404444EA430421F4E16144EA8C0421F0D9
:10D83000070144EA06230B43C2F80037002007B073
:10D84000BDE8F0830726D2E70426D0E70526CEE719
:10D850000326CCE7630341BF01237A688B40C2F8FB
:10D860000C35CBE74FF0A042D1E70DF1020229467B
:10D870000DF00BFA14F4403F80460CD1B8682946ED
:10D880000DF038FAB8F1000FD8D19DF80210B86841
:10D8900001F034FCD2E74FF0000901ABCDE901996A
:10D8A000CDE90439CDF80C90B86803AA29460DF0EB
:10D8B000C1F84845C2DB14F4003314D0C4F300446B
:10D8C0009DF803308DF80E3084F001048DF80C6063
:10D8D0008DF80D40B8684B4603AA29460DF05DF956
:10D8E0000028CFDAAAE7CDE904330DF1030303934F
:10D8F000B86803AA29460DF09DF8F1E703F5E07337
:10D9000050F82330FFDE00BF00030050420970B51D
:10D91000034602D0012A17D070BD0D4E32695168FE
:10D920000029F9D003F01F0301250C689D40002950
:10D93000F2D08A682A4002D04B68304698472CB112
:10D94000236821461C46F2E7024EE7E72346F8E744
:10D9500050C7020034C7020038B54568A86890B1C6
:10D960000DF0C2F9014670B9A8680DF0A1F904469E
:10D9700058B902460649A8680DF084F922460521E7
:10D980000620F4F727F9002038BD6FF00400FBE70C
:10D990000DD90100F0B544681646A068227C01F05C
:10D9A0001F0587B045EA421500286DD0B6F5001F67
:10D9B00004D129460DF0F1F9002056E06268607C40
:10D9C000C2F8240501AA0020B6F5800F019050602E
:10D9D00037D1B3F1007F14BF052304238DF8043041
:10D9E0000023CDE904230393E36823FA01F111F046
:10D9F00001010DF103073AD1B6F1A07F37D105F04F
:10DA00001F036A0903F5E07326D0012A3FD1214A9A
:10DA100052F82330DB072AD4A0683A4629460DF095
:10DA200034F916301BD00297A06803AA29460DF0DE
:10DA300001F8002819DBA068012229460DF05CF9E5
:10DA4000BAE7B3F1C06F05D0B3F1007F14BF012373
:10DA50000223C3E70323C1E74FF0A042D8E7A06841
:10DA6000394601F051FB0028DDDA07B0F0BDA068AF
:10DA70003A4629460DF009F90028D5D19DF8031042
:10DA8000A06801F03BFBCFE76FF08500EDE751F8B0
:10DA90002330FFDE00030050036803F01F025B0920
:10DAA000026004D0012B034818BF002070474FF0DC
:10DAB000A0407047000300502DE9F04F00EB8109B2
:10DAC000554985B01546074640F2FF1AB94503D1BE
:10DAD000002005B0BDE8F08F3B68C3F3C72818F0FD
:10DAE0000808C3F3C322C3F3080440F08F804B48F7
:10DAF0001B0E865C544508BF4FF0FF34192B00F213
:10DB00008880DFE803F00D1E2534282F34868686B2
:10DB100086373D868686868686868686407A7D809E
:10DB2000C5F80C45621C66D003A80394FFF7B4FF48
:10DB3000039A012303FA02F2C0F808259B465846CF
:10DB400037E0C5F81445631C55D04FF0000BF6E7DD
:10DB5000C5F80845E6E7C5F808454FF0000B601C1E
:10DB60001CD148E0C5F80C454FF0010BF7E7C5F8AC
:10DB70001045E8E7C5F80845002EE4D10626E2E79F
:10DB8000C5F80C45F8E7C5F860457B88621C03F0D2
:10DB9000010330D0002BC7D14FF0010B03A8039431
:10DBA000FFF77AFF039A8446012000FA02F2CCF8CC
:10DBB0000C253A68019202F4004CBCF1000F08BF3A
:10DBC000804603A818BF4FF0010B0394FFF764FFD2
:10DBD000039C019A00EB8400C2F34122D0F8004775
:10DBE000360246EA820646EA08060C40264346EA22
:10DBF0004B06C0F80067043768E7C5F86445C4E71A
:10DC0000C5F86845C1E7C5F86C45BEE76FF015007B
:10DC10005FE76FF085005CE7F0F8FCFF600703004A
:10DC20002DE9F041044647680D460DF0E2FB88B14E
:10DC30004FF04008EFF31186314688F31288BFF3A6
:10DC40006F8F60680CF0F1FB50BB86F31188BFF357
:10DC50006F8FEFE71F4B1B78002BE9D04FF0400888
:10DC6000642660680CF0E1FB70B901200CF087FDC0
:10DC7000013EF6D1002121200DF082FCF0E786F371
:10DC80001188BFF36F8FF5E7EFF31186314688F304
:10DC90001288BFF36F8F60680CF0C7FB0028EED0CE
:10DCA000BB691D706368BA691B680020C3F844250E
:10DCB0000122C3F84825C3F82001D3F82041C3F856
:10DCC0005801D3F858019A6081F31188BFF36F8F20
:10DCD000BDE8F081C94300202DE9F041002205464E
:10DCE00001210220F3F776FF0220F3F743FF6C686F
:10DCF0000121E0680CF0EDFB6B681A682369C2F83B
:10DD00002435617D237D0B43A17D0B43C2F86C3527
:10DD10006F68D7E9004313F0010318D0D5F81080DD
:10DD200004F10C0108F10C0204F590700CF064FD94
:10DD3000061E07DA224A2348012107F00BFF30466E
:10DD4000BDE8F08198F80C0001F04AF9012308229F
:10DD5000C4F80025BA69C4F8442501210022C4F89A
:10DD60004825A1606BB9D4F82031002BFBD0C4F852
:10DD70002021D4F820310123E3604FF48073C4F8EC
:10DD80000433D4F85831002BFBD00021C4F800151F
:10DD90006D682C68E8680CF09CFB0823C4F800351B
:10DDA0002A7A52B9EB69C4F834350123C4F83835FE
:10DDB000C4F81021D4F8102123600026BFE700BF6B
:10DDC000BB020300A4CB020070B5012383400F4ABD
:10DDD000BFF35B8FDC4352E8001F01EA040542E811
:10DDE0000056002EF7D1BFF35B8F4FF48032824094
:10DDF0000748C0F80823BFF35F8FBFF36F8F03EAB4
:10DE00000100003818BF012070BD00BFC8380020D5
:10DE10000010014070B41249D1E90034D01AC3187F
:10DE200044F1000422F07F46C1E90034A6F5001356
:10DE3000B3F5400F09D20B4B1B681A0A1B069C193D
:10DE4000094B42F10005C3E90045EFF3118140237E
:10DE500083F31288BFF36F8F70BC02F071BE00BFF6
:10DE600080220020CC3800208822002011B3BFF38C
:10DE70005B8F0123104A834052E800CF4CEA030C29
:10DE800042E800C10029F7D1BFF35B8F0B4A4FF482
:10DE900080338340C2F80433094BBFF35B8F1B68A8
:10DEA000BFF35B8FC340DB0742BF064B4FF400322A
:10DEB000C3F80021704700BFC8380020001001409F
:10DEC000C438002000E100E00D4B1868010A00068C
:10DED000BFF35F8F0B4BD3F80435181841F10001E5
:10DEE000B3F5801F0AD2084BD3E90023904271EBAF
:10DEF000030303D210F1807041F10001704700BFAD
:10DF0000CC38002000100140882200202DE9F04F7D
:10DF100085B016461F469DF840A00446FFF754FF03
:10DF20000190FFF7D1FFB04271EB07035ED23E4B89
:10DF3000301A67EB0101984271F1000109D36FF0CB
:10DF4000150520460199FFF791FF284605B0BDE869
:10DF5000F08F364B03EB0413D3E902239F4208BF33
:10DF6000964254D032494FF4803804F1500508FAF3
:10DF700004F8AD00C1F848832046ADB20CF001FBB7
:10DF800026F07F4B05F1804504F5A87305F588352B
:10DF9000DC464FF003090293029A2CF07F4341F8CC
:10DFA0002230C1F84483D1F80435224A6FF00200D0
:10DFB000C01A604420F07F40904228D9286868B198
:10DFC000D1F804350393A3EB0B0020F07F40B0F5AC
:10DFD000000F1CD920460CF0D4FA039BBAF1000FB5
:10DFE000ADD109EB030C09F10109D5E7BAF1000F36
:10DFF000A5D10123104ABFF35B8FA34052E8000F65
:10E00000184342E800010029F8D1BFF35B8F0749AC
:10E010000E98230101EB0412C8500F9B5360C2E914
:10E02000026700258DE700BF0100800070220020FC
:10E0300000100140FDFF7F00C43800207FB51C4C5C
:10E040001C4BC4F80833C4F848331B4B00254FF071
:10E05000FF304FF0FF31C4F80855C3E902014FF417
:10E060008033C4F80433154B02264FF400320121EB
:10E07000C4F804631120C3F880212A46F3F7AAFDEF
:10E080001120F3F777FD0E4A0123A360236013608C
:10E090000C4B0D4A0093CDE9015500232846FFF7AC
:10E0A00035FF3046FFF778F9284604B070BD00BF51
:10E0B0000010014003000F007022002000E100E08A
:10E0C000C838002015DE0100FFFF7F002DE9F7436F
:10E0D0002B4CD4F8043399070BD5D4F8043143B151
:10E0E000284A0023C4F80431D4F8043113680133FA
:10E0F0001360D4F80433DA0323D5BFF35B8F224BCC
:10E1000053E8002F22F0010143E800100028F7D166
:10E11000BFF35B8FD30702D4D4F840318BB1002515
:10E12000C4F84051D4F84031FFF7CEFEEFF310822F
:10E1300072B6164BD3E90267B042B94104D282F3FA
:10E14000108803B0BDE8F0834FF0FF384FF0FF397F
:10E15000C3E90289D3E900101D604FF48033C4F88D
:10E160004833C4F84051D4F8403182F31088002974
:10E17000E7D0009032463B4628468847E1E700BF9B
:10E1800000100140CC380020C4380020702200204C
:10E1900030B5431C124C85B005D08442A8BF04465C
:10E1A000012CB8BF0124FFF78FFE0E4B0C4DD3E9B5
:10E1B0000013401AB0F5000F10D22218AA4228BF4F
:10E1C0002A4652184FF0000007490091CDE901009E
:10E1D00043F10003FFF79AFE05B030BD2A46F0E791
:10E1E000FFFF7F008022002015DE010008B5FFF749
:10E1F0006BFE024B1B68C01A08BD00BF80220020C6
:10E2000002460B46014801F0D5BB00BFB80800200C
:10E21000014801F041BC00BFB80800200149024894
:10E220000DF05DB8D4380020302A0020094B93F857
:10E230004A30042B02D1810709D47047022B02D146
:10E24000020704D47047082B03D1830601D5FFF7DA
:10E25000E5BF70473541002010B403460A46034825
:10E2600081680C681946234610BC1847A4C70200F1
:10E27000B0B584B000AF3B1D00247C600A22BC60B6
:10E28000C7F80B403960014618460EF04BF96D4651
:10E290008AB0396803466A460D480791CDE90503FF
:10E2A0004FF40073ADF820300A4B42F8103F0A4893
:10E2B00023464FF41151F2F725FDAD4684F3118842
:10E2C000BFF36F8F0323184602DF1037BD46B0BD82
:10E2D000F8020300040000011CCB02002DE9F0410C
:10E2E0008AB0064600AF3A480D463A490CF0CCFFDA
:10E2F00007F11400EDF701FD6C4688B06A46364B15
:10E300000593364B06934FF40073ADF81C30344B35
:10E3100042F8103F3349344807F11403F2F7F2FC96
:10E32000A54632480CF078FD58B9314A2E480121F3
:10E3300007F010FC6FF0120420462837BD46BDE8F8
:10E34000F0812C4BBB6007F10800E4F763FA034649
:10E3500038B1294A2448012107F005FC6FF0150463
:10E36000EAE74FF0FF304FF0FF31FFF749FF044677
:10E370000028E1D121492248E3F7F2FE044610B11A
:10E38000FFF746FFD8E741F64C5807F10C00C7F8F5
:10E390000C80E5F71BFD20B1FFF73AFF6FF0850415
:10E3A000CAE70123381D3B71EEF7B5FC0028F3D115
:10E3B00007F11000C7F81080E5F710FD0028EBD139
:10E3C000FFF726FF33690F481D60F5F7BBF8B3E789
:10E3D000D438002047A602000FE802001D03030006
:10E3E00003000001C01C40011CCB0200A4C70200B6
:10E3F0004403030059E2010064030300902200205B
:10E40000C5E401002DE2010030B52B4887B0E3F7E9
:10E4100025FE0446002849D10125E3F7DFFEEDF78C
:10E420006EFCEDF76EFCEDF76EFCEDF76EFC03AAEB
:10E43000294620468DF80C50E3F73EFE002834DBD9
:10E44000082303AA07212046ADF80C30E3F734FE79
:10E4500000282ADB4FF04513039303AA40F203235D
:10E4600003212046ADF81030E3F726FE00281CDB20
:10E47000032303AA052120468DF80C30E3F71CFE88
:10E48000002812DB40F29C73984212D90B4A00908C
:10E4900029460B4807F071FB84F31188BFF36F8F97
:10E4A0000423184602DF6FF00B000446204607B035
:10E4B00030BD2046F9E700BF71E201008803030088
:10E4C0001CCB020073B53F4C94F84A302BB394F840
:10E4D0004A30042B54D120783E2831D1A678B31E7F
:10E4E0005E425E41637802334A2B2BD94A22009266
:10E4F0003548364A012107F040FB354A32486FF073
:10E500000B03012107F02FFB002383F31188BFF3D6
:10E510006F8F0423184602DF1DE04FF0FF304FF0ED
:10E52000FF31FFF76DFE48B904F14A01204600F0C3
:10E5300029FB0546FFF76CFE002DC8D002B070BD68
:10E540000026CFE7002200233146F5F709F80546FB
:10E5500048B9002EF2D0002384F84A3002B0BDE85A
:10E560007040FFF75BBE62780232164905F10C007D
:10E5700007F0CDFC174B18481B6829469847EAE777
:10E58000022B0DD1002200230820F4F7C3FF05461B
:10E590000028D3D0638804334A2BA7D81A46E4E76F
:10E5A000082B09D1002300222020F4F7B3FF638851
:10E5B00005460028EFD1C1E7084A0348012107F0CA
:10E5C000D2FAC8E7354100201CCB0200AB030300A0
:10E5D00005040300D0380020DCC70200CC03030090
:10E5E0002DE9F341A94D2F780446002F40F0C28257
:10E5F00004238DF80730A64B0688D3F80080B8F1C5
:10E60000000F15D1B6F5105F4FEA96230BD2002B01
:10E6100000F0A382013B072B62D8DFE803F02661FC
:10E620004D95616161DD3F2B00F0D58101200FE246
:10E630000DF106030DF10702691CC0470128E1D066
:10E640009DF8063013B9012840F08A820F236B70C1
:10E650000423AB700123E8702B71A5F8056001233A
:10E660002B70002002B0BDE8F081204640F2064247
:10E6700030F9033B934219D040F21D42934218D027
:10E68000012042F219039E4200F2548242F20C032E
:10E690009E4200F2488240F2064340F21D429E42F2
:10E6A00018BF964214BF0127002730E0E4F7AAFE06
:10E6B000E7E7E4F719FFE4E7204640F6634230F964
:10E6C000033B934234D00EDC40F60342934223D006
:10E6D00040F62D42934222D040F60142934213D09D
:10E6E0000120074613E040F67B42934223D040F6D8
:10E6F0007C429342F4D19DF80730664902338DF88D
:10E700000730EEF7D9FA01E0E3F7ACFD012787F017
:10E7100001038DF8063093E7EDF7E6FAF6E79DF88A
:10E7200007305C4903338DF80730EEF796F8EDE7D4
:10E73000E3F7AAFDEAE79DF80730564904338DF860
:10E740000730EEF7ABFAE1E72388A3F58053013BEE
:10E75000082BC5D801A252F823F000BF81E70100C1
:10E7600093E70100A7E70100E1E60100E1E601000F
:10E77000E1E60100E1E60100E1E60100C7E7010092
:10E780009DF80730434808338DF80730EEF753F80B
:10E79000BCE79DF807303F4840338DF807300BF059
:10E7A00054FF0020B2E79DF8073008338DF807309A
:10E7B000384B00221A605A60EB7A23F0600343F072
:10E7C0006003EB72EDE79DF80730324806338DF8B1
:10E7D0000730EEF78FF899E7204630F8033BA3F5B2
:10E7E0000053013B4D2B00F28F81DFE813F0550001
:10E7F00062006B008D0174008D018D018D018D0112
:10E800008D0177007A007D0080008D018D018D01E2
:10E810008D01830086008D0189008C0095009E008B
:10E820008D018D01A1008D018D018D018D018D0165
:10E83000AC008D01B5008D018D01B800BB00BE009C
:10E84000C1008D018D01CA00CD00D000D900E200C9
:10E85000E5008D018D018D018D018D018D018D01F1
:10E860008D018D018D018D018D018D018D018D0138
:10E870008D018D018D018D018D018D018D018D0128
:10E880008D01E8008D018D01F10000BF8041002065
:10E89000E438002087410020E3F700FD42F26403E2
:10E8A0009E423FF434AF42F264039E4200F2D080B5
:10E8B000E7E69DF80730B14803338DF80730E4F7F9
:10E8C00097FDEBE79DF80730AC4808338DF807302B
:10E8D000EEF786F9E2E7EEF729F8DFE7E4F7CCFE9A
:10E8E000DCE7EEF7FEF8D9E7E5F7A8F9D6E7E5F7B4
:10E8F0000BFAD3E7EEF712F9D0E7EEF748F9CDE7D8
:10E90000EEF75EF9CAE79DF807309C4910338DF8A1
:10E910000730EDF7CEFFC1E79DF807309748083381
:10E920008DF80730EDF793FFB8E7EEF798F9B5E704
:10E930009DF8073008338DF807307023EB714023C2
:10E94000EB720020AAE79DF807308C4902338DF85E
:10E950000730EDF7FAFFA1E7E4F782FD9EE7EDF758
:10E96000FFFE9BE7EDF71FFF98E7EDF752FF95E7F6
:10E970009DF80730814801338DF80730EDF757FFD8
:10E980008CE7EDF736FF89E7EDF72AFF86E79DF87C
:10E9900007307A4808338DF80730EEF706F87DE740
:10E9A0009DF80730754904338DF80730EEF728F8E5
:10E9B00074E7E4F76DFD71E7EEF768F86EE79DF830
:10E9C00007306E4802338DF80730EDF761FF65E7D9
:10E9D000EDF7FBFF62E720464FF6035230F8033BAA
:10E9E000934276D013D803F2FF3292B20A2A3FF64E
:10E9F0001DAEA3F57C43013B0A2B00F28780DFE8C4
:10EA000003F01F358585855C85854A535F004FF689
:10EA10000552934260D003F2F32292B20E2A3FF6DF
:10EA200005AEA3F57D430D3B0E2B6FD8DFE803F059
:10EA30005A6E6E6E6E576E5D6E666E6E6E6E6900AD
:10EA40009DF807304D480C338DF80730EDF75FF92E
:10EA500042F285039E427AD842F267039E4257D81B
:10EA600042F26603F71A18BF012750E69DF80730F7
:10EA700040338DF80730414B00201880EB7923F0AC
:10EA8000230343F02303EB712B7A23F0070343F0B6
:10EA900007032B72DCE79DF80730384817338DF8F1
:10EAA0000730EDF74EF9D3E79DF8073033482033B0
:10EAB0008DF80730EDF769F9CAE7EDF740F9C7E7D8
:10EAC0009DF807302D4801338DF80730EDF77AF9BE
:10EAD000BEE7EEF720F9BBE7E5F778F9B8E7E5F729
:10EAE0007DF9B5E7EDF784F9B2E79DF807302349E2
:10EAF00004338DF80730EDF781F9A9E7E5F776F9EA
:10EB0000A6E7E5F77FF9A3E70120C7E60120CAE6FB
:10EB1000A6F50153283B9AB2194BD34003F00103E9
:10EB200083F00107F3E5A6F500530D3B9AB241F2DD
:10EB30004123F2E742F232039E423FF4E8ADA6F5EC
:10EB40000153033B012B94BF00270127DFE526F08B
:10EB500008034FF602529F1A85E701273846D6E58B
:10EB60009DF80730AB700E2201236A70EB70AE8007
:10EB7000A87174E54FF0FF3074E500BF87410020B5
:10EB80002F80402038B5094C23780D461BB9BDE8CD
:10EB90003840EDF7F5B9A278611C02320DF07CFC2B
:10EBA0000020042320702B7038BD00BF804100205E
:10EBB00070B505460E46084C20460CF02DF938B1CC
:10EBC000A368B2B2294620461B68BDE870401847CA
:10EBD0006FF0120070BD00BFA4C7020002484FF4DE
:10EBE000007102F0B5BA00BFC841002037B532232A
:10EBF000ADF80430124A00230125192168468DF82A
:10EC00000630ADF800508DF80230ECF787FC044672
:10EC100098B90BF0AEFA80B2EAF728FD2A462146F1
:10EC20000820F2F7D7FF2A4621460B20F2F7D2FF41
:10EC30002A4621462846F2F7CDFF204603B030BDD4
:10EC400055EC0100014902480CF049BBE8380020AE
:10EC5000302A0020B0B584B000AF3B1D00247C609A
:10EC60000A22BC60C7F80B403960014618460DF017
:10EC700059FC6D468AB0396803466A460D480791CB
:10EC8000CDE905034FF40073ADF820300A4B42F88C
:10EC9000103F0A4823464FF41151F2F733F8AD46BE
:10ECA00084F31188BFF36F8F0323184602DF1037F8
:10ECB000BD46B0BD5D0403000400000154CB02005A
:10ECC00013B500240C490D4800946FF009034FF46C
:10ECD000806201F06DF90A4908480CF090FB09497F
:10ECE00009480CF0D1FA224604211920F2F772FFEC
:10ECF000204602B010BD00BFC05E0020302A0020B8
:10ED000071040300E1A60200E838002008B5F2F71C
:10ED1000DBFAF2F7AFFB0E4A0E4B92E803000E4A05
:10ED200083E8030092E803000C4B0D4A83E80300DC
:10ED300092E803000B4B0C4A83E8030092E80300BF
:10ED40000A4B83E80300BDE8084003F03BBF00BF67
:10ED5000600300201C3900205803002010390020D7
:10ED6000500300200439002068030020F8380020F8
:10ED70000346024A0248022106F0F5BE850403005C
:10ED80007CCB020010B9024B1B681847FFF7F0BF9D
:10ED900028390020014B01201B6818472839002022
:10EDA00028B1012807D104490020EAF7BDBB034B75
:10EDB00001201B681847704785ED010028390020A5
:10EDC000014B18600020704728390020BFF34F8F97
:10EDD0000549064BCA6802F4E0621343CB60BFF3F7
:10EDE0004F8F00BFFDE700BF00ED00E00400FA0513
:10EDF000024AD2F80034002BFBD0704700E00140FB
:10EE000010B54FF08053D3F83021082A4ED14FF07F
:10EE100080420021C2F80C11C2F81011C2F8381556
:10EE200002F54042D3F80414C2F82015D3F80814B0
:10EE3000C2F82415D3F80C14C2F82815D3F810140E
:10EE4000C2F82C15D3F81414C2F83015D3F81814DE
:10EE5000C2F83415D3F81C14C2F84015D3F82014A6
:10EE6000C2F84415D3F82414C2F84815D3F828146E
:10EE7000C2F84C15D3F82C14C2F85015D3F830143E
:10EE8000C2F85415D3F83414C2F86015D3F8381406
:10EE9000C2F86415D3F83C14C2F86815D3F84014CE
:10EEA000C2F86C15D3F84434C2F870350BF057FC37
:10EEB00018B13C4B3C4AC3F88C260BF050FC18B1FF
:10EEC0003A4BFB22C3F818250BF049FC58B14FF020
:10EED00080424FF08051D2F8E43ED1F8581261F3ED
:10EEE0000303C2F8E43E0BF03AFC20B1304B4FF480
:10EEF0000072C3F840264FF08053D3F83031082B0E
:10EF000017D14FF08043D3F80024D20744BF6FF0ED
:10EF10000102C3F800244FF08053D3F83431042B9E
:10EF200081BF4FF01023D3F808224FF08043C3F87D
:10EF300058254FF01021D1F80C32DB0714D51D48AD
:10EF40000123C0F80435FFF753FFD1F80C3223F04A
:10EF50000103C1F80C32FFF74BFF0023C0F8043562
:10EF6000FFF746FFFFF732FFD1F80032002B03DB3B
:10EF7000D1F80432002B14DA0E4901234FF010208F
:10EF8000C1F804351224FFF733FFC0F80042FFF741
:10EF90002FFFC0F80442FFF72BFF0023C1F8043510
:10EFA000DEE710BD005000404881030000F0004043
:10EFB0000090024000E00140014B1860704700BF24
:10EFC0002C39002010B5054B186814460BF0D9FBFE
:10EFD0000028A4BF2070002010BD00BF2C390020E5
:10EFE000024A01238340C2F80435704700F0014013
:10EFF000036803F01F025B09026004D0012B034881
:10F0000018BF002070474FF0A04070470003005029
:10F01000034A430900F01F00D35C1844C0B2704794
:10F0200068070300024611F0010030B515D18B07C7
:10F03000C1F3400022D51249D1F8200550604FF0AD
:10F040008052C1F82005D2F83021082A08BFD1F833
:10F050002025003818BF012010E04FF0A0444FF0E9
:10F060008055D4F820351360C4F82035D5F83051D8
:10F07000082D08BFD4F82045002BD8D030BD00BFE4
:10F0800000030050F7B504460846FFF7C1FF04EB44
:10F0900040060D46B38ADB072AD520460BF0A8FCB4
:10F0A000294620460BF014FC50B120460BF026FCFC
:10F0B000276807EB80000023C0F81035C0F8103532
:10F0C000294620460BF043FC0021B18201A801959E
:10F0D000FFF78EFF019B00EB8300074BD0F8002762
:10F0E000134043F00203C0F80037084603B0F0BDF8
:10F0F0006FF01500FAE700BFF0F8FCFF01480BF0D5
:10F100005EBB00BFA006002010B504480C460BF003
:10F1100038FB0028A4BF2070002010BDA0060020EE
:10F120002DE9F04F074689B057F8049BD9F804132E
:10F13000C9B28346082241F0004148460BF030FC3A
:10F14000051E2FDA0023032106A8CDE90633FFF7B9
:10F1500069FF634B01930DF118084FF0000A019A03
:10F16000604912F8013B0192DA0803F007038A5C58
:10F1700022FA03F3DB071CD40AF10103022B08F186
:10F1800004084FF0010AEAD14FF00041002248463E
:10F190000BF006FC032106A8FFF744FF0028D8D196
:10F1A00025F000450124002D40F0848009B0BDE821
:10F1B000F08F4D4B53440293D8F80060002EDBD003
:10F1C000029B96FAA6F61C78B6FA86F646EA44142E
:10F1D0002046FFF71DFF0BEB4000F208818A18F86C
:10F1E00002000594C1F382030393009306F007061F
:10F1F000012303FA06F620EA060008F8020005A833
:10F20000FFF7F6FE059A039B02F5E07211F0100F6E
:10F2100050F82260C6F3014633D0009A38462146A2
:10F220000BF076FB05A80594FFF7E2FE059B03F5BE
:10F23000E073F6B250F82330C3F301439E4207D186
:10F24000002120460BF035FB314620460BF031FB08
:10F2500005A80594FFF7CCFE059B012202FA03F3F3
:10F26000C0F820354FF08053D3F83031082B01BF60
:10F27000D0F82035D0F82035D0F82035D0F820351A
:10F280009AE7022E14BF02210321204603930BF0BC
:10F2900010FB039B032B03D0022E07D1012BD7D1E8
:10F2A000009A214638460BF033FBD1E7032ECFD12D
:10F2B000022BF4E795FAA5F3B3FA83F304FA03F209
:10F2C00025EA020503F5A2720BEB430359F822204D
:10F2D000B3F87C10C2F3014238460BF019FB62E729
:10F2E00078070300F8D402007807030010B5174C24
:10F2F00023783BBB0278C2F3400392070FD54FF04F
:10F300008053D3F83021082A08D1D3F83431022BA6
:10F3100002BF4FF080430122C3F8382601234FF08B
:10F320008042C2F88035037803F00103C2F87835D3
:10F330000020F2F741FC08B9F2F71CFC012323700E
:10F34000002010BD6FF07700FBE700BFC84300202E
:10F350004FF080434FF46072C3F80823014B002242
:10F360001A6070473039002008B5FFF7F1FF0368D5
:10F370000BB1014A136008BD3039002010B54FF0C1
:10F380008043D3F80443620707D54FF484700BF031
:10F3900006FD10B11E4B1B689847A30608D54FF415
:10F3A0008A700BF0FCFC18B11A4B00201B689847C0
:10F3B000600608D54FF48C700BF0F1FC18B1154BBA
:10F3C00001201B689847210608D54FF48E700BF07A
:10F3D000E6FC18B1104B00201B689847E20508D5E1
:10F3E0004FF490700BF0DBFC18B10B4B01201B6845
:10F3F0009847A3050AD54FF492700BF0D0FC28B1C2
:10F40000054BBDE810401B680220184710BD00BF27
:10F4100038390020343900203039002010B5044636
:10F42000F1F7A2FB0348044A012106F093FB2046B2
:10F430000BF0FDFC84CB0200B10403002DE9F8437E
:10F44000044600AF0D46EFF31188402383F3128882
:10F45000BFF36F8F04282A4A98BF2A4B9668117C05
:10F4600094BF53F82030284BE9468AB06A462748B3
:10F47000CDE9073140F20133ADF82430244BCDE91A
:10F48000050442F8103F234800234FF43151F1F7AF
:10F4900039FCCD4645B1EB69C3F3080323B11E4ADD
:10F4A0001C48012106F056FB2EB130460BF0AAFF96
:10F4B00008B1037803B91948E9468AB06A46184B7F
:10F4C0000790CDE9053640F20133ADF82030154BF9
:10F4D00042F8103F00230F484FF41151F1F712FC8E
:10F4E0002946CD462046FFF799FF88F31188BFF3E0
:10F4F0006F8F3046F2F710FCBD46BDE8F88300BFC1
:10F500003C390020FCD40200C0040300CE040300F8
:10F510000500000184CB0200F6040300D0E70200DE
:10F52000170503000400000138B50A4B53F82040CA
:10F53000013053F82050A54200D838BD606830B182
:10F54000037EDB0701D40BF04FFC0834F3E723689C
:10F550009847FAE710D5020070B52A4B2A4C2B4D7C
:10F5600086B0012203201A70FFF7DEFF0CF0AFF91E
:10F570000420FFF7D9FF2646AE4204F130040FD332
:10F5800001F026F8204CAC4226D301F035F8F0F714
:10F59000ABFB1F4A938923F00103938106B070BD32
:10F5A00054F80C3C059354F8103C049354F8143C64
:10F5B000039354F8183C029354F81C3C019354F8FC
:10F5C000203C009354E90A2354E90C0100F0FEFDAD
:10F5D00054F8303C5E65CEE7D4E90A23B3F1FF3F2F
:10F5E00008BFB2F1FF3F05D052EA0301206803D102
:10F5F0000BF0DFFF3034C6E70649183001F010FA8F
:10F60000F8E700BFC943002094C9020094C9020072
:10F61000602B0020E1B4020070B5164E164D17495C
:10F62000882386B003FB006601220023CDE9042372
:10F630000F22CDE902320193142303FB0055044647
:10F640004FF4C07000FB04110D4B00954FF4A072F5
:10F65000304600F0BBFD337C0A4AEE6023F0040321
:10F6600033744FF4046304FB033313442C746B6052
:10F6700006B070BDD82A00203C390020406B002025
:10F68000D9AF0200006300207FB50020FFF74CFFD8
:10F690002A4B83F308882A4C636943F4007363613F
:10F6A000E02384F8223000252023E3772576657651
:10F6B000A57684F82050636A43F4E023636284F8FB
:10F6C0002350F2F7C1F9F2F711FB4FF0FF33A362B9
:10F6D000E362F2F741FCF2F789FBF1F79FF9194871
:10F6E000194C00F0EBFDF2F76BFE0120FFF71CFF59
:10F6F0000220FFF719FF00F0A9FF144B14495C61C9
:10F70000144B059301234FF48052CDE90353CDE907
:10F710000155114B0095204600F058FD237C06460C
:10F7200023F00403204623740BF0A6FE2846FFF7BF
:10F7300073FF094A31462046F2F7BAFA406B0020BF
:10F7400000ED00E0902C0020602B00203C390020D0
:10F75000C06C00207905030059F5010038B5064C4E
:10F76000064DAC4201D3002038BDD4E90112204639
:10F770000BF0A7FB1434F4E7680800207C08002095
:10F7800030B585B0DDE90845034B0293CDE900456E
:10F790000BF055FB05B030BD8D4F020038B5074C5E
:10F7A000074DAC4201D3002038BD20460BF0ADFB25
:10F7B00008B91C34F5E76FF01500F5E7F8070020ED
:10F7C0006808002073B50C46EFF31181402585F3DE
:10F7D0001288BFF36F8FC5685DB125602B68C36069
:10F7E000836901338361002081F31188BFF36F8F38
:10F7F00011E052EA030603D125606FF00B00F3E736
:10F80000CDE900230246083000F040FE18B9034B52
:10F810009B685B69236002B070BD00BF3C3900206B
:10F82000F7B50D4604469DF82010EFF311874020F0
:10F8300080F31288BFF36F8F266AE068864240D259
:10F840002668B4421AD0CEB130460BF0D0FB06F198
:10F8500018000BF03CFF54F8082F7069294600256A
:10F860000CF01AFE3046C6F880500BF005FE20461C
:10F8700039460BF05BFE284603B0F0BDA268A9B183
:10F88000E06929460CF008FEE369A2681344626946
:10F89000E361934201D12369E361236A0133236267
:10F8A000002087F31188BFF36F8FE5E7A069236914
:10F8B000984208BF6069801AA06129460CF0ECFDEF
:10F8C000EBE752EA03010BD00749896804F108000D
:10F8D0004D61CDE900233946224600F0D7FDCBE744
:10F8E0006FF02200DDE700BF3C390020F7B5044689
:10F8F0000846EFF31186402181F31288BFF36F8F22
:10F90000216A00293BD0A268A1690CF0C5FDA3695A
:10F91000A268256813446269A361934204BF236906
:10F92000A361236AAC4203F1FF33236236D0284639
:10F93000002D34D00BF05BFB05F118000BF0C7FE77
:10F940006969A268E0690CF0A7FDE369A268134445
:10F950006269E361934204BF2369E361236A00277C
:10F96000013323622846C5F880700BF085FD04F151
:10F97000080031460BF0DAFD384603B0F0BD52EA1C
:10F98000030111D00A4989684861CDE90023314655
:10F99000224604F1080000F079FDEEE7002086F32E
:10F9A0001188BFF36F8FE8E76FF02200F7E700BF21
:10F9B0003C3900202DE9F341044617461E46EFF37B
:10F9C0001188402383F31288BFF36F8F304BC268D6
:10F9D0009B6872B18068984217D057EA060216D128
:10F9E00088F31188BFF36F8F6FF00F0002B0BDE88E
:10F9F000F08193F90E1021610132C4E9023288F3DB
:10FA00001188BFF36F8F0020F0E72169F3E793F9C6
:10FA10000E1090F90E30994230DA9942A8BF19467B
:10FA20000BF0F9FA0546CDE900761A482246414620
:10FA300000F02CFD0028E6D0EFF31186402383F37D
:10FA40001288BFF36F8FA068D0B1236821699C42F0
:10FA50000AD04BB193F90E309942A8BF19466FF006
:10FA60007F039942B8BF19460BF0D5FA40B1094857
:10FA700031460BF05BFD6FF00A00B7E70025D2E7D7
:10FA8000002DF4D186F31188BFF36F8FF3E700BF29
:10FA90003C390020CA430020F8B583680546002B96
:10FAA00040D0234A926893423FD1C368012B03D9C7
:10FAB000013BC3600020F8BDEFF31187402383F3BF
:10FAC0001288BFF36F8F016980680BF0A4FA2C686D
:10FAD000A54207D10023C5E9023387F31188BFF39C
:10FAE0006F8FE7E7002CF5D0D4E9003213605A603D
:10FAF000237C002623F002032374C4E90066A66079
:10FB000004F118000BF0E3FDAC6094F90E302B61AA
:10FB10002046C4F880600BF0AFFC064839460BF075
:10FB200005FDC7E76FF01500C5E74FF0FF30C2E7EE
:10FB30003C390020CA43002037B51146EFF3118548
:10FB4000402282F31288BFF36F8F04689CB1236850
:10FB5000426823F003039442036008BF436001211D
:10FB600020460BF0DCFA044685F31188BFF36F8F53
:10FB7000204603B030BD51EA0302F5D000F108027F
:10FB8000CDE900131046294600F080FC0028EFD193
:10FB9000014B9B685C69EBE73C39002070B5EFF3E3
:10FBA0001186402383F31288BFF36F8F0468A0424D
:10FBB0001BD0D4B1D4E9003213605A60237C0025F5
:10FBC00023F002032374C4E90055A56004F1180072
:10FBD0000BF07DFD2046C4F880500BF04DFC314603
:10FBE0000748BDE870400BF0A1BCD0E902329A4250
:10FBF00018BF0133836086F31188BFF36F8F70BD28
:10FC0000CA43002013B5EFF31181402484F3128816
:10FC1000BFF36F8F846844B1013C846081F3118825
:10FC2000BFF36F8F002002B010BD52EA030406D16B
:10FC300081F31188BFF36F8F6FF00F00F3E7CDE909
:10FC400000230246014800F021FCECE7CA430020F3
:10FC500070B50546EFF31186402383F31288BFF396
:10FC60006F8F00232C68A54219D0C4B1D4E90032AB
:10FC700013605A60227C002322F00202C4E90033A0
:10FC80002274A36004F118000BF021FD6FF00A0349
:10FC9000C4F8803020460BF0EFFB0123E2E700229E
:10FCA000AA6023B986F31188BFF36F8F70BD314608
:10FCB0000248BDE870400BF039BC00BFCA430020C9
:10FCC00007B5074B0093074907484FF0FF334FF440
:10FCD000006200F06DF9002003B05DF804FB00BF86
:10FCE00028D50200007D0020E82B00202DE9FF41EF
:10FCF000544E04464027EFF3118887F31288BFF370
:10FD00006F8FD4F88C50F5B9022104F1A4000BF0E8
:10FD10003FFA002870D004F19C05002201212846FA
:10FD20000BF067FC0028F8D1002302934FF0FF325C
:10FD30004FF0FF33CDE90023414604F194024248DD
:10FD400000F0AEFDD7E7D4F890202B68C4F88C30D3
:10FD5000954208BFC4F89030D4F8A43043F00203B1
:10FD6000C4F8A430EB6823F0040343F00103EB6014
:10FD70006B6888F31188BFF36F8F28469847EFF3BD
:10FD8000118887F31288BFF36F8FEB68D80623F0D2
:10FD900001023ED4EA60EB689A0717D5306823F079
:10FDA0000203EB6090B10368002178B1426895428C
:10FDB0003DD10368002934D172683360904200D18C
:10FDC0007360002340F8083BFFF7E8FED4F8A43046
:10FDD00023F00203C4F8A430DB0530D4D4F88C300F
:10FDE000003B18BF012388F31188BFF36F8F002BEE
:10FDF00081D000F033FC7EE7D4F8A430D90693D547
:10FE0000C4F8A40088F31188BFF36F8F04B0BDE875
:10FE1000F08123F01103EB6005F11000FFF7BEFE47
:10FE2000B9E70B607368984208BF7160C9E7014683
:10FE30001BB11A6818461346B7E71A46FAE70023BB
:10FE4000D1E700BF5C390020CA43002070B5C36809
:10FE5000C3F340069B0705460C460DD50122002141
:10FE600004F108000BF088F900232360054B65605E
:10FE70005A681AB9C3E90044304670BD14605C602A
:10FE8000FAE700BF5C390020F8B5C3689A0704465A
:10FE90000E46C3F3400542D45F0742D40B680BB94A
:10FEA00083680B60E368D80744BFA3683360376892
:10FEB0004CBF0225012557B31B4B9A68D7F88830F1
:10FEC0009A421ED10BF095FA80F00100C0B2D7F82B
:10FED000A430D907C3F380021CD5F2B1F8B10023D6
:10FEE0002360D7F8903073B9C7E9234438460BF044
:10FEF0006AF9E36843F00403E3603368A3602846CB
:10FF0000F8BD0020E3E71C60C7F89040EEE76FF013
:10FF1000150506E06FF0120503E01B07DFD56FF053
:10FF20000F0500233360EAE73C390020F8B5C368C9
:10FF300003F00503002B06460C4614BF01270027DB
:10FF40001CD085680122002104F110000BF014F987
:10FF5000134920460BF098F9E36843F01003E3607F
:10FF6000F3685B0712D5336823606BB9D5F890301E
:10FF700033B9C5E9234428460BF025F93846F8BDC6
:10FF80001C60C5F89040F6E73460F4E7D5F88C3093
:10FF90002360D5F89030C5F88C40002BEBD1F0E70A
:10FFA000A7B10200014601480BF099B9E82B0020E7
:10FFB000F0B589B004460020C4E923000E9D04F189
:10FFC0009400C4E9250004F19C00C4E9270055B35E
:10FFD0002879002840F2011008BF0120C4F8A400CD
:10FFE00000204FF0FF364FF0FF37CDE90330CDE969
:10FFF0000100CDE906670D4B0094204600F032F970
:020000022000DC
:1000000055B1296811B120460BF0F9F96B791BB194
:10001000A38943F00103A38120460BF0CAFAC4F878
:10002000884009B0F0BD0120D8E700BFEDFC010019
:1000300037B501900846EFF31184402181F312880F
:10004000BFF36F8FC16811F01E0F16D153EA02057E
:1000500008D101A9FFF718FF84F31188BFF36F8F50
:1000600003B030BD41F00801C160019981620449CB
:10007000103000F0D5FC0120EEE70020ECE700BFD7
:100080003BB2020001460148FFF7D2BFE82B002037
:10009000F7B50C46019016461D46EFF31187402335
:1000A00083F31288BFF36F8F08460BF07DF855EA93
:1000B000060309D101A92046FFF7E6FE87F3118860
:1000C000BFF36F8F03B0F0BDE368074943F0080347
:1000D000E360019BA36232462B4604F1100000F05E
:1000E0009FFC0120EAE700BF3BB202000146014845
:1000F000FFF7CEBFE82B00202DE9F0410546EFF3D6
:100100001187402383F31288BFF36F8F0468A042E6
:100110001CD0DCB120460BF05FF904F118000BF0A5
:10012000D6FA0026B046C4F8808020460BF0A4F929
:100130002C68A54206F1010610D07CB120460BF0D8
:100140004BF904F118000BF0C2FAECE787F31188C1
:10015000BFF36F8F00263046BDE8F0810248394674
:100160000BF0E4F9F7E700BFCA4300202DE9F341A3
:100170001C4652EA040307460D46164608D10846B7
:10018000FFF78AFC6FF00A04204602B0BDE8F08158
:10019000EFF31188402383F31288BFF36F8F084673
:1001A000FFF77AFCCDE9006407483A46414600F083
:1001B0006DF904460028E7D14FF0FF324FF0FF33CE
:1001C0002846FFF7F7FBDFE7CA4300202DE9F0439D
:1001D000073285B022F007020E461F461099818132
:1001E00000F158037F32C0E916330446002322F0A1
:1001F0003F020421836001743F2A0F98A073C4E971
:100200000633E37306F14009A2F1400805D883F3F1
:100210001188BFF36F8F084602DFB51829462046C4
:10022000F1F7C6F907300E9B20F007002067C4E9FC
:100230001A9802930D9B01932D1A0C9B00932A464A
:100240003B4631462046F1F701FD00236365044B30
:100250009B6803B15B6F6367284605B0BDE8F08318
:100260003C390020F0B587B000250595109D049518
:100270000F9D03950E9D0295DDE912760D9D01956A
:100280000C9D00950446FFF7A1FFB6F1FF3F08BFA4
:10029000B7F1FF3F05D056EA070305D120460BF022
:1002A00088F9204607B0F0BD3A46334604F11800FD
:1002B000014900F0B5FBF4E7E1B402000123037447
:1002C00083810023C0E91A334367014B986070476C
:1002D0003C3900200A4A93686FF00A01C3F8801085
:1002E0000849D8674B6843F080534B60002383F381
:1002F0001188BFF36F8F9368D3F88000704700BFF9
:100300003C39002000ED00E070B590F91020037C2E
:10031000002A2FDBD9062DD11A4C63F07F03224629
:10032000037452F8183FE169934207D1C0E90021F4
:100330000860E0610FE09942F8D01B68002BF5D00F
:1003400093F90E6090F90E50AE42F4DD5968C0E9A1
:10035000003108605860A569954200D005B9E5688C
:10036000A3681A7CD20606D1DA897F2A03D9AA6942
:100370000AB9636170BDAB4202D0284600F0D2FAE0
:100380006561F7E73C39002038B590F91020037C0F
:10039000002A014604DA03F07F0303740BF034F8FB
:1003A0000D4D2A46AB6852F8184F944200D004B95C
:1003B000EC688B4207D01A7CD20604D1DA897F2AF6
:1003C00001D9A2692AB1A34202D0204600F0AAFABC
:1003D00023466B6138BD00BF3C390020B3F1FF3FBD
:1003E00008BFB2F1FF3F03D00249183000F018BB3C
:1003F000704700BFE1B40200034648B9EFF305823D
:1004000032B9064A51699268914201D0FFF762BF42
:1004100083F31188BFF36F8F704700BF3C39002012
:1004200038B5184CA168E0690B68814214BF1A46C0
:10043000002249680B605960A368E1692AB9124A31
:10044000C3E900210B60E3610AE092F90E5093F9D1
:100450000E00854212DD5168C3E900210B60536034
:10046000A569094B9D4200D005B9E568A3689D4286
:1004700002D0284600F056FA656138BD8A42DED0C7
:100480001268DBE73C39002054390020F8B50E4BE8
:100490000C4611460D4A98681060DDE90667EFF3D7
:1004A0001182402282F31288BFF36F8F9D68284625
:1004B0000AF0BCFF284632463B46FFF78FFF204636
:1004C000BDE8F840FFF706BF3C3900206439002042
:1004D000F8B50446EFF31187402383F31288BFF386
:1004E0006F8F037C03F01F02002A0CBF0126002639
:1004F00049B235D103F07F0303740AF085FF294D1B
:10050000037C817363F07F032A46037452F8183F1B
:10051000E869934207D1C4E900200460EC610DE072
:100520009842F8D01B68002BF5D093F90EC08C458B
:10053000F6DD5968C4E900310C605C60AC69944236
:1005400000D004B9EC68AB689C4202D0204600F0B1
:10055000E9F96C6187F31188BFF36F8F3046F8BDFE
:100560009B071CD585680AF04FFF81732B689D425D
:1005700009D16B68C4E900531C606C60EAE76A68E3
:100580009A42F6D01B68002BF3D093F90E208A42D2
:10059000F5DD5A68C4E9003214605C60DAE7817303
:1005A000D8E700BF3C390020034648B9EFF3058285
:1005B00032B9064A51699268914201D0FFF78ABE6A
:1005C00083F31188BFF36F8F704700BF3C39002061
:1005D000EFF31181402383F31288BFF36F8F054B34
:1005E0009A68D37B013BD37381F31188BFF36F8F7C
:1005F000704700BF3C39002070B5EFF311864023EF
:1006000083F31288BFF36F8F0F4DAB68DA7B013233
:10061000DA732A4652F8184F944200D004B9EC68B5
:100620001A7CD20604D1DA897F2A01D9A2692AB1BB
:100630009C4202D0204600F075F923466B6130469B
:10064000BDE87040FFF7D8BE3C390020024B03F1F3
:100650001802C3E9062270473C39002070B5EFF359
:100660001186402383F31288BFF36F8F1A4CA16861
:10067000E0690B68814214BF1A46002249680B608A
:100680005960A368E1692AB9144AC3E900210B60E3
:10069000E3610AE092F90E5093F90E00854216DDEF
:1006A0005168C3E900210B605360A5690B4B9D4263
:1006B00000D005B9E568A3689D4202D0284600F045
:1006C00031F965613046BDE87040FFF703BE8A42EC
:1006D000DAD01268D7E700BF3C3900205439002037
:1006E000F8B550EA010306460C4603D1FFF7B6FF02
:1006F0000020F8BDEFF31187402383F31288BFF386
:100700006F8F124D124BA8681860FFF73DFEA86866
:10071000104923463246183000F082F9AA68137C4B
:1007200043F00403137404463846FFF7D3FDAB6867
:10073000D3E90A23B3F1004F08BF002AD8D10AF049
:10074000FBFF201A20EAE070D3E700BF3C3900200D
:1007500064390020E1B40200014B9868704700BF83
:100760003C3900202DE9F84304468789EFF31186D0
:10077000402383F31288BFF36F8F037C190705D5DD
:1007800086F31188BFF36F8FBDE8F883D90943F072
:1007900008026FD10274A36813B120460AF03CFE30
:1007A00004F118000AF093FFA56D04F15808A8455C
:1007B00011D04FF0000975B128460AF02DFE05F161
:1007C00018000AF084FFC5F880902846FFF79CFDCA
:1007D000A56DA845EFD1DFF8BC80D8F808309C4261
:1007E00050D1EFF30589B9F1000918BF4FF00109A5
:1007F000D8F81850284A954200D00DB9D8F80C50B6
:10080000AB4202D0284600F08DF82046C8F81450BC
:1008100005F0BEFAB9F1000F02D02048FFF74EFDF7
:10082000D8F808309C4230D1EFF305836BBBA28926
:10083000D20711D586F31188BFF36F8F83F3118828
:10084000BFF36F8F0423184602DFEFF311864023B6
:1008500083F31288BFF36F8F3046FFF73BFDFB0732
:1008600092D5002383F31188BFF36F8F04231846BA
:1008700002DF89E703F07F0343F0080303740AF003
:10088000C3FD88E74FF00009B2E786F31188BFF394
:100890006F8FE4E73C39002054390020902C002071
:1008A000D3B5DDE90667089CCDE90067FFF7EEFDEB
:1008B0001CB1034B9B685B69236002B0D0BD00BFD5
:1008C0003C390020027C12F01F02034610D10A4975
:1008D00088420DD00949086868B1D9897F2909D8AB
:1008E00093F90E20064B1B689A42B8BF0020704750
:1008F0000020704710467047D82A0020A406002028
:1009000068390020044BC01A044BC0105843044BF4
:1009100001221A54704700BF182D0020ABAAAAAAC2
:10092000CA43002070B50C4B0C4D1E7CFFF7CAFF6C
:10093000182303FB0655044628460AF0C8FE084B58
:1009400000229A553CB1621E28460649BDE8704017
:10095000D31700F065B870BD3C390020182D002079
:10096000CA4300200509020038B5EFF31185402382
:1009700083F31288BFF36F8F0F4B104A9C68106887
:10098000A04206D1FFF7CEFF85F31188BFF36F8F2A
:1009900038BD00211B7C1160094AD35C002BF3D0C9
:1009A0002046FFF78FFF0028EED0237CDB0601D125
:1009B000FFF736FD2046E5E73C390020643900208A
:1009C000CA430020024B1868984208BF00207047B5
:1009D000A8060020034B1B680BB9FDF707BC0020DD
:1009E000704700BF6C39002030B570B10B4B5B68AD
:1009F00098420AD0036843B1D3E90421D0E9044501
:100A0000121941EB0501C3E90421D0E9003213605A
:100A10005A600023C0E9003330BD00BFA8060020A3
:100A2000B3F1FF3F08BFB2F1FF3F2DE9F84F044695
:100A3000994615461F467AD08160EFF3118840230E
:100A400083F31288BFF36F8FB9F1000FDFF8E4A0D2
:100A500020DBFFF7BFFFDAE90027013549F1000984
:100A60002D1849EBE073C4E90453AD18064643EB77
:100A700007074FF00109FFF7A5FFDFF8BCE0DEF83C
:100A800004A00346EBB9C4E900EACAF80040CEF876
:100A9000044028E0DAE900126FF001035B1A4FF01E
:100AA000FF3161EB02025B1B62EB0902012B72F169
:100AB0000001BCBF01230022C0E904324FF000094D
:100AC000D9E7D3E9041CD4E904208A4270EB0C0B6B
:100AD00024DA891A5A686CEB0000C3E90410C4E9EF
:100AE000003214605C60FFF76DFF84420ED1134B3F
:100AF0001B685BB9B9F1000F02D1FFF76BFF064627
:100B000030460AF0CDFD0021FDF742FB88F3118845
:100B1000BFF36F8F28463946BDE8F88F521A60EB55
:100B20000C005345C4E90420ADD01B68AAE700259A
:100B30002F46EFE7302D0020A80600206C3900205A
:100B40002DE9F047DFF8A890DFF8A880C9F8000089
:100B50000246FFF737FF0D4600260027D8E90013AD
:100B60004FEAE27E50B1D0E9044CA2427EEB0C0A7F
:100B70001BDAA41A6CEB0E06C0E9044652184FF0BB
:100B8000000443EB0E032046C8E90023C9F80040E7
:100B90000AF086FD2146FDF7FBFA85F31188BFF3C5
:100BA0006F8FBDE8F047FFF7DFBE611843EBE473DA
:100BB000C0E90467C8E90013FFF716FF01224FF0F0
:100BC0000043C0E9042385F31188BFF36F8F836866
:100BD0009847EFF31185402383F31288BFF36F8F9B
:100BE000D9F80020121BC9F80020FFF7EBFEB5E78B
:100BF0006C390020302D002010B5EFF31184402314
:100C000083F31288BFF36F8FFFF7E4FE054A0346B4
:100C1000D2E90001181841EBE37184F31188BFF3A6
:100C20006F8F10BD302D0020F8B50446EFF311870B
:100C3000402383F31288BFF36F8FD0E90423B3F10D
:100C4000004F08BF012A04D087F31188BFF36F8FCC
:100C5000F8BDD0E90A566A1C46F10003022A73F176
:100C6000000334D3013D46F1FF36002EBCBF002502
:100C70002E460AF065FD013041F10001401946EBB6
:100C80000101012871F1000148DB0AF059FD013032
:100C900041F100016FF00203401946EB010183426C
:100CA0006FF000438B413EDB0AF04AFD013041F119
:100CB00000016FF00102401946EB0103121A4FF0D8
:100CC000FF3161EB03031A492046FFF7A9FE236BAE
:100CD00001332363236A63B187F31188BFF36F8FF6
:100CE00020469847EFF31187402383F31288BFF320
:100CF0006F8F54F8185FA542A6D0002DA4D02846C7
:100D00000AF0C9FB0023C5F8803087F31188BFF3D0
:100D10006F8F2846BDE8F8400AF0AEBB6FF00102C5
:100D20004FF0FF33CFE700224FF00043CBE700BF87
:100D3000290C02002DE9F04105461C4690461F464D
:100D4000EFF31186402383F31288BFF36F8FB4F162
:100D5000FF3F08BFB2F1FF3F05D186F31188BFF313
:100D60006F8FBDE8F081002C09DB012A74F10003CC
:100D7000BCBF0122002412F1FF3844F1FF3728469E
:100D80000AF0A5FCDDE906010023C5E90A012B6391
:100D900042463B4628460249FFF742FEDDE700BFD8
:100DA000290C020070B50546EFF31184402686F346
:100DB0001288BFF36F8F0AF08AFC20B184F3118888
:100DC000BFF36F8F70BD6B6A63B184F31188BFF39B
:100DD0006F8F6B6A28469847EFF3118486F3128869
:100DE000BFF36F8F05F118000AF08AFB0028E5D0E9
:100DF0000AF042FB21460248BDE870400AF096BB6B
:100E0000CB43002073B50446EFF31186402383F3F0
:100E10001288BFF36F8F8368594003EA02050A40C6
:100E20005340009300226B46084901920AF004FCEB
:100E3000DDE9003223EA020304F10C00A36031462D
:100E40000AF074FB284602B070BD00BF6FB8020004
:100E5000F8B507460C4616460AF0CBFA08B1002052
:100E6000F8BD0D4B9B685D6F002DF8D0221DF6D2AA
:100E7000EFF31184402383F31288BFF36F8F47F0A1
:100E800004012846B04784F31188BFF36F8F002810
:100E9000E5D040F8045BE3E73C3900200146024A14
:100EA0000020FFF7D5BF00BF874F020001680E4A40
:100EB0009142034615D1C169A2F11022A2F1EF12AD
:100EC00091420ED18268012A0BD8C26812B1016921
:100ED0008A4206D0586928B19B691B1A584258416A
:100EE00070470120704700BF55AA00FF70B50E4B38
:100EF0009E68B6B13046FFF7D9FF044618B9F368CB
:100F00007BB935690DB9204670BD2846FFF7CEFF85
:100F100028B9EB68B34204D12E462D69F2E70446A6
:100F2000F1E70124EFE700BF703900202DE9F0411F
:100F3000404D06466869884600F04CF918B1002417
:100F40002046BDE8F0812C68DCB1AC68CCB1002E45
:100F50006AD0B8F1000F69D008FB06F7B7FBF6F6C8
:100F6000B04565D1391D63D8BA0710D027F0030208
:100F70000432EC6803E0616891420AD2A469002C53
:100F8000F9D1686900F030F90028D9D0D7E73A469E
:100F9000EFE7D4F808C0BCF1000F02D001200BF03D
:100FA000AAFA891A232904F120061CD80123A36078
:100FB000D4E90523AAB19361A3690BB162695A61AF
:100FC0000023C4E905332B69DB0703D5FFF78EFF48
:100FD0000028E3D13A460021304634460BF083FA2C
:100FE000CFE7EB60E8E702F1200023182039C3E9DE
:100FF000011CDC602169DFF840C0196144F800C0C1
:101000000E48D86101B1CB6061695961A0699861EE
:1010100041B18B61996901B14B610121C4E90121A1
:101020002361CDE7EB60F5E73446AAE74446A8E73D
:101030000446A6E77039002055AA00FF669911EE14
:1010400070B5424E0546706900F0C4F800287BD1A7
:10105000002D5FD03368002B5CD0B268002A59D0D5
:101060009D4203D3726813449D4202D301200BF0CA
:1010700042FAA5F120042046FFF718FF0028F5D119
:1010800055F8183C012BF1D155F8143C45F8180CD3
:10109000C3B19A68002A42D155F81C2C02F12001F4
:1010A0005A680A445A6055E905321A6155F8145CC9
:1010B0002B6903B1DD602046202200210BF013FADA
:1010C00023462C462069002836D08268002A33D176
:1010D0006368426820331344636003692361D4E981
:1010E0000523F2B923BB436963618269A2610BB333
:1010F0009C61A36903B15C61236903B1DC602022B8
:1011000000210BF0F0F933699B0703D5FFF7EEFEE2
:101110000028ABD17069BDE8704000F065B80023CD
:10112000D0E79361A369002BDDD062695A61DAE7E9
:10113000F360F7E7F460DCE7002BE4D1F368A36128
:1011400003B15C61F460DEE770BD00BF7039002060
:1011500070B5174E14220C460546002130460BF0A0
:10116000C2F91448706100F02DF81349134800F0DB
:1011700051F8232C1BD915F003031FBF043CE418BE
:10118000C3F10403ED182246002128460BF0ABF909
:10119000C6E90054203CB5606C60B368084A1A6028
:1011A000B368F360A2F11022A2F1EF12DA6170BD10
:1011B00070390020F8380020411002002D0F020085
:1011C00055AA00FF024B1B6803B11847704700BFC8
:1011D000D4060020034B9B6803B118476FF01D0035
:1011E000704700BFD4060020034BDB6803B11847EB
:1011F0006FF01D00704700BFD4060020014B1B6834
:10120000184700BFB4060020014B1B68184700BFF9
:10121000B0060020024B1860024B00201960704796
:10122000B4060020B006002010B50A46044619B1E5
:10123000024B00211B68984710BD00BF34D5020047
:101240000E4B0340B3F1607F06D1B1F5885F0CBF50
:1012500000206FF086007047B3F1707F0BD101F46E
:10126000E043B3F5005F06D111F4E06F14BF002036
:101270006FF0860070476FF0860070470000C07FF7
:101280008A42F8B506460D4600F00A8101F0FE419B
:10129000B1F1C06F61D1884C22F4FF7121F00101DE
:1012A000A14222F0FF0014D004F58854A04210D0CF
:1012B00022F47F7626F00306A4F57064A64208D0D7
:1012C00004F5A064A04204D004F57454A14240F097
:1012D000EB80D1B2784E19B922F48061B14224D1A9
:1012E00025F4FF7424F00104B44225F0FF0112D06C
:1012F000724EB1420FD025F47F7727F00307A6F591
:101300007066B74207D006F5A066B14203D006F575
:101310007456B44209D115F0FF0406D0684E44F06B
:101320000074B44204BF02460D468BB122F4FF7331
:1013300023F00103B3F1062F06D0624B22F4FF61C4
:1013400021F00701994203D122F4807225F48075BF
:10135000954214BF00200120F8BDB1F1A06F16D155
:1013600002F0FE43B3F1A06F40F0888082EA0503EB
:1013700033F47E1340F0828028047FD5C5F3054006
:10138000C2F3054290428CBF00200120E4E74E4B9F
:101390009D4209D1A3F500439A4200F081804B4B56
:1013A00022F47E109842D4E7B1F1407F60D102F080
:1013B000FE43B3F1407F5BD182EA050030F47E1436
:1013C00056D131462846FFF73BFF00286AD14049F5
:1013D00012F47C1701EA020113D0B1F1607FC2F36D
:1013E000054333D1D1B241F0007101F17E4103399F
:1013F000122901D83748445C15F47C1F2DD19C423A
:10140000A7E7B1F1607F0AD1D3B243F0007303F1D3
:101410007E43033B122B4BD82F49CB5CE2E7B1F163
:10142000707F17D106F4E043B3F5005F42D1C6F3F5
:10143000022101238B4006F4E041B1F5005FDBD1CE
:10144000C6F30226012000FA06F4D5E7B1F1707F59
:10145000D2D1F0E700242346CEE71FB9C5F30541FA
:10146000A1421DD0290403D5C5F3054098428AE75F
:101470001A4B9D4202D1B2F1082F6AE725F00043D2
:1014800023F47F03B3F1106F0CD102F0FE43B3F1EC
:10149000106F07D11248104040F01060A84258E782
:1014A000012059E7002057E7002B7FF446AF4FE7B4
:1014B000002397E70023BEE70002000600130006A2
:1014C000FF000002004000060093C0040001400538
:1014D0000000C07F7A0703007A0703000002C00300
:1014E0000000FFF670B505460F480E46FFF772FE86
:1014F000044618B16FF08F04204670BD6B693360ED
:101500002B7F012B0ABF022330602B77064818BFC0
:101510006FF09604FFF768FE0028EDD0002CE9D0AC
:101520006FF09604E8E700BF1C39002038B50C4C7A
:101530000C48FFF74FFE65780A48FFF755FE0A484A
:10154000FFF748FE022D08D12478E31F5C425C417E
:101550000548FFF749FE204638BD0024F8E700BFE4
:101560008839002004390020103900202DE9F04787
:10157000894615461C4600F0C1FC0646002851D19C
:10158000D9F80070B7F800A00AF4E043B3F5804F33
:10159000BB6808BF25F0010535EA03033AD1002CEA
:1015A00040D0B5F5006F40D0A5F5005255425541E9
:1015B000284A24F4FF7323F00103934213D02649F1
:1015C00024F0FF028A420ED024F47F7020F0030042
:1015D000A1F57061884206D001F5A0618A4202D06F
:1015E0001E4A934223D114F0FF0304D01C4A43F057
:1015F0000073934222D0F9682B4622465046FFF7EB
:101600003FFE804670B939692B4622465046FFF7A7
:1016100037FEE0B96FF084060023C9F80030384681
:1016200000F0A4FC3046BDE8F0870125C0E704F0D7
:10163000FE43B3F1407F04D12304DCD56FF086066E
:10164000EAE7B3F1A06FF7D0054B9C42D2E74646DC
:10165000E8E700BF0002000600130006004600068F
:10166000FF00000238B500F0FE43B3F1407F0446AE
:101670000D4602D06FF0860038BDFFF7E1FD00286F
:10168000F8D114F47C1F18D0C4F30543032B137056
:1016900022D9224A2240B2F1607F31D1E4B244F033
:1016A000007404F17E44033C122CE3D81C4A125D02
:1016B0009342DFD8202BDFD90EE0184B2340B3F143
:1016C000607F0FD1E3B243F0007303F17E43033B2D
:1016D000122B04D9002313706FF08500CCE7114959
:1016E000CB5CD3E7B3F1707FF4D101F4E043B3F501
:1016F000005FEFD1C1F3022101238B40DBB2C5E7CC
:10170000B2F1707FB6D105F4E042B2F5005FB1D11D
:10171000C5F302250122AA40CAE700BF0000C07F2E
:101720007A0703007A0703002DE9F3414768D0F8F0
:101730001480044638460E460AF0C5FB0546E8B953
:10174000FFB22FB9B8F1000F05D06FF0860515E094
:10175000B8F1000FF9D0A36823F0031323F47F43FB
:10176000002BF2D162884FF6F8739A4228D81648B7
:101770002779FFF72FFD28B16FF08F05284602B0BB
:10178000BDE8F08107B901A8314600F067FB0546C6
:101790000D48FFF729FD10B1002DEFD1ECE7002D2A
:1017A000ECD10FCCD6F800C066460FC694E807000F
:1017B00086E80700002FE1D1019BCCF81430DDE76B
:1017C0006FF08505DAE700BF1C39002010B504462C
:1017D00050B10648FFF7FEFC20460AF0A8F9BDE824
:1017E00010400248FFF700BD10BD00BF1C390020AB
:1017F00013B5044610B301A900F080FB0446E8B914
:101800001948FFF7E7FC0346019853B100240AF09A
:1018100045FB002818BF04461348FFF7E5FC68B1F4
:1018200009E0037F032B11D10AF038FB04460E4870
:10183000FFF7DAFC28B10CB96FF08F04204602B034
:1018400010BD002C08BF6FF08704F7E7022B07D10B
:10185000032303770379FF2BD8D16FF08404D6E7F5
:101860006FF09604D3E700BF1C3900202DE9F0414A
:101870001E4688B0904600220388059205460F4612
:10188000CDF81C803260B8F1000F65D0B8F1005F70
:1018900080F0A18023F0FF03B3F5E24F02D0B3F54F
:1018A000824F25D128460AF020F80446002840F04F
:1018B0008680EB6883B16A8872B12B8803F44F414C
:1018C000B1F5824F02D0B1F5884F05D1DBB2222BA2
:1018D00036D02CD8122B38D03A4608EB070100231B
:1018E00012F8010B8A4243EA0003F9D1002B33D0EE
:1018F00005A92846FFF718FF0446A0B9059B9B6A77
:101900006BB3059B5A88069206AA029203F128023D
:1019100001929A6A00925B6A4246394628460AF06A
:1019200004FB044680B30598FFF750FF47E0273BD0
:10193000DBB21B2BD0D8294921FA03F3DB07CBD527
:101940000732B8EBD20FC7D206E040F209239A4221
:10195000F6D1B8F1400FBFD86FF086042FE06B6866
:101960001B0A07D1079905980AF0A1F80446002838
:10197000C7D0D8E707AB4246394628460AF0ADFA49
:1019800004460028EED0CEE70599069B4A88D2B9D6
:101990004B80069A4FF6F8739A4219D82B8805980F
:1019A00013B102889A4210D16B8813B142889A42CF
:1019B0000BD13146FFF796FD04460028B3D12046EF
:1019C00008B0BDE8F0819A42E3D06FF08604AAE740
:1019D0006FF08504A7E76FF08504F0E70102000CC3
:1019E00038B504460D46FFF7A1FD30B12A46214621
:1019F0000348BDE838400AF03FBB6FF0880038BDAF
:101A00008C39002073B5002203880A600092428856
:101A100004460D46002A00F0FF80028802F4E042EE
:101A2000B2F5804F00F0F88023F0FF03B3F5E24FEA
:101A300002D0B3F5824F04D1204609F056FF064686
:101A4000D0B969462046FFF76FFE064660BB009B93
:101A50009B6AA3B10099204601F12803D1E909123C
:101A60000AF045FA06460098002E40F0D28029463A
:101A7000FFF738FD0646B8B9304602B070BD63685E
:101A80001B0A40F0BD802288618802F4E043B3F570
:101A9000805F0DD0B3F5005F0AD002F44F40B0F57F
:101AA000824F1ED06FF085060098FFF78FFEE3E7A8
:101AB000104609F0CDFF06460028F5D147F2010394
:101AC0009A4220D14B080133DB0803EBC3033B33BD
:101AD0000193DDE9000109F0EAFF06460028B9D0CC
:101AE000E2E7B3F5E04FDDD147F201039A42E9D0D6
:101AF00022F0FF03B3F5884F15D1CB1DDB0803EBB4
:101B000043030133E4E744F201039A4202D1CB08D4
:101B10001033DDE722F0FF03B3F5E84FEAD1CB1D28
:101B2000DB085B00D4E7B3F5EE4F67D0B3F58E4F1B
:101B300002D1CB1DDB08CBE702F44F40B0F5824F5A
:101B400002D0B0F5884F06D1D0B2422801D1CB08DF
:101B5000D7E74128EDD0B3F5E24FEAD0B3F5824F95
:101B600003D1CB1DDB085B00CBE744F20D039A42A7
:101B700024D844F201039A42DBD9A2F58042023A0A
:101B80000B2AD6D801A353F822F000BFD11B0200C4
:101B9000331B0200DD1B0200331B0200331B02005B
:101BA000E51B0200ED1B0200331B0200331B020089
:101BB000F51B0200331B0200F51B020047F2020373
:101BC0009A421BD047F204039A42B2D140237FE7E6
:101BD0004B094FF4A0725343203379E70B0A4FF4BB
:101BE000C072F8E7CB1DDB08183371E7CB1DDB08AB
:101BF0001C336DE7CB1DDB08023392E7202367E738
:101C000001A920460AF06EF9064600283FF461AFAC
:101C10004AE709F081FF47E76FF086062CE700BF2F
:101C200010B51B4C1B48FFF7D5FA2378590744BF62
:101C300003F0FB0323709A0705D500F0F5F823782D
:101C400023F0020323701348FFF7CEFA1248FFF780
:101C5000C1FA637813B111480AF01FFA0023042176
:101C60000E486370FFF7E0FA0B48FFF7BDFA09482A
:101C7000FFF7B0FA2378DB0705D50AF02DF92378B2
:101C800023F001032370BDE810400248FFF7ACBA0F
:101C90008839002010390020043900208C390020B8
:101CA00070B5FFF743FC10B10024204670BD3448E6
:101CB000FFF790FA044620B16FF08F04FFF7B0FFF2
:101CC000F3E7304D2B789E0706D400F0A5F82B786B
:101CD00043F0020304462B702948FFF785FA10B140
:101CE000002CE9D0EAE7002CE8D12548FFF772FA8A
:101CF00004460028E0D12B78D80706D40AF0EAF889
:101D00002B7843F0010304462B701D48FFF76CFA53
:101D10000028E5D1002CD1D11948FFF75BFA002843
:101D2000CAD117482E78FFF75FFA0028C4D11648A9
:101D3000FFF750FA04460028BED16B783BB9F10793
:101D400005D512480AF096F9022304466B700E4836
:101D5000FFF74AFA0028C3D1002CAFD10848FFF79B
:101D600039FA0028A8D12B7805485A075CBF43F000
:101D700004032B70FFF738FA002895D09CE700BFCA
:101D80001039002088390020043900208C390020C7
:101D900000F140420F2A30B50CD81D4B2C2404FB17
:101DA00002331A7F022A02D15A69824224D06FF08C
:101DB0008B001AE0441E6FF040439C420ED2144A3E
:101DC00000241346157F022D02D15569854210D09B
:101DD0000134102C02F12C02F4D1E8E70D4BA2F5EE
:101DE00080529A42EBD96FF0870030BD6FF09600B9
:101DF000FBE72C2202FB04331A7F022AF6D11A6A6F
:101E0000501CF3D001321A6200200B60EDE700BFD6
:101E100090390020FFDFFF3F024B012283F8C022F0
:101E200000207047903900202DE9F0410A4C002530
:101E300026464FF001080327C4F820802777204664
:101E4000013509F074FE102D04F12C04F4D10023A7
:101E500086F8C032BDE8F08190390020F8B5244DF5
:101E6000064624480F46FFF7B5F995F8C0422148C9
:101E7000FFF7BAF9002C34D000242B462246197FF4
:101E8000F9B13CB9022905D1196A19B919790029A2
:101E900018BF1C460132102A03F12C03EFD114B9EC
:101EA0006FF08C000BE0237F022B04D1236A5A1CB5
:101EB0001CBF01332362204609F039FE10B1002413
:101EC0000DE01C46237F7BB90123237736B10A4BF3
:101ED000651BAD105D4305F18045356000203C6019
:101EE000F8BD6FF08800EAE76FF09600E7E700BF03
:101EF0009039002010390020A38B2EBA002370B532
:101F00000B60044616480D46FFF764F9154B14485C
:101F100093F8C062FFF768F9FEB11348FFF75AF96A
:101F2000064618B16FF08F04204670BD2046294642
:101F3000FFF72EFF10F18C0F044607D00A48FFF779
:101F400053F90028F0D0002CEED1EBE706482E60C4
:101F5000FFF74AF96FF08704E6E76FF08804E3E7DC
:101F600010390020903900201C39002010B504469B
:101F70000848FFF72FF940B9204609F08FFF0446C3
:101F80000448FFF731F910B10CB96FF08F04204607
:101F900010BD00BF1C39002070B40A4E4568DCB289
:101FA00044F00074B4424FEA152503D035B970BC33
:101FB00000F0A4B86FF0850070BC70476FF0860029
:101FC000FAE700BF05000002F7B5089E0D4FF5B215
:101FD000044645F000754868BD424FEA10200AD01B
:101FE00060B9009604F1080000F054F808B91C2309
:101FF000236003B0F0BD6FF08500FAE76FF0860054
:10200000F7E700BF05000002F7B5089E0D4FF5B2D7
:10201000044645F000754868BD424FEA10200AD0DA
:1020200060B9009604F108000AF034F908B91C23DD
:10203000236003B0F0BD6FF08500FAE76FF0860013
:10204000F7E700BF050000027FB50024C0F8484153
:102050000F4C0094054609F0BEFF044698B903AB47
:10206000102205F59C7601930092334605F5947194
:10207000284609F0C3FF044628B930460AF039F86B
:10208000204604B070BD284609F0C4FFF8E700BF41
:10209000004440042DE9F0411E46069B1746154AB0
:1020A00023F47E13934204460D461BD10B88B3F5EF
:1020B000105F17D1A6F11002102A17D80E4BD3408B
:1020C000DB0713D54FF4A67200210AF00CFA0223A5
:1020D00084F84C313A46334629462046BDE8F04163
:1020E000FFF7B2BF6FF08500BDE8F0816FF08600AA
:1020F000FAE700BF0002C003010101002DE9F0432F
:1021000023F47E16124BDDF82C909E42DDE9077C0D
:10211000DDE909E815D10388B3F5105F11D1A2F10B
:102120001004102C11D80B4D25FA04F4E3070CD53C
:10213000CDE90989CDE907CE3B46BDE8F0430AF079
:1021400080B86FF08500BDE8F0836FF08600FAE795
:102150000002C0030101010073B50C4611461A4686
:102160002388069EB3F5105F054619D1A2F110042D
:10217000102C12D80C4BE340DB070ED50B4B9E42C4
:102180000ED100240094234600F06CF885F81C4121
:10219000C5F81861204602B070BD6FF08600FAE7FE
:1021A0006FF08500F7E700BF010101000044400423
:1021B0002DE9F04116461F46D0F818210E4B9A42E1
:1021C0000546884611D1314600F06CF8069B9842CE
:1021D00004460DD8334628464246394600F070F88A
:1021E000079B00201C60BDE8F0816FF08500FAE7D6
:1021F0006FF08900F7E700BF0044400470B5184E47
:10220000049C4588B34202D06FF0850070BDEE1D7E
:10221000B2EBD60F4FEAD60302D06FF08600F5E797
:10222000079A934218D8089A1360008847F212124E
:102230009042E9D1059A5B0001339342EDD12378B6
:10224000042BEAD1B5F5807FDED10698621C00F040
:1022500067F90028DAD0E0E76FF08900D6E700BF21
:1022600000000209F8B5069F04461D4661B11646F6
:10227000AFB9DFF745F9002384F8116184F8103114
:1022800084F8127184F8133145B11022294604F103
:10229000F0000AF001F9012384F81331F8BDDFF7EB
:1022A000C3FAE8E751B190F8103190F812210B44CD
:1022B00002F001029B1A23F00F0070470846704796
:1022C0002DE9F04F044687B090F8120194F8109170
:1022D0000090002B55D0924600F00108C9F1100281
:1022E0001E4608EB0203B34204F5807700F2C48077
:1022F0000D46002A40F0B380009B002B6AD194F871
:10230000133104F1F009C846002B40F0C18094F865
:102310001131224639464846DEF79EFF0F2E40F225
:10232000CE80A6F1100323F00F031033019305EBC9
:10233000030BD04694F813C1102341464A46384651
:10234000BCF1000F20D0DFF7A1FC1022494628463F
:102350000AF0A2F8103594F8113122463946484661
:10236000DEF77AFF5D4508F11008E3D116F00F069D
:1023700021D184F81061C8461022414658460AF01F
:102380008BF807B0BDE8F08F10220AF085F8102214
:10239000494628460AF080F8103594F81131224653
:1023A00039464846DEF758FFAB4508F11008C1D161
:1023B00016F00F06DDD0019B9A445146384632464E
:1023C0000AF06AF8009B84F81061002B7DD00DF1B3
:1023D0000808D1E794F811312246394602A8DFF700
:1023E000D1F894F81331002B5BD1B8F1000F0CBF7A
:1023F0004FF010094FF011094E4529D304F1F008B0
:1024000001E04E4524D351461022384692440AF04A
:1024100043F8102202A928460AF03EF894F8113138
:102420002246394602A8DFF7ADF894F81331103E82
:102430001035002BE5D002A9084642461023DFF7ED
:1024400025FC1022394640460AF026F84E45DAD2DD
:102450002EBB84F81061AB460DF108088CE751469D
:1024600007EB090092440AF017F8009B103E4E4417
:10247000002B3FF444AFADE707EB0900514632466D
:102480000AF00AF8B14484F8109107B0BDE8F08F63
:1024900010234A4639463846DFF7F8FB37E7AB46A4
:1024A0008BE702A904F1F0094A4608461023DFF73A
:1024B000EDFB48461022394609F0EEFF95E7002E65
:1024C000EDD184F81061AB4656E704F1F00952E70C
:1024D00000B589B00146684600F03CF809B05DF8E7
:1024E00004FB00BF00B591B00146684600F06AF9F0
:1024F00011B05DF804FB00BF30B599B005466846E1
:1025000000F028F86946044608A800F053FA08A924
:102510000443284600F08AF9204619B030BD00BFB8
:1025200070B598B005466846164600F013F8314677
:10253000044608A800F046F908A96A46044308467C
:1025400000F082F908A90443284600F06DF92046FE
:1025500018B070BD70B50B68124E1BBAC3614B68E2
:102560001BBA83618B681BBA4361CB681BBA0361DA
:102570000B691BBAC3604B691BBA83608B691BBABA
:102580004360CB691BBA3246036001460446DFF75D
:102590006DF93146054602462046DFF787F9681E89
:1025A00070BD00BF38D502002DE9F04188B00C465F
:1025B000064602F12001684606F120079046DFF743
:1025C0004FFC6A4669466846DFF76CFB6946384649
:1025D000DFF746FC3A463946384604F12005DFF776
:1025E00061FB6A4669466846DFF75CFB4146284660
:1025F000DFF736FC6A4641463046DFF719FC2A46CB
:1026000029466846DFF74EFB2A4669466846DFF7EB
:1026100049FB124A69466846DFF744FB6946204693
:10262000DFF71EFC324621462046DFF779FB3246B3
:1026300021462046DFF774FB224631462846DFF765
:102640006FFB6A4629462846DFF7F2FB3A462946E1
:102650002846DFF765FB08B0BDE8F08118D6020018
:10266000F0B599B004460D460A4601466846DFF7C4
:1026700057FB69466846DFF7F3FB6A46214608A820
:1026800005F1200604F12007DFF7D2FB6A46294650
:102690006846DFF7CDFB3246394610A8DFF702FB6C
:1026A000324639463046DFF73BFB31462846DFF7F6
:1026B000D7FB6A4608A92046DFF7F4FA22462946E6
:1026C0002846DFF72DFB6A4608A96846DFF728FB96
:1026D0006A4639463846DFF7ABFB2A4608A9684602
:1026E000DFF71EFB6A4631463046DFF7A1FB3A466C
:1026F00031463046DFF714FB10A96846DFF7B0FB20
:10270000224669462046DFF70BFB08A92246084609
:10271000DFF706FB10A908AA0846DFF789FB3A464F
:1027200010A93846DFF7FCFA19B0F0BD2DE9F041E9
:1027300088B00C46054690460A4601466846DFF7D3
:10274000EFFA69466846DFF78BFB6A46294628465A
:1027500004F12006DFF76CFB05F120076A462146ED
:102760006846DFF765FB324639463046DFF7D8FA70
:1027700031462046DFF774FB2A4621462046DFF724
:10278000CFFA6A4621462046DFF7CAFA6A4629464A
:102790004046DFF7C5FA424639463846DFF748FB80
:1027A000224629466846DFF7BBFA6A46314630467C
:1027B000DFF73EFB3A4631463046DFF7B1FA08B064
:1027C000BDE8F08170B500F1200690B00D460446DA
:1027D00000F014F905F12001304600F00FF9214610
:1027E00008A8DFF73DFB08A908460D4ADFF75AFAAB
:1027F00008A922460846DFF71BFB08A9094A084634
:10280000DFF750FA31466846DFF72AFB2022694697
:102810000DEB0200DFF718FA013810B070BD00BFF1
:1028200018D60200F8D5020000F002B938B5044607
:102830000D4600F0FDF805F1200104F12000BDE88F
:10284000384000F0F5B800BF2DE9F0471346B8B0A6
:10285000544A89468046194610A8DFF707F85249BE
:10286000024610A8DFF722F8179E4E4900EAD676F6
:102870000746C6F1010210A8DFF718F8179B4A4671
:102880006FEA030A28A918A8FFF78EFE4FEADA7A42
:1028900020A9CAF10102084600F092F8C7F1010729
:1028A000FE246A4618A928A8FFF740FF631138AA3A
:1028B00002EB830304F01F0253F8A03CD3405546BB
:1028C00003F0010A8AEA05052A4628A918A8DFF7B5
:1028D00049F82A4630A920A8DFF744F8013C28A986
:1028E00018A8FFF7BDFE631CDBD1CAF1010220A9C5
:1028F00008A800F065F886EA0A066A4618A928A81A
:10290000FFF714FF28A9324618A8DFF72BF8324644
:1029100030A920A8DFF726F808A96A460846DFF79D
:1029200087FA08A9084600F09DF808A908F12004D4
:1029300009F120020846DFF77BFA20A908AA204601
:10294000DFF776FA08AA18A96846DFF771FA694630
:102950006846DFF785FA18AA694608A8DFF768FA1B
:1029600021466846DFF77CFA08AA69461046DFF779
:10297000D7F90E4A08A96846DFF7D2F92046202188
:10298000DFF776F908A9024644426846DEF7EAFF17
:102990004046074A6946DFF74BFA3C43204638B0C9
:1029A000BDE8F08778D5020098D50200F8D502007E
:1029B00058D502000A460149FFF746BFB8D50200C4
:1029C00070B588B004460D461646002120226846A0
:1029D00009F089FD0023294620222046009309F0B2
:1029E0005BFD2A4669466846DFF79AF93246694632
:1029F0002046DEF7B7FF08B070BD00BF0B681BBAFA
:102A0000C3614B681BBA83618B681BBA4361CB6897
:102A10001BBA03610B691BBAC3604B691BBA8360A5
:102A20008B691BBA4360CB691BBA0360704700BF58
:102A3000CB691BBA03608B691BBA43604B691BBA35
:102A400083600B691BBAC360CB681BBA03618B68D8
:102A50001BBA43614B681BBA83610B681BBAC36125
:102A6000704700BF70B598B00D46064610A8DFF756
:102A7000F7F92A4610A96846DFF7DAF9694610A87F
:102A8000DFF7EEF910A90846DFF7EAF96A4610A960
:102A900008A8DFF7CDF908A910A8DFF7E1F910A918
:102AA0000846DFF7DDF910A90846DFF7D9F910A9C4
:102AB0000846DFF7D5F910A908AA0846DFF7B8F9E4
:102AC00010A90846DFF7CCF910A90846DFF7C8F9C6
:102AD00010A96A4608A8DFF7ABF9052408A910A8D1
:102AE000DFF7BEF910A90846DFF7BAF9013C10A9D3
:102AF000F5D108AA0846DFF79BF9052410A9084676
:102B0000DFF7AEF910A90846DFF7AAF9013CF5D1C5
:102B100010A908AA0846DFF78BF910A908A8DFF763
:102B20009FF908A90846DFF79BF908A96A46684695
:102B3000DFF77EF91024694610A8DFF791F910A994
:102B40000846DFF78DF9013C10A9F5D12A46084661
:102B5000DFF76EF9402410A90846DFF781F910A9C4
:102B60000846DFF77DF9013CF5D110A96A46084611
:102B7000DFF75EF9102410A90846DFF771F910A9F4
:102B80000846DFF76DF9013CF5D110A96A46084601
:102B9000DFF74EF9102410A90846DFF761F910A9F4
:102BA0000846DFF75DF9013CF5D110A908AA0846EF
:102BB000DFF73EF92A4610A93046DFF739F918B099
:102BC00070BD00BF10B50C4C236813B10B4B1B68D4
:102BD0002BB900F02FFF30B9084B01221A600123F6
:102BE0002360002010BD0138062801D9044810BD1B
:102BF000044B53F8200010BD583C0020543C0020EA
:102C0000FE8FFFFF38D60200BFF34F8F0549064BFA
:102C1000CA6802F4E0621343CB60BFF34F8F00BF7A
:102C2000FDE700BF00ED00E00400FA0510B4094B19
:102C300009490A4C4FF0FE32C3F800244968C3F832
:102C40000424C3F80824C3F80C240023C4F8003576
:102C500010BC084700B00250B806002000A0025087
:102C6000D0E90012014BC3E900127047B8060020FA
:102C700070B58CB0144606460D4603AA202104A860
:102C800000F0B6F9002835D1039B202B32D11A4829
:102C90004FF0FF3100F082FF40BB002000F0AEFF9C
:102CA00000BB00942B46202206F1100004A900F07E
:102CB00091FC0446012000F0A1FF78B90E4800F015
:102CC00075FF38B9B4B9202104A800F045FF2046AB
:102CD0000CB070BD0948FFF7A9FFF3E70848FFF7FC
:102CE000A5FFEBE70648FFF7A1FFDAE70348FFF788
:102CF0009DFFD2E7034CEAE74407002054D60200C8
:102D00006CD60200FE8FFFFFF0B50F468FB0154660
:102D10000446002859D03E4B02689A4264D00DB157
:102D2000002969D026464FF4A071304600F014FF08
:102D300005AA202106A800F05BF900285FD1059BB9
:102D4000202B5CD133484FF0FF3100F027FF70BBE0
:102D5000002000F053FF30BB00230295CDE900377F
:102D6000202206A906F1100000F0D8FA054601203D
:102D700000F044FF98B9274800F018FF58B9002D1B
:102D800041D1202106A800F0E7FE214B33609CB121
:102D900028460FB0F0BD2048FFF748FFEFE71F4877
:102DA000FFF744FFE7E71D48FFF740FFD4E71A4865
:102DB000FFF73CFFCCE70025194800F0F7FE00289C
:102DC000E6D01548FFF732FFE2E715484FF0FF3134
:102DD00000F0E4FE60B9134B0D4A1B689342EAD041
:102DE00005B197B10F4E9EE7002528460FB0F0BD04
:102DF0000948FFF71BFFEEE76FF4E045C8E7202125
:102E000006A800F0A9FE084DC1E76FF4E045D3E73E
:102E1000A5BCC95A4407002054D602006CD6020053
:102E2000300700205C3C0020FE8FFFFF2DE9F04FB3
:102E300083B0002B00F0C7801D460023044688465F
:102E400017462B608AB1002900F0BD80002800F0F1
:102E500085805E4B02689A4244D1B7F5806F0AD9EB
:102E60005B4E304603B0BDE8F08F002876D0574B5C
:102E700002689A4236D1A146D9F838311BB1D9F847
:102E80003020934235D953484FF0FF3100F086FE91
:102E900000287CD1002000F0B1FE002873D100236F
:102EA00009F1100A4FEAC70B0093424659465046B3
:102EB00000F098FA0646012000F0A0FE00285ED13E
:102EC000444800F073FE002855D11F2E1AD076B961
:102ED0002F6044B9404800F069FE20B13F48FFF739
:102EE000A5FE00E03E4E304603B0BDE8F08F3D4EFB
:102EF000EFE7002211464846FFF7BAFE06460028D3
:102F0000C1D0E6E7002248461146FFF7B1FE06466B
:102F10000028DED12F484FF0FF3100F03FFE00289F
:102F20004DD1002000F06AFE002844D10023424623
:102F300059465046009300F055FA0646012000F02D
:102F40005DFE002833D1234800F030FE0028BED0BB
:102F50002248FFF76BFE002EBAD0C8E71E484FF09C
:102F6000FF3100F01BFED8B91F4B1A68174B9A426D
:102F700011D01B4EAEE71948FFF758FEA5E71B48D6
:102F8000FFF754FE9CE71948FFF750FE87E7134808
:102F9000FFF74CFE7EE7B7F5806F05D90C4E99E739
:102FA0000E48FFF743FEDFE7DFF83C9064E70F4889
:102FB000FFF73CFEC7E70D48FFF738FEB6E70748C6
:102FC000FFF734FEADE76FF4E0468CE7A5BCC95AC5
:102FD000DE8FFFFF440700203007002054D6020098
:102FE000E88FFFFFFE8FFFFF5C3C00206CD60200E5
:102FF0002DE9F047DFF8A0A00D4680464FF0FF31E5
:10300000DAF80000914600F0C9FDB0BB002000F0E6
:10301000F5FD70BBCDB1214F002603E000F09AFD15
:103020002D1B13D0182D4FF0180138462C4628BF01
:10303000182400F025FB0346224608EB060039461B
:103040002644002BEAD0164C03E02E46C9F8006057
:1030500000241248182100F07FFD012000F0CEFD71
:10306000A8B9DAF8000000F0A1FD50B92046BDE88B
:10307000F0870C48FFF7DAFDCCE70B48FFF7D6FDE9
:10308000C4E70948FFF7D2FD2046BDE8F0870548B0
:10309000FFF7CCFDE5E700BF340700209C3D002092
:1030A000FE8FFFFF6CD6020054D6020010B5044616
:1030B00050B1636813F0685F05D0064A934202D0AE
:1030C00000232360626010BD034B04485B6898478F
:1030D000EFE700BF2C5F5CA9B80600208CD6020089
:1030E000C8B143680D4A934213D013F0685F0ED005
:1030F000012350E8002F194640E8001C9CF0000F07
:10310000F7D1012AF5D0BFF35F8F00207047044844
:103110007047044870476FF4E04070472C5F5CA92B
:10312000E98FFFFFEA8FFFFF80B14368094A9342AE
:103130000AD013F0685F05D0BFF35F8F00230360F0
:103140001846704704487047044870476FF4E040E1
:10315000704700BF2C5F5CA9E98FFFFFEA8FFFFF7C
:1031600010B5044620B1044B63600022226010BDFC
:103170000248FFF75BFDF6E73A00003AB4D60200DA
:1031800010B5D0E90023194C6360D0E90230C4E9DE
:1031900002302260164BD1F800C0C3F800C0D1F84D
:1031A00004C0C3F804C01348D1F808C0C3F808C06D
:1031B000D1F80CC00969C3F80CC01961436813F059
:1031C000685F04D00C490023C0E9003190470B48E8
:1031D000436813F0685F07D0074923680022C0E9FD
:1031E0000021BDE81040184710BD00BFD4060020E4
:1031F000C0060020F40600202C5F5CA9EC0600202D
:10320000F0B585B00446C07FA37F94F81DC094F844
:1032100013E0451C03EB15230CEB132CA377237F42
:10322000E07E84F81DC003EB1C2300EB1320237702
:10323000A37E94F819C0E07603EB10230CEB132C5B
:10324000A376237EE07D84F819C003EB1C2300EBFA
:1032500013202376A37D94F815C0E07503EB1023AB
:103260000CEB132CA375237D84F815C003EB1C23F2
:1032700094F812C023750EEB132E637CE5770CEBEC
:103280001E2C03EB1C2384F812C094F810C084F8A1
:1032900013E020460CEB132C637400F810CF1023BE
:1032A0004FF0000CCDE900C004AF02930E46154666
:1032B000234662466046022100F01EFE10B104372C
:1032C000BD46F0BD2021204600F0ACFE0028F6D11E
:1032D0002946304600F0A8FE0028F0D11F2D14D852
:1032E000C5F1270323F007036E46ADEB030DC5F1CF
:1032F000200504AC01462A46204609F0F4F8294688
:10330000204600F091FE38B9B5460021084600F08D
:10331000C7FE0437BD46F0BDB546D0E7F0B589B06D
:1033200005460F9C109E002C47D02022684609F0CD
:10333000B3F866B3731E022B51D926F00300214661
:1033400020446A4651F8043B1768814283EA070328
:1033500042F8043BF6D1B30719D026F003031DF859
:103360000310E25C4A400DF803205A1C96420ED925
:103370001DF80200A15C023341409E420DF802108C
:1033800005D91DF80310E25C4A400DF80320242201
:103390000021284609F0A7F8202269462846FFF7B1
:1033A0002FFF044610B901232B6200240821684630
:1033B00000F01CFB204609B0F0BD0F462422214638
:1033C00009F091F8202239462846FFF719FF0446F4
:1033D0000028EFD1012320462B6209B0F0BD002365
:1033E000BDE700BF2DE9F0439046026ABDB01D461F
:1033F00001324FF00003CDE90433CDE90633CDE9C6
:103400000833CDE90A3370D004460E46002D6AD049
:10341000449A2946FFF7F4FE002861D1E27FA17F9C
:10342000637F501C01EB1021227FA17703EB112356
:1034300002EB13226377E37E227703EB1223A27E53
:10344000E37602EB1322637EA27603EB1223227E45
:10345000637602EB1322E37D227603EB1223A27D37
:10346000E37502EB1322637DA27503EB1223227D29
:10347000637502EB1322E37C227503EB1223A27C1B
:10348000E37402EB1322637CA27403EB1223227C0D
:10349000637402EB132323740022102304F110073A
:1034A000E0770221CDE9017310460092234600F037
:1034B00023FDA8B94046F10800F0B4FD80B95FEAE9
:1034C000162916D04FEA0929804601E0C84510D0D8
:1034D000202104A808F5807800F0A6FD0028F5D08A
:1034E0003DB0BDE8F08304AD98E71F203DB0BDE8D6
:1034F000F083B14507D0A6EB0901C90804A800F084
:1035000093FD0028ECD10CA800F05EFD00210846D8
:1035100000F0C6FD0028E3D1102212A9384608F0B9
:10352000BBFFE17FA37F627F0139A3EBD1739BB225
:10353000A2EBD332A377237FE17792B2E17E627769
:10354000A3EBD2339BB2A1EBD3312377A37E627E70
:1035500089B2A3EBD1339BB2A2EBD332A376237E05
:10356000E17692B2E17D6276A3EBD2339BB2A1EB1E
:10357000D3312376A37D627D89B2A3EBD1339BB295
:10358000A2EBD332A375237DE17592B2E17C627523
:10359000A3EBD2339BB2A27C2375A1EBD33189B2CA
:1035A000637CE174A2EBD13292B2A3EBD233A2746A
:1035B000227C9BB26374A2EBD3332374202229466E
:1035C0002046FFF71DFE00288AD1236A01332362BB
:1035D00086E700BFF0B589B005460E9E002B43D0AC
:1035E000684617461C4608F057FF66B3731E022B49
:1035F00044D926F003022244A646EC46DCF800300B
:103600005EF8041B594096454CF8041BF6D1B307ED
:1036100019D026F003031DF80310E25C4A400DF8B0
:1036200003205A1C96420ED91DF80200A15C0233F9
:1036300041409E420DF8021005D91DF80310E25CCE
:103640004A400DF803203A4669462846FFF7D8FD60
:10365000044610B901232B6200240821684600F0BB
:10366000C5F9204609B0F0BDFFF7CAFD04460028A1
:10367000F7D1012320462B6209B0F0BD0023CAE731
:103680002DE9F04FC24C8FB0237800AFC7E901019C
:103690002BB9204600F066FF204601F0ADF8BD4B87
:1036A000BA68A3FB02231B094FF0000B3B61C7F86C
:1036B00014B0B74800F0BCFF8246002852D1B64C87
:1036C000237C002B40F0AD804FF08053E946D3F8C7
:1036D0000C2C013200F07A81D3F80C2CAD4B172A58
:1036E000A3FB02134FEA131640F29980FE604FF0DD
:1036F00000084E46C7F800A0A548062207F12001A1
:1037000000F0D8FF002840F06481A44BD4E90215F2
:10371000986807F1200C07F1380EDCF800301F2202
:10372000994603E0A8420ED0531C20D04B46D3400C
:1037300013F0010315BF0021013101351D468842F8
:1037400002F1FF32EED19648C4E902154FF00E0A9D
:10375000FFF76CFAB54600F0A3FF8D4801F050F872
:103760000028A6D150463C37BD46BDE8F08F0CF18D
:10377000040CE645D1D1894B2068C4E90215D3E990
:10378000009A07F1200E18224FF0000B4146034625
:10379000C3F5806C4FEA5C1C4FEA8C0C944528BF43
:1037A00094465FEA9C0826D0C7E9063EAEF10400C5
:1037B000656800EB880850F804EF4FEA5E0303F0F9
:1037C0005533AEEB03034FEA930E0EF0333E03F096
:1037D0003333734403EB131303F00F3303EB03236F
:1037E00003EB03431B0EC3F1200380451D44E2D1CC
:1037F000D7E9063E656003EBCC03B3F5806FA2EB1F
:103800000C024BD0E644002AC2D12360FB6801F1D0
:1038100001089845FFF470AFD7F800A0B546012322
:103820002374BB68172B40F2A0807B687A69FA6129
:1038300003EB8201002398468946D346544806226A
:10384000494600F037FFCC46002840F0C580534B76
:10385000D4E902569968FB69A9F1040E9A465EF80C
:10386000040F1F2203E0B1420ED0531C21D020FAD6
:1038700002F313F0010315BF0025013501361E4682
:103880008D4202F1FF32EED14548C7F814A0C4E9D9
:1038900002564FF00E0AFFF7C9F95CE763684B4523
:1038A00080F08A80534540F28780C4F804B000233A
:1038B000A8E709F114037345C4E90256CFD1374B89
:1038C000C7F814905246D3E900EA2368FA61182138
:1038D0004046C3F580684FEA58184FEA8808884583
:1038E00028BF88465FEA980926D0ACF104056668CF
:1038F000C7F818C005EB890955F804CF4FEA5C02F8
:1039000002F05532ACEB02024FEA920C0CF0333C61
:1039100002F03332624402EB121202F00F3202EB79
:10392000022202EB0242120EC2F1200216444D4561
:103930006660E1D1D7F818C003EBC803B3F5806F18
:103940002360A1EB080117D0C4440029C1D1FB6951
:10395000D7F814900633FB613B6900F101089845E4
:1039600009F11809FFF46AAFDA4600F099FE5046F3
:103970003C37BD46BDE8F08F6368734512D25345AE
:1039800010D900230022C4E900230023DCE700BF94
:10399000CC3D0020ABAAAAAA382D00201C0700208D
:1039A000D8D60200FB6910487B614FF00D0AFFF783
:1039B0003DF900F075FED0E64FF480630A482360BD
:1039C0004FF00D0AFFF732F9B546C4E64FF404761E
:1039D0008CE68246B546BEE6FB697B610546AA4693
:1039E00000F05EFEB9E600BFD8D60200890000F004
:1039F00047B900BF3AB101EB820251F8043B40F8ED
:103A0000043B9142F9D1704708B500F037F830B95E
:103A100000F03EF828B9064AC2F80C0A08BD032097
:103A200008BD00F02DF800F06DF8042008BD00BFBF
:103A300000B0025030B583B0FFF7E6FF044610B97E
:103A40000B4D2B6813B1204603B030BD0246014632
:103A5000FFF75AF950B9074901AB6822FFF7E6F9B9
:103A600020B9054B2B60204603B030BD0524EAE7A2
:103A7000DC3D0020E03D00205AEA5A5A0020704701
:103A800000207047014BC3F8040A704700B0025091
:103A900010B5154800F06EF800B110BD134800F0E5
:103AA00069F80028F9D1124C204600F063F800288C
:103AB000F3D1104B10481C6000F05CF80028ECD1EA
:103AC0000E4800F057F80028E7D10D4800F052F8F2
:103AD00001460028E1D100F039F8044608B900F0A9
:103AE0006FF8204610BD00BF4407002040070020AB
:103AF0003C07002034070020380700203007002052
:103B00002C07002008B50B4800F03EF80A4800F0EA
:103B10003BF80A4800F038F8094800F035F8094841
:103B200000F032F8084800F02FF8BDE8084000F037
:103B30000FB800BF44070020400700203C070020CA
:103B400038070020300700202C0700200020704795
:103B5000704700BF08F0AEBC82B0019041B10023B5
:103B60009C461A4601980133994200F802C0F8D1E8
:103B700002B0704708B5034B02681B68106898478D
:103B8000002008BDD406002008B5034B02685B681E
:103B900010689847002008BDD4060020024B026838
:103BA0009B681068184700BFD406002008B5034B77
:103BB0000268DB6810689847002008BDD406002022
:103BC00070B5094C094D2069AB68984718B1084B8E
:103BD00008485B689847084AEB6820690021116033
:103BE000BDE87040184700BFC0060020D406002082
:103BF000B8060020E4D60200483E0020F8B51A4D71
:103C00001A4E0446B26828699047E8B9184F3B68D5
:103C10004CB1A3B1012B19D0013B3B602869F3687B
:103C200098470020F8BD43B9124A0121C2F8001597
:103C30001149D1F81029002AFBD101333B60F36808
:103C4000286998470020F8BD0C48F8BD0A4AD2F808
:103C50001039002BFBD1074A6FF07E40C2F80035C7
:103C6000FFF710FF3B68D7E7C0060020D40600200E
:103C7000483E002000A0025000B00250E98FFFFF34
:103C80002DE9F0410E4682B0002879D000296FD08E
:103C90003E4C0546012755E0D4E901E1D4F80CC0BB
:103CA00020684FEACE524B0980EAC05842EA5022BF
:103CB00043EACC638EEA02004B404FEA984E4EEA4C
:103CC000803E83EA08038CEA5C1283EA0E034240DA
:103CD00011EB030E82EA90424CEB0200082EC4E97D
:103CE0000232B04628BF4FF0080815F00303C4E9BC
:103CF000001CCDE900E032D1072E3DD8032E2CD98F
:103D0000B8F10402C5F800E018D0042303F108015B
:103D10006944012A11F8081CE9540FD003F1090085
:103D20006844591C10F8080C6854032A06D103F1A2
:103D30000A026A44023312F8082CEA54B6EB080669
:103D4000454415D0237E002BA6D118212046FFF72D
:103D500097FC0028F9D127769EE74246D6E7284609
:103D60004246694608F098FBB6EB08064544E9D19F
:103D7000002002B0BDE8F081C5F800E06860DDE732
:103D80000029F5D0142002B0BDE8F081502D0020AC
:103D900031B10138002300F8013F01339942FAD1D3
:103DA000704700BF70B5504C504D0120C4F810084A
:103DB00000F0C4FB0023C4F84034C4F84434C4F811
:103DC0004834C4F84C34C4F86034C4F86434C4F8DB
:103DD0006834C4F86C34C4F8BC34D4F8C03423F06C
:103DE0000103C4F8C0346B68D4F8C02403F00103A5
:103DF0001343C4F8C0342A68072A05D1D4F8C03464
:103E000023F00103C4F8C034374CD4F8C01421F0B7
:103E10001C01C4F8C014D4F8C014930003F01C03B0
:103E20000B43C4F8C034D4F8C03495F89C1023F088
:103E30000203C4F8C0340029A96B2D4B08BF00232E
:103E400000293DD1D4F8C00420F44050C4F8C00487
:103E500095F83400D4F8C064C4F8C064A0B91A68F6
:103E6000C4F800245A68C4F804249A68C4F80824E2
:103E7000DB68C4F80C342A68072A03D11A4B0122E4
:103E8000C3F87C24002070BD0328F5D11868194EB2
:103E900000F0D6FCB0B933681B68C4F8003433684E
:103EA0005B68C4F8043433689B68C4F8083433682A
:103EB000DB68C4F80C3400F0D1FC18B92A68DBE7E1
:103EC000062070BD3268084B1268C3F800243268BF
:103ED0005268C3F8042432689268C3F80824326830
:103EE000D268C3F80C2470BD00B002504C3E0020D4
:103EF000EC3E0020280700202DE9F84F2F4E304DD2
:103F0000DDF828A0002483460F4691462146C022B2
:103F10003046984608F0E7FAC5F84044C5F84444EE
:103F2000C5F84844C5F84C44C5F86044C5F8644435
:103F3000C5F86844C5F86C4400F0F8FAC5F8C04408
:103F4000204600F0FBFAC5F81048C6E9007B86F869
:103F50003490C6F838A0B8F1000F0AD00AF1020276
:103F60000123D200414606F1A00086F89C3008F0FB
:103F700093FA102000F0CCFAFFF714FF40B9022F9B
:103F800008D0072F04D01FB10E48FEF74FFE0620C1
:103F9000BDE8F88F0B9A0A4B1268C3F860240B9A9D
:103FA0005268C3F864240B9A9268C3F868240B9A89
:103FB000D268C3F86C24BDE8F88F00BF4C3E0020E7
:103FC00000B00250D8D6020010B51349C0220446F2
:103FD00008F062FA114B1249D3F84024A260D3F8DA
:103FE0004424E260D3F848242261D3F84C2462616F
:103FF000D3F86024A261D3F86424E261D3F8682482
:104000002262D3F86C34636204F13C006022BDE8A4
:10401000104008F041BA00BF4C3E002000B00250F2
:104020005C3F002000F07ABA70B51B4C2368072B68
:1040300017D0A36A06460D46B3B1012000F07EFA00
:10404000A36A2B440F2BA3621CD90123012229460A
:10405000304600F0BFF9034620B9104B1B6C102B03
:1040600016D00023184670BDE36A002BE5D001206E
:1040700000F032FA2368072BDFD1A36A2B440F2B01
:10408000A362E2D82368012B94BF00230123DDE75C
:1040900000F022FAE5E700BF4C3E00205C3F002024
:1040A0002DE9F041554CDFF85881564A84B0A36A97
:1040B000D8F84050C2F8BC5400AF06460D46B3B322
:1040C0002368072B7ED1002000F006FA4D4B00221A
:1040D000C3F8BC2415B1D8F858302B602368072BDF
:1040E0002FD000260024474D4448C022214608F026
:1040F000FAF9C5F84044C5F84444C5F84844C5F841
:104100004C44C5F86044C5F86444C5F86844C5F833
:104110006C4400F00BFA2046C5F8C04400F00EFADB
:1041200030461037C5F81048BD46BDE8F081E36A57
:10413000002BCBD02368072B57D0012000F0CCF9FF
:10414000C4E7E36A1BB92F4B0122C3F824252D4B8A
:10415000256BD3F840243A60D3F844247A600335C1
:10416000D3F848246168BA60AD08EA1DD3F84C045E
:10417000F86022F0070301296C46ADEB030D2CD14A
:1041800029466846FFF704FE65B3691E0DF1FF304E
:104190006944002210F8013F07F1100505EB830583
:1041A00056F8233055F8105C6B40134314BF0122BE
:1041B00000228842EED1ABB11348FEF737FD12263C
:1041C000A5468FE7012000F0B9F92368002B7FF4A2
:1041D0007AAF012000F080F978E72A463946304668
:1041E000FFF708FC0026A5467CE7012000F0A6F9B1
:1041F0002368072B3FF467AF9FE700BF4C3E0020CA
:104200005C3F002000B00250D8D60200F0B56E4BE3
:104210006E4A0124C3F8204892F85C5092F8487026
:10422000A54286463CD04FF4FE64C3F8044AD3F856
:10423000084A44F47F64C3F8084A002F3BD1002D9C
:1042400061D1634B1C7C14B11C68844261D993F822
:1042500024401CB15C69844240F2818093F838406C
:104260001CB19C6A844240F2918093F84C401CB18E
:10427000DC6B844240F29180534BC3F828ECC3F8C6
:104280002C1C002F43D080214F4AD2F8003A31EA4B
:104290000303FAD10023C2F8081AC2F82038F0BD8F
:1042A0004FF47664C3F8044AD3F8084A44F47F64B0
:1042B000C3F8084A3FB3464BD46C1F7C17B11F6844
:1042C000BC4237D293F8247017B15F69BC424DD21B
:1042D00093F8387017B19F6ABC424FD293F84C7074
:1042E00017B1DF6BBC4260D227460C44D464946D96
:1042F0000C449465344CC4F8287DC4F82C1D002D62
:104300005CD101279EE7C3F8300CC3F8341C402170
:10431000BAE75D682544854299D9002505EB8505F6
:1043200003EB8503556D9A68DE68121B104405FB8C
:10433000060EA1E75E6807EB060C6445C2D24FF09B
:10434000000C0CEB8C0C03EB8C0CDCF80860DCF83C
:104350000CC0F71B566D274406FB0C77C5E79D691B
:10436000254485427FF67AAF0125D7E79E6907EBA2
:10437000060C6445ACD24FF0010CE2E7DE6A07EBB5
:10438000060C6445AAD24FF0020CDAE7DD6A254438
:1043900085427FF66AAF0225C0E71D6C2544854241
:1043A00088BF03257FF668AFB8E71E6C07EB060CE5
:1043B000644538BF4FF0030C96D2C2E7C4F8300C06
:1043C000C4F8341C5FE700BF00B002505C3F00201F
:1043D0000C3F0020B0F1005F55D32DE9F84314469F
:1043E0004218B2F1804F05460F4669D8DFF8E090D9
:1043F000D9E9101274B3002B4ED0D9F85030BB421B
:1044000061D3DB1BC9F85030002947D1FFB1D9F87F
:10441000401089F84840C1BBD9F844307E1EB6FB35
:10442000F3F603FB06F646B1B6F5803F28461CD2EC
:104430003146FFF7EBFEBF1B354425483A46294677
:1044400008F02AF8D9F840303B44C9F84030002041
:10445000BDE8F8830029D9D099F84830F3B148462F
:10446000FFF7D4FEC9F84040D0E7D9F84440C4F57E
:1044700080384146FFF7CAFEA4F58033F6181F4482
:104480004544D1D1D9E70A2070471148FFF7BEFE55
:104490000023C9F84030BFE70029B7D0521ABA420A
:1044A00009EB01002946164628BF3E4607F0F4FFF7
:1044B000D9F8403033443544BF1BC9F84030A5E734
:1044C0000A20BDE8F8830348FEF7B0FB1320BFE7DE
:1044D0005C3F0020D8D6020010B50C4C216C29B1ED
:1044E00028B90A48FFF792FE0023236410BDC1F1EA
:1044F00040026018002107F0F6FF616C0348216458
:10450000FFF784FE00232364F0E700BF5C3F002038
:10451000014B5864704700BF5C3F0020024BC3E969
:1045200013010020704700BF5C3F0020024860225A
:10453000002107F0D8BF00BF5C3F0020074AD2F837
:104540001039002BFBD1064B0449C2F80009187042
:10455000D1F81039002BFBD1704700BF00B00250DA
:10456000CB43002010B44FF08053D3F8102C01320D
:1045700022D0D3F8102CFAB9D3F8142C013230D051
:10458000D3F8142C6ABBD3F8182C013237D0D3F8E7
:10459000182CA2BBD3F81C2C013203D0D3F81C3C3E
:1045A000002B3ED04FF08053D3F81C2C013234D076
:1045B000D3F81C4C032108E04FF08053D3F8102CA3
:1045C00001320AD0D3F8104C00210023C0E9013495
:1045D00001220270017310BC7047002141F25C247B
:1045E000F3E74FF08053D3F8142C013203D0D3F803
:1045F000144C0121E9E7012141F66414E5E74FF08D
:104600008053D3F8182C013203D0D3F8184C022170
:10461000DBE7022140F6D864D7E7032141F2883472
:10462000D3E7024810BCFEF701BB00BFD8D602009A
:1046300038B5037853B3184B90F80CC00124D0E977
:104640000152C3F8C441C3F84041C3F8C441C3F8A0
:104650003021D3F830118A42F7D100203F22C3F82D
:104660002C01C3F8082A1E22C3F800210422C3F833
:10467000040AC3F80C21D3F80C214CEA0202C3F857
:104680000C21C3F83851C3F82C4138BD0348FEF75C
:10469000CDFA0C2038BD00BF00B00250D8D60200C1
:1046A000034B0020C3F82C01C3F8C401704700BFBE
:1046B00000B002502DE9F84F4FF0000C4C4B8646ED
:1046C0000E46644601204FF0FF354FF03F094FF092
:1046D0001E080427D3F8042112F00E0F55D0D3F88A
:1046E0000C21D3F83011C3F82C4102F00302032A45
:1046F000C3F8BC01C3F808516BD0013242F0040A80
:10470000D2B2C3F80CA1C3F830118EF80C20CEF849
:104710000810D3F80C11D3F83021D3F838A1C3F81E
:10472000C40101F0030BC3F84001C3F8C401C3F88E
:104730003021D3F830118A42F7D1C3F82C41C3F8A5
:10474000089AC3F80081C3F8044AC3F80C71D3F87F
:104750000C214BEA0202C3F80C21C3F838A1C3F8BC
:104760002C01D3F80421D1070CF1010C11D4BCF1B8
:10477000640FAFD11E4B1F480022C3F82C21C3F891
:10478000C421FEF753FA102021E0D3F80421D20708
:10479000A0D5BCF1640FEDD0154B4FF0FF320121D5
:1047A000C3F8BC11C3F80821D3F814213260D3F840
:1047B00018217260D3F81C21B260D3F82021F26076
:1047C000D3F824213261D3F8283173610020BDE889
:1047D000F88F4A1C9DD0491844EB04028D4274EBBB
:1047E000020238BF4FF0FF3100224FF0040A88E781
:1047F00000B00250D8D602000A234360704700BFC1
:10480000C368032B05D0022B15D80133C3600120E8
:10481000704783685A1C10D0DB184FF0000242EB3F
:10482000020191424FF0FF3C0CBF19466146C0E9BE
:104830000212012070478368EEE70020704700BF36
:1048400029B9044B002814BF1846002070470248BD
:10485000704700BF0100F7000300F700034B002082
:104860000122C3F8380AC3F87824704700B0025018
:10487000F8B50E4B1D68AB789B07064612D56F68DE
:1048800016F8014B29462CB90A20B847002805DB49
:10489000204609E02046B8470028F1DAAB7843F01B
:1048A0000403AB704FF0FF30F8BD00BFD4CF02005F
:1048B0000CB430B58BB004460D462022002102A86E
:1048C00007F011FE02238DF80A30002D0C4B0393E4
:1048D000069412DB01D06B1E1C440FAA0E9907949C
:1048E00002A8019200F00EF815B1069B00221A7082
:1048F0000BB0BDE8304002B070470024EDE700BFC8
:1049000011C602002DE9F04F8BB043680093837805
:104910009C078046924640F1F980002508780028DF
:1049200000F0F68025280AD04B1C01930135414642
:10493000009B98470028C0F2E3800199EEE74E788B
:104940008B1C252E0193F1D00027B9463C460A2244
:104950001F2C22D8A6F12003102B20D8DFE803F06B
:10496000141F1F1A1F1F1F0B1F1F1F121F171F1F90
:10497000090044F00104019B13F8016B0193002E20
:10498000E6D13AE044F0020444F00404F3E744F0D2
:104990000804F0E744F01004EDE77F2C24D8A6F1DA
:1049A0003003092B08D860064EBF02FB073702FB15
:1049B000093944F02004DEE72A2E0DD161065AF8A9
:1049C000043B53D4002BA7BF44F020049946C3F105
:1049D000000944F02804CEE72E2E05D1630600F12D
:1049E000978044F04004C6E76C2E2ED028D8682E5D
:1049F00032D06A2E37D04C2E35D0002F46F020030F
:104A0000B8BF24F04004A3F16502BCBFA4B20027E4
:104A1000022A01D9612B2BD10AF1070A2AF0070AD1
:104A20009C4E0AF1080A0727210760D506EB070B01
:104A300034465C455DD1AE1BA219A9EB070959E1CB
:104A4000742E98D07A2E96D0D7E7260648BF44F425
:104A5000007444F080048EE7E00548BF44F400741D
:104A600044F4807487E744F4207484E71F4682E7A7
:104A7000A6F16302122A00F2D880DFE812F01300D8
:104A80004D00D600D600D600D6004D00D600D60088
:104A9000D600D600D600E800D100D600D6001A0015
:104AA000D600A0005AF8043B8DF81030012704AE60
:104AB000BAE75AF8046B784B002E08BF1E4614F074
:104AC000400F14BF39464FF0FF31304607F03DFD2F
:104AD0000746A9E7009B41462020984700280FDBA6
:104AE000013CA742F6D34D442D1BA1469EE74C4600
:104AF000F7E714F8010B009B41469847002898DA25
:104B000098F8023043F0040388F802304FF0FF3584
:104B100028460BB0BDE8F08F220630D5A3052AD574
:104B20000AF1070A2AF007039A4659685AF8080B4F
:104B300024F0100B00291FFA8BFB2FDA404261EBA7
:104B400041014BF4806B04AC0A23224607F009FDB7
:104B50001BF0400FA0EB040200F08E802BF001044C
:104B60009742A4B240F38F80002E40F08E802BF04D
:104B70001104A4B21DE05AF8040BC117D8E7E005F0
:104B80005AF8041B01D40846F7E7A2054BBF48B208
:104B900008B241F3C01141F3C031C9E750EA010343
:104BA000D1D16306CFD5002FCDD124F01104A4B20A
:104BB0003A463B4640F206410C4262D124E024F0E2
:104BC0001004A4B20A2314F0800243D014F400713C
:104BD0001FBF0AF1070A2AF007029246516814BF64
:104BE0005AF8080B5AF8040B50EA01023ED124F09F
:104BF000160B62061FFA8BFB3CD5002F3AD124F02E
:104C00001704A4B23A463B4621075AD4E10705D51A
:104C1000994572DDA9EB03039F184B469B464AE07A
:104C200044F0100410237826CDE7782B04D1C6F188
:104C3000780343F01003C6E7009B414625209847C0
:104C40000028FFF65DAF02354146304670E6082386
:104C50000026B8E714F480715AF8040BC4D014F499
:104C600000711ABFC0B2114680B2BDE724F006043D
:104C70001FFA84FB04AC68E713465C46E10699D54D
:104C80002EB90133C0E71346F8E73B46F6E7023397
:104C9000BAE700BFAC050300A5050300CDE9023269
:104CA0004146009B202098470028FFF629AFDDE908
:104CB00002320BF1010BD945F0DCEB1A03EB0B05CB
:104CC0005B46E10627D5CDE902324146009B302004
:104CD00098470028FFF614AFDDE902327EB90135AE
:104CE0002F44791B8A4229DB144604AE9CBB2A441C
:104CF000A9EB03091546914442E017468EE7CDE93A
:104D00000232023541463046009B98470028DDE9D3
:104D10000232E5DAF4E640F206410C42E0D014F04B
:104D2000020F14BF2B20202014F4806FCDE9023233
:104D300005F10105414618BF2D20E5E7CDE9023216
:104D40004146009B302098470028DDE9023205F1FA
:104D50000105C6DAD4E6013CCDE90232305D009BA4
:104D6000414698470028DDE90232BFDAC8E6009BD9
:104D7000414620209847002805F10105FFF6C0AE06
:104D8000A9EB0503002BF2DCD7E500BF38B5044CD6
:104D9000044DAC4200D138BD54F8043D9847F8E7C3
:104DA0000000000000000000704700EBC1004088D8
:104DB00040087047F8B50346FFF7F7FFB0FA80F0F8
:104DC000C0F11F0003EB800CCA00DCF81060171D57
:104DD0000C4606328DB256B9012101FA00F0D968AD
:104DE0000143D960CCF81040DD539D52F8BDF1006D
:104DF0000431585AD85303EBC0009E52C5805D520F
:104E0000F4E710B500EBC104E3888B4202F1040122
:104E10000AD1012303FA02F2C36823EA0203C36042
:104E2000002340F8213010BDA28840F8213000EB6B
:104E3000C20100EBC300CB808280F4E708B50346D3
:104E4000FFF7B3FFB0FA80F2C2F11F021846BDE8C7
:104E50000840FFF7D6BF2DE9F843B1FA81F3C3F15B
:104E60001F0200EB82090646D9F810700D4687B97B
:104E7000C3F120034FF0FF349C40F3681C4014D072
:104E800094FAA4F2B2FA82F2131D56F82340214696
:104E900008E03C464FF0030821463046FFF785FF07
:104EA000854205D83046FFF7ACFF2046BDE8F883C1
:104EB00006EBC404B8F10108E488C9F81040D7D063
:104EC000BC42E9D1D4E738B50446FFF76EFF0D4682
:104ED000034611462046FFF768FF03449BB204EBEC
:104EE000C5055A006A802046FFF75FFF014424F899
:104EF000313038BD70B50446FFF757FF0B4604EB61
:104F0000C305511A9B1A89B203444E009BB204EBAD
:104F1000C2006E805D00458024F8321020461146A4
:104F2000FFF743FF014424F8313070BD70B509B973
:104F3000002070BD056801F007030B33CC0804EBBB
:104F4000D304AB689C4228BF1C4621462846FFF785
:104F500082FF06460028EBD001462846FFF725FFD2
:104F6000A04207D932192846FFF7C4FF1146284648
:104F7000FFF720FF05EBC6021046538843F00103FC
:104F800053800430D5E71146FFF7D0BF2DE9F84331
:104F900014464A4202EA010931EA020203460BD0F2
:104FA0004A46042A4F4628BF0422A1EB09096CB9DE
:104FB00000252846BDE8F883042904D82146BDE829
:104FC000F843FFF7B3BF00270422F0E71E68A9EB00
:104FD000020204F0070302F007010B330B44E1085F
:104FE00001EBD20101EBD301B368994228BF194606
:104FF0003046FFF730FF80460028D9D03D1D05EB35
:10500000C00509F1FF3335441D44B5FBF9F509FB33
:1050100005F5ED1B2C442B1F07349B1B24F00704C4
:10502000A41BB0EBD30F4FEAD3074FEAE40408D236
:1050300001463A463046FFF75DFF41463046FFF7EE
:10504000B9FE39463046FFF7B0FE3844844207D2F5
:1050500030462246FFF74EFF21463046FFF7AAFEB4
:1050600006EBC706738843F001037380A1E7043A97
:105070002DE9F843CC1D114424F0070421F0070664
:10508000A6EB04084FEAD807B7FA87F2C2F1240565
:10509000AD004FF000090735C2F12002ED080460B1
:1050A0004946A760C4F80C90920004F1100007F084
:1050B0001AFAAAB2530043F0010363807B1B9BB230
:1050C00004EBC5015800A4F80090488024F835206E
:1050D000A6F8029024F8083004EBC70329465A8842
:1050E00042F001025A802046BDE8F843FFF762BE55
:1050F0002DE9F04706460D46174698462BB398F81B
:10510000004093F80190DB78A40004EB430498F886
:1051100002301C4444444FF0000ACA4509D3D8F871
:10512000042008F1080339463046AC46BDE8F04794
:10513000604714F8013B48F823402046E9F73EFF5A
:10514000013004440AF1010AE7E76FF01500BDE8F9
:10515000F08730B502460024002012F8013B43B12D
:1051600078B18C4207D1702B04D0A3F140053A2DC1
:1051700007D8002030BDA3F140053A2D01D80134F5
:10518000EAE7252B08BF80F00100E6E70020704722
:1051900000F05DBC0FB407B504A951F8040B0191F0
:1051A00000F055FC03B05DF804EB04B070470FB499
:1051B00007B504A951F8040B0191FFF7E9FF03B00B
:1051C0005DF804EB04B0704710B50369024613F0B4
:1051D000080009D11368D4689C4297BF126AE31A89
:1051E000D31A01200B6010BD00231846FAE713B54F
:1051F00001A90446FFF7E8FF20B1019BE268013BEB
:1052000013440193206A019BC01A013802B010BDFB
:1052100010B5044650182269236AD20702D5013B13
:10522000184010BD984228BFC01AFAE710B50446CE
:105230000A46C168FFF7ECFF2369E06023F008032A
:10524000236110BD38B50D46C2698B00016843F07B
:10525000020342F82130044601682A46FFF7D8FFCE
:10526000E36861682060984202BF236943F0080345
:1052700023612A462046FFF7CBFF606038BD2DE949
:10528000F74FD0F80CB0C669009216F82B2002F048
:105290000302022A08BF56F82B209A4606EB8B031E
:1052A0000F4601934FF00001009B0CBFC2F39D0914
:1052B000894619600446CAF80010B9F1000F07D0FA
:1052C0004946FFF7B3FFE368A3604FF0010804E02D
:1052D00001698A0705D44FF00008404603B0BDE8D5
:1052E000F08F816906EB8B00884716F82B1011F0C0
:1052F00001080546EFD08B071DD51FB13946204662
:10530000FFF7A0FF61682A462046FFF781FFD4E936
:1053100002138B42606007D12A462046FFF778FFD0
:105320004FF000080146A0602369216043F00803A4
:10533000E1602361D1E701462046FFF777FFE1688E
:10534000A1601FB12068E16941F82090EA19CAF80C
:10535000002021682046FFF75BFF2269206042F0B1
:105360000802226116F82B2022F0010206F82B20F9
:10537000DDE900321A60A8E770B504461546FFF76C
:1053800047FF2368834205D12369216023F0080386
:10539000236170BDE269AB0043F0020342F82130A3
:1053A000204661682A46FFF733FF6060F1E738B5B1
:1053B00003695B07044606D5456AFFF718FF854277
:1053C0002CBF6562606238BD38B50D4604461C22AC
:1053D000002107F088F8EB68A361AB6863612B6874
:1053E000E3616B682362002262622A6923B1591E5D
:1053F000194208BF42F001022261012204F1280093
:105400000021BDE8384005F0B7BE2DE9F04F9846C1
:10541000036A87B000258B4204460E4693460395E7
:105420000595AA4638D3EFF31189402383F31288F8
:10543000BFF36F8F059A2AB129462046FFF79CFFDC
:105440000023059304A92046FFF7BEFE0499B1424C
:1054500007462AD32268E36913F8221021F00301DA
:1054600003F8221003EB820A216832462046FFF738
:10547000CFFEE3682060984212D0002789F311889C
:10548000BFF36F8F039929B162690AB12046904733
:1054900000230393002FC6D1504607B0BDE8F08F1C
:1054A000236943F008032361E7E718B12046FFF7BB
:1054B000C9FEE3E75BEA08031CD0019105F099FF00
:1054C0000199B8B9B9F1000F14D189F31188BFF36C
:1054D0006F8F5A46434604F12800FAF793FBEFF327
:1054E0001189402383F31288BFF36F8FB0FA80F7DE
:1054F0007F09C3E705AB03AA20462568FFF7BFFE77
:105500000746BBE770B50446836908460D469847D1
:105510000246EFF31186402383F31288BFF36F8FA7
:105520002B7843F001032B7061682046FFF770FE73
:1055300060602046FFF73BFF86F31188BFF36F8F53
:1055400070BD2DE9F843044600274026EFF311858E
:1055500086F31288BFF36F8F2369A268190702D4FC
:105560006368934200D2236A9B1A002B42D0E06901
:1055700010F8221011F0030300EB82093AD0022B3D
:1055800004D150F822305FEA930805D1CB0720D42C
:10559000A369484698478046A16842462046FFF7DF
:1055A00037FE0127A06041462046FFF73FFE3B46FD
:1055B00085F31188BFF36F8F002BC7D137B1B9F1D5
:1055C000000F03D104F12800FAF7E8FA4846BDE8D5
:1055D000F88341F0020100F822104846A369D4F88C
:1055E00008809847414602462046FFF711FE0023F7
:1055F000A060DDE79946DBE7F8B504468369084615
:105600000D4698470646EFF31187402383F312882F
:10561000BFF36F8F2B7823F001032B7023699B0757
:1056200005D5E268E36903EB82039D421AD12B782A
:1056300023F002032B70D4E90231994204D132469F
:105640002046FFF7E5FDA06031462046FFF7EEFD5E
:1056500087F31188BFF36F8F04F12800BDE8F8408D
:10566000FAF79CBA2B6860F39F032B60F0E7EFF327
:105670001181402383F31288BFF36F8F026983681F
:10568000120702D442689A4200D2026AD31A81F306
:105690001188BFF36F8F181E18BF01207047036871
:1056A00000220BB9184670478B4210D10B6842B9E3
:1056B00042680360914200D1436000230B600120E7
:1056C000704713604368994208BF4260F5E71A4685
:1056D0001B68E6E7038B13F0070306D10368002B72
:1056E00018BF032008BF00207047022B05D1408B54
:1056F000B0FA80F0400980007047012B04D10368A4
:10570000002B18BF0520EDE70020704710B50C46B0
:1057100000B111B96FF0150010BD081D00F0C6F8FA
:105720000028F9D1A368032BF6D9F3E72DE9F0415E
:105730000D4607461946281D90461E4600F0C7F83C
:10574000044638B13346424629463846A446BDE8A9
:10575000F0416047BDE8F08110B4EFF311824024BE
:1057600084F31288BFF36F8F416110BC0121EAF707
:1057700033BF38B50C46054658B151B10B6843B13B
:105780004B6833B11C22002106F0ADFE2C610020D5
:1057900038BD6FF01500FBE7F8B504460E46FFF77D
:1057A000B5FF051E3BDBEFF31182402383F3128824
:1057B000BFF36F8F638B278B4FF6FF718B4207F020
:1057C00007072ED0062F2FD8DFE807F0182E082E57
:1057D000180418006FF08505002303E0013363838C
:1057E0000225012382F31188BFF36F8FBBB1002321
:1057F0003A4631462046FFF799FF10E00023336018
:10580000636823B9C4E9006627B13D46E4E71E603A
:105810006660F9E702212046EAF7DEFE3D462846AB
:10582000F8BD6FF00A05D7E76FF00405D4E710B5AF
:10583000EFF31182402383F31288BFF36F8F048B41
:1058400004F00704022C0AD0012C0CBF6FF00400F6
:105850006FF0850082F31188BFF36F8F08E0438BF0
:10586000013B9BB2438323B92146EAF7B5FE2046AC
:1058700010BD2046EEE738B5A8B1A1B1EFF3118510
:10588000402282F31288BFF36F8F048BFFF707FF6C
:1058900030B104F0070085F31188BFF36F8F38BD76
:1058A0006FF07700F7E76FF01500F8E7034658B19F
:1058B000426802F00302012A03D0032A04D10268DD
:1058C00012B10020986070476FF015007047426871
:1058D000816002F00302032A4FF0000203460CBF6E
:1058E000006810465A60704770B50C880646888874
:1058F000241A3069A4B2844285B224BF641BA4B2C6
:105900002D1BA8B2984228BF184633682344136061
:105910000B8803440B8070BD70B483898588066949
:10592000ED1AADB2731B934228BF134670BC0A46F2
:10593000011DFFF7D9BF70B40E460146C58831F886
:105940000A3FEC1AA3B2934228BF1346324670BCFA
:10595000FFF7CABF10B54B880C88E41AA4B2944272
:105960000ED31A4492B28B884A800A800069D21AF8
:1059700092B2824201D2002010BD03448B80FAE72C
:105980006FF01500F8E72DE9F34106460F4615467E
:105990004FF000082A4601A93046FFF7BDFF044634
:1059A00040B102463946019806F076FD2D1BA04411
:1059B0002744EFD14246311D3046FFF7CBFF40462A
:1059C00002B0BDE8F0812DE9F34107460E461546C9
:1059D0004FF000082A4601A93846FFF7ACFF0446FD
:1059E00048B12EB102460199304606F055FD2644D5
:1059F0002D1BA044EED1424607F10A013846FFF7BD
:105A0000A9FF404602B0BDE8F081704703785B070C
:105A10005FBF03684288C3F34A2303EB12105DBFE4
:105A2000173020F0070080080020704700207047E2
:105A300004F0B3BD0346BFF35B8F53E8000F421C75
:105A400043E800210029F8D1BFF35B8F70471FB5F1
:105A50000023CDE90201CDE900331A461946184664
:105A6000EBF7D0F905B05DF804FB0120EAF77CBF45
:105A7000002070474368DA71436819604368012267
:105A80005A71EAF763BF70B515460C4669B1D2E9A1
:105A900001369B1B99420AD813680A460146981999
:105AA00006F0FAFCAB682344AB60204670BD6FF093
:105AB0001B00FBE770B50E4615461946044618B99B
:105AC000BDE87040EAF750BF33B1C2F34A2310304B
:105AD000120D184406F0E0FCC4E900562046BDE86B
:105AE0007040EBF7EFB82DE9F3415F1C4FEA8708F0
:105AF000064608F1170020F0070080080C461546FE
:105B0000EAF7B4FF0023ADF805308DF807308DF8C3
:105B1000047068B10346019A43F8102FA8F10401FC
:105B20002A46294452F8045B43F8045F8A42F9D1BB
:105B3000A20102F4E07242EA482222F07F4222F4FB
:105B40007002002322F03F02314602B0BDE8F0416E
:105B5000FFF7B0BF07B50123019201AAFFF7C3FF0A
:105B600003B05DF804FB07B5CDE9002302236A46C4
:105B7000FFF7B9FF03B05DF804FB1FB5CDE90123C2
:105B8000069B039301AA0323FFF7ADFF05B05DF861
:105B900004FBF8B506460D4614461F4604B9F8BD89
:105BA000214628463A46B047241A0544F6E710B580
:105BB000426881680446D2E900230068FFF7E9FFE4
:105BC000636800221A6010BD38B54B681A68CB684C
:105BD0009A4205460C4602D10846FFF7E8FF636883
:105BE000BFF35B8F53E8002F511C43E800100028DF
:105BF000F8D1BFF35B8FA3689D54002038BD0A28FD
:105C000038B504460D4602D10D20FFF7DDFF2946C9
:105C10002046FFF7D9FF002038BD2DE9F0430546A7
:105C200089B008460E8891F80090D1F808800C469B
:105C30001746EBF739F9011EC6F38216C9F3C209FC
:105C40001FDB4846EBF750F803462146608851F8C1
:105C5000102B0296C2F34A22002A01EB0204C0F381
:105C60000B1008BF00210022CDE90507CDE9031480
:105C7000CDE9002241462846EBF742F909B0BDE8DC
:105C8000F0830023E1E743681B685B68002019612B
:105C9000704743681B681A685268536070472DE963
:105CA000F04143681B685A68012111751D68D5E9E8
:105CB0000136D3E900482F681CB96B681C60BDE849
:105CC000F081214630464246B847241A0644F3E79D
:105CD00043681B681868EBF749BA70B543681D68DC
:105CE0006B6818690C46EAF71BFE214603460F2233
:105CF0002868BDE870401847F0B587B01F460446D5
:105D00000D46164601F09FFC022302930DF1160387
:105D10000193BDF83030ADF81600009332463B4693
:105D20002946204603F096F807B0F0BD2DE9FF4163
:105D30001F460D4616460446EEF77EFA8046E9F702
:105D40003DF9BDF82830009380B2CDE901803B4693
:105D500032462946204603F07DF804B0BDE8F081C4
:105D6000FEE706F0C0BB06F097BB01460068EBF704
:105D7000BFBB08B5EBF718FCBDE80840EBF7BCBFAC
:105D80000A460121FFF7E6BE00210120EBF7B0BB78
:105D90006FF08500704761B662B680F31188BFF37B
:105DA0006F8F704772B6002383F31188BFF36F8F34
:105DB000BFF34F8F30BF62B6BFF36F8F704772B6BD
:105DC000002383F31188BFF36F8FBFF34F8F20BF82
:105DD00080F31188BFF36F8F62B67047202809D90E
:105DE000B0F1004F08D80138B0FA80F0C0F11F00C0
:105DF00040007047082070473E20704708B5D1E941
:105E000004319847002008BD08B5ECF793F900204D
:105E100008BD7047002303824369C3607047C169AE
:105E20008968ECF7F3B9EFF31182402383F312880A
:105E3000BFF36F8F00230B60436833B9C0E90011D3
:105E400082F31188BFF36F8F704719604160F7E7E5
:105E500010B50346EFF31181402282F31288BFF39D
:105E60006F8F006828B15C6802681A60A04208BFA2
:105E70005A6081F31188BFF36F8F10BD027A01322F
:105E800002727047034618465B68002BFBD17047CF
:105E9000426810B52AB10B461C465B68002BFBD14B
:105EA0006260416010BD10B5044620B90B7A013321
:105EB0000B72084610BD034618465B68002BFBD1E9
:105EC000FFF7E6FF2046F5E710B508B14B684360E1
:105ED0004C68002308464B60ECF716FA204610BDCC
:105EE00092B281600160C2808280704783680B44F7
:105EF0000360704703680B6043684B6083688B6086
:105F000070478388026819448180D018704730B484
:105F100084880568A3188380281930BC06F0BCBAB1
:105F200010B5838802685C1C8480D154D01810BDE1
:105F300030B5838802689D1CD4188580D154090A25
:105F4000617030BD83885B1A9BB2838000681844FF
:105F50007047034600689A88401A11441860998077
:105F600070470268531E036083880133838002F800
:105F7000011C70478288521A0346828000680844D8
:105F800018607047034600689A88521A01449A8044
:105F90001960704710B503681C780121FFF7EAFF0C
:105FA000204610BD10B503681C880221FFF7E2FFF0
:105FB000204610BD4FF0FF324FF0FF330430F9F7A9
:105FC000F9BCF9F769BD90F86C00C0F34110704757
:105FD000F8B504461E460D461746FFF7EBFF94F84A
:105FE0006C309B0715D425B1012D10D06FF015052D
:105FF00008E0216F0029F9D09DF818300F714E711B
:106000008B710025201DFFF7DCFF2846F8BD616F6E
:10601000F0E76FF07705F5E790F86C00C0F38000CB
:10602000704738B50446FAF7D3FA2046FFF7C2FFA7
:10603000A06940B96FF01205201DFFF7C2FFFAF703
:10604000DBFA284638BD94F86C30DB0716D404F030
:10605000E3FE0028EED02046EDF71EF805460028A6
:10606000EAD10146242204F1280006F03CFA94F813
:106070006C3043F0010384F86C30DDE76FF0770596
:10608000DAE770B50446FAF7A3FA2046FFF792FF65
:1060900094F86C30DA0731D5C3F340019B0730D454
:1060A000A06903F079FE0646A06903F0E4FE054608
:1060B000B0B9A36F4BB13146204600F08DF90546CB
:1060C000A8B1A06903F003FF0AE0A06903F07BFE1A
:1060D000A0670028EFD1A06903F0F9FE6FF00B056F
:1060E000201DFFF76EFFFAF787FA284670BD94F877
:1060F0006C3043F0020384F86C30F1E74FF0FF3569
:10610000EEE76FF07705EBE70246034652F8640FBF
:1061100090420BD100207047027A8A42FBD09A6EDF
:106120008242F7D000680028F6D170470028F3D1EA
:10613000704738B504460D46FFF73CFF94F86C30C5
:10614000DB0718D42B690BB9EB68BBB1636E1BB9C5
:1061500004F16403C4E919332B6893B9A26E04F106
:106160006401C5E900121560A5661D46201DFFF7F4
:1061700028FF284638BD4FF0FF35F7E76FF01505CB
:10618000F4E76FF07705F1E710B50446034654F8DD
:106190004C0FA0420DD100200DE0447D8C4204D173
:1061A000032909D1047A944205D01C6D8442F2D0AF
:1061B00000680028F1D110BD0F29F5E72DE9F04165
:1061C00005460C46061D4FF0FF324FF0FF333046B8
:1061D000F9F7F0FB2F6F002F6DD095F86C30DB07CF
:1061E00069D4EB6C1BB905F14C03C5E91333236883
:1061F000002B63D1637D0F2B09D1237A012B0CD0A7
:106200002B6D05F14C02C4E900231C602C65637DF5
:10621000032B0FD04FF0000806E0E1682846FFF797
:1062200088FF80460028EBD03046F9F735FC404621
:10623000BDE8F081EA6C05F14C0090421ED10023CC
:1062400029E091F815C0BCF1030F10D0013323727F
:106250004B68C4E900131C604C60637A022B24D0A5
:10626000032B25D0012BD5D1237ABB73D2E791F82C
:1062700008C00CF1FF3C6345E8D11268002ADED06B
:10628000517D2B6D03290DD19A42137A02D01168EA
:106290000029D6D1013323722B6DC4E900031C60A1
:1062A0002C65DAE79342E8D1C9E7237AFB73B1E7BB
:1062B000237A3B74AEE74FF0FF38B5E76FF077080D
:1062C000B2E70346006800B1187A70478388C28835
:1062D0008168D21A03685B1AD01A70470346C088D7
:1062E00008B11878C009704770B50C46154600F023
:1062F000ECFA40B1406883681B6823B12A46214606
:10630000BDE87040184770BD38B5802104468069EB
:1063100003F07CFD054650B10146204600F07EFCAE
:10632000044610B12846EBF7EFFF204638BD6FF06A
:106330000B04FAE738B50446806FFFF79FFD05466A
:10634000FFF768FD2046294600F068FC044610B1BE
:106350002846EBF7D9FF204638BDF8B504468668D5
:1063600003690D461746BFF35B8FD3F8A030BFF328
:106370005B8F9B070ED5B36A7BB1F36B9847B36A0B
:1063800029463A4620469847336C054620469847AA
:106390002846F8BD4FF0FF35FAE76FF08505F7E7BF
:1063A00070B50446866803690D46BFF35B8FD3F86A
:1063B000A030BFF35B8F9B070BD5F36B9847736AD5
:1063C000294620469847336C05462046984728467C
:1063D00070BD4FF0FF35FAE710B5044619B900203B
:1063E00084F8300010BDFFF7A5FF0028F7D0F9E7CB
:1063F00038B590F83030022B0D4604D100F060F92A
:1064000008B1C46804B938BD2B78032B05D0052B1F
:106410000ED0022B08D02468F4E7606883685B69BB
:10642000002BF8D09847F6E7606883689B69F7E728
:1064300060688368DB69F3E7012270B515460B6875
:106440005BB302F07F04103423FA04F6F60710D58C
:10645000036823FA04F6F60702D46FF0150070BD46
:1064600005FA04F423EA040303600B6823EA040337
:106470000B60D340DE070DD5036823FA02F4E4076E
:10648000EBD505FA02F423EA040303600B6823EA60
:1064900004030B600132102AD1D10020DFE72DE97F
:1064A000F04F8369026F1B6993F88030C3F3411387
:1064B000022B8FB081460ED0032B0ED0012B0CBFC8
:1064C00010230823D371D9F854800026B8F1000FA7
:1064D00005D14046AEE02023F4E74023F2E7D8F8A8
:1064E0000430D8F80C4003930C9604967CB9049BB6
:1064F000039A09339BB293701B0AD3701671D8F8B4
:106500000C40002C40F0B080D8F80080DDE76068D7
:1065100083681B6B00250D95002B00F0A380294696
:106520009847002800F09E80C4E90355A0F1040BB1
:1065300035465BF8043F0BB11A7822B9B5427CD8D6
:106540006FF0150076E05A780B2A08BF9D70DBF8D3
:1065500000305A78042A10D1E2680D990A43E260AB
:10656000DA78002A57D19D7023690122AA4013438B
:1065700001352361EDB200230D93DBF800707B78C9
:10658000052BD6D1D9F8183008936FF012004FF0D0
:10659000010A7A793B7943EA0223ADF82E300C9B4D
:1065A000069397F90230069A002B5FFA8AF1BBBF77
:1065B00041F080014BB24FFA8AF30793B9BF21F043
:1065C0008003103307935346DA40D2072AD40D9A3A
:1065D000059222FA03F3DB0724D4BB79FA780898F2
:1065E00000930DF12E03099103F0ABFA0999C8B994
:1065F000079BB970002BBCBF21F080011031012333
:106600008B4006980599BDF82E20BA8019430343A4
:10661000CDE90C318DE76A1E9A700DA90CA8FFF721
:106620000BFFA8E70AF1010ABAF1100FB1D1002857
:106630003FF47FAF0FB0BDE8F08FE3680D9A1343CE
:10664000E360606883689B6AD3B198470028F1D102
:106650000146606800F000F9049B24680344049339
:106660002E4643E73546ECE7E368A36004F10C01EE
:106670000CA8FFF7E1FE00287FF462AF246840E732
:106680006FF08500D6E74FF0FF324FF0FF33043054
:10669000F9F790B9F9F700BA21B101290DD000231B
:1066A0001B68FFDE5430006848B143685B79934251
:1066B00005D000680028F8D170475C30F3E77047D8
:1066C00010B590F83030022B044609D1FFF77BFC5F
:1066D00094F8382001462046BDE81040FFF7DCBFA3
:1066E000002010BD08B5FFF7D7FF003818BF012004
:1066F00008BD2DE9F04104460E46FFF764FC94F80E
:1067000038308046CBB9002E3BD032464146204639
:10671000FFF7C2FF0746A8B10246204600F0D4F9B1
:10672000054688B984F83860FC6864B3606883689B
:106730001B6A03B198472468F7E72046FFF7C0FFBC
:10674000074620B96FF03C052846BDE8F0810146B8
:10675000204600F08FF910220546002104F13A008E
:1067600005F0C1FE002384F83830FF6817B9002D0A
:10677000C9D0E9E7786883685B6A03B198473F68E6
:10678000F4E784F838600025DEE7F8B504460E46E5
:1067900057681546FFF777FF94F86C30D9074BD44C
:1067A000012E4CD0FB799A0605D5A3691B6993F895
:1067B00080309B0743D5002E41D1E36D53B9626D04
:1067C00062B9236F6A685B7C0133DBB25371226F5D
:1067D00053740EE09D4235D01B68EFE7954225D1FA
:1067E0002A68EBB9A36D62659D4200D1A2650023C2
:1067F0002B60A96841B12046FFF7E0FC064650B97E
:10680000A868FFF75EFDB87100232B60A36D83B904
:10681000C4E915550026201DFFF73CFF3046F8BDA2
:106820001A60A26D954208BFA365E0E7134612689F
:10683000C6E71D60A565EDE76FF00F06EBE76FF0AB
:106840008506E8E76FF01506E5E74FF0FF324FF0F9
:10685000FF330430F9F7AEB808B583681B6B0BB192
:1068600098470346002023B153F8042B0AB112784D
:1068700002B908BD1044F6E710B51C46FFF70CFF3F
:1068800048B10122C06802FA04F320B10269134240
:1068900001D10068F9E710BD10B50C46FFF710FFF5
:1068A00048B10123C06803FA04F120B10369194219
:1068B00001D10068F9E710BDD1F81A0083681B699F
:1068C00003B118476FF08500704770B501F07F0382
:1068D00011F0800F18BF103301259D4090F8303023
:1068E000022B044601D0002070BD90F83860FFF7FD
:1068F0006AFB324601462046FFF7CEFE0028F2D062
:10690000C0680028EFD083681D42EDD10068F8E729
:1069100038B50C46FFF7D4FE80B1C06870B143684B
:10692000DA681AB111790023994201DC0068F5E7B1
:106930001568ED5CA54201D00133F5E738BD2DE9BE
:10694000F04105461E460846002A45D1ECF7BCFB3F
:106950000446002840D02846FFF777FF95F86C30B2
:10696000DA0730D4676804F11408BFF35B8F6369FA
:10697000BFF35B8FDB0729D47B680BB1AB4225D11A
:10698000324600212846FFF787FE10B3002323601C
:106990000369ABB9C0E90344BFF35B8F58E8003F1C
:1069A00043F0010348E80032002AF7D1BFF35B8FC0
:1069B00000247D60281DF9F76FF82046BDE8F081BE
:1069C0001C600461E8E76FF00F04F3E76FF07704F1
:1069D000F0E76FF03C04EDE76FF01204EDE72DE90E
:1069E000F8434C689DF820900D4698460646174699
:1069F000FFF7E9FAA3681B6B01461BB96FF015009E
:106A0000BDE8F883204698470028F7D0041F0C35CE
:106A1000002054F8041F09B10B782BB9002814BFCB
:106A200000206FF03C00EBE74B78042B0BD1F8B95A
:106A30008B784345EDD1CB784B45EAD10B79002BD0
:106A4000DED00120E5E7052BE3D10028E1D0012FBE
:106A500007D0022FF5D18978B0692A4600F0C3F833
:106A600003E0B0692A4600F0A2F80028E9D0C7E7A1
:106A70000020C5E7F8B5CC6806460CB9204622E0F0
:106A800004F10C070125E268AAB165F07F03D9B2D1
:106A900003F07F031033DA40D2070ED4E368EB40F3
:106AA000DB0705D5B0693A46E9B200F09CF850B969
:106AB0000135102DE7D12468DFE7B0693A4600F0D0
:106AC00092F80028EAD0F8BD2DE9F3475768002472
:106AD00097F8058005460E46A1463B79A34203DCA4
:106AE000002002B0BDE8F0875FFA84FA31465346D1
:106AF00042462846FFF7C0FE014650B1CDF800904F
:106B0000534601222846FFF76AFF0028E9D10134E5
:106B1000E3E76FF03C00E4E72DE9F74380460D46DC
:106B20001746FFF7B9FE064628B96FF00104204664
:106B300003B0BDE8F0830F2DF7D808EB0509014637
:106B400099F83A4000972B4600224046FFF747FF4E
:106B50000028EAD100942B46022231464046FFF736
:106B60003EFF04460028E2D100972B460122314621
:106B70004046FFF734FF04460028D8D17068836888
:106B80005B6813B13A462946984789F83A70CEE7D0
:106B900011F0800F18BF21F0800102684FF001034F
:106BA00018BF10318B4022EA03030360704737B5EA
:106BB0008B7900938B880C461546CA78897803F048
:106BC00006F870B994F90230A1782A68002BB8BF92
:106BD00021F080014FF00103B8BF10318B40134307
:106BE0002B6003B030BDF8B506460D46174603F0DE
:106BF00017F8044658B929463846FFF7C9FF294611
:106C00003046F5F7D5F8044608B9F9F727FD2046D0
:106C1000F8BD0A468069802103F0E4B82DE9F0410F
:106C20000B7E0C46590605462ED123B3FFF7F4F927
:106C300070BB2846D5F87080268AEF8DFFF7C3F920
:106C4000F8B1421E534253419B01228A9AB1BE427F
:106C5000E98D324628BF3A4691420CD9B2FBF3F196
:106C600003FB11223AB994F91830002BBEBF637EA2
:106C700043F008036376A8692146BDE8F04103F0BC
:106C800045B898F80730E0E76FF01500BDE8F081EF
:106C90004FF0FF30FAE743689869F5F7B9B870B577
:106CA00091F918304668002B05460C4607DBC4F8FE
:106CB0001A50B0692146BDE8704003F027B830464D
:106CC000FFF7AAF90028F2D04FF0FF3070BD8069BD
:106CD00003F0ADB838B5054680690C4602F0BCFF3C
:106CE00060B914F0800F18BF24F080046A6B4FF075
:106CF000010318BF1034A34013436B6338BD70B554
:106D0000054680690E4602F0D1FF044620B931469F
:106D100005F13400FFF73CFF204670BD0B0648BF6D
:106D200021F08001406B48BF1031C84000F00100E5
:106D3000704782B0C3698DF8001001922BB102AB8D
:106D400013E9060002B0ECF719BA02B0704782B03E
:106D5000C3698DF8001001922BB102AB13E9060054
:106D600002B0ECF70BBA02B07047704703695B687A
:106D7000D868704743680361037A63B1012B0CBF85
:106D8000022303234375437A5A1E032A05D8DFE8FA
:106D900002F0050505050123F4E700230375837A56
:106DA000062B09D0072B09D0052B0CBF002303238A
:106DB0008375837EC37570470123F9E70223F7E7E4
:106DC000036993F8400030B1DA6B938891891069B8
:106DD0005B1A9BB2C01A7047036993F8380070477A
:106DE000036993F8402012B993F8380070470120E6
:106DF00070470369C3E907127047BFF35B8F0068F0
:106E0000BFF35B8F084100F00100704703691B6905
:106E1000BFF35B8F883353E8001F41F0020143E862
:106E20000012002AF7D1BFF35B8F704710B50469D9
:106E3000606BFEF7C8FD10B1012384F8393010BD36
:106E400010B50469606B4289C3889A4202D14FF041
:106E5000FF3010BD0122FEF7B6FD0028F7D004F187
:106E60007800F9F79FF80020F3E738B50469EFF3ED
:106E70001185402383F31288BFF36F8FE06BFEF719
:106E800082FD85F31188BFF36F8F10B1012384F861
:106E9000413038BD38B5034640681B695D68AC6851
:106EA000A37A84F8223094F82D3084F8233069686E
:106EB00041B1237C33B9FFF781F918B96868FFF74E
:106EC00000FA2074002038BD01238B40DB43BFF360
:106ED0005B8F50E8002F1A4040E800210029F8D1CC
:106EE000BFF35B8F7047006902218830FFF7ECBF6A
:106EF000006903218830FFF7E7BF08B50369186907
:106F000000218830FFF7E0FFBDE808400121FFF7CE
:106F1000DBBF0369186901218830FFF7D5BF2DE970
:106F2000F04750F8483C00F140045B6806460021F9
:106F30002046D3F80090FFF760FF002850D00121D1
:106F40002046FFF75AFF0746002849D1BFF35B8F61
:106F500054E8003F43F0200244E800210029F7D123
:106F6000BFF35B8F9B063BD4D9F810305B689B68FE
:106F7000402293F836104846FFF78DFE054650B97B
:106F800020460521FFF7A0FF30462122BDE8F0474B
:106F90000023F9F777B88246428A5AF80C1F56F850
:106FA0000C0CFEF710FD804601465046FEF7A9FF87
:106FB000B8F1000F04D008F03F08B8FA88F77F094D
:106FC00006F82D7C29464846FFF769FE40B1284661
:106FD000EBF79AF920460521BDE8F047FFF774BFAB
:106FE000BDE8F087F8B50D46016947680C69496846
:106FF0002B7E8968064691F83D102AB3994204D148
:10700000042104F18800FFF75FFF33692A7E5B6883
:107010009B6893F836309A4204D1052104F1880028
:10702000FFF752FF33692A7E5B689B6893F826302E
:107030009A4203D104F18C00F8F70AFE294638463B
:10704000BDE8F840FFF743BE994214D12A8AE968A7
:10705000606BFEF798FC28B1E3691BB104F12400D2
:10706000F8F7A0FF04F188000421FFF72DFF04F1D9
:107070007800F8F797FF33692A7E5B689B6893F87E
:1070800036309A4215D1E3691BB104F12400F8F7B8
:1070900089FF052104F18800FFF716FFE36B5A8989
:1070A000DB889A4205D00022002304F14800F8F75B
:1070B000E9FF33692A7E5B689B6893F826309A4221
:1070C000BCD104F18C00F8F769FDB7E738B550F88A
:1070D000783C5B681D6800F11003024600211846E9
:1070E000FFF78BFE002836D001211846FFF785FEFA
:1070F00088BB52F8441C8A8888890969121A92B29E
:107100008A1A3F2A27D9BFF35B8F53E8002F42F03A
:10711000100143E800100028F7D1BFF35B8FD306BE
:1071200019D42B695B689B68402293F83D10284670
:10713000FFF7B1FD044670B1438A402B28BF4023BE
:10714000438201462846FFF7AAFD20B12046BDE84C
:107150003840EBF7D9B838BD38B550F8083C04468C
:10716000002B4FD050F8243C5B6800F164051A688E
:1071700000238382838302212846FFF73EFEB8B1B5
:1071800054E9023110699847637D1BB104F1540042
:10719000F8F708FF05212846FFF72FFE98B9637F0F
:1071A0006BB10022002304F12400F8F76BFF0AE022
:1071B00003212846FFF721FE0028E1D1E4E714F877
:1071C000093C002BEDD102212846FFF716FE38B10D
:1071D00023695A89DB889A4202D02046F8F7E2FEFA
:1071E00003212846FFF709FE60B1A26993889189BF
:1071F00012695B1A9BB29A4204D02046BDE838401F
:10720000F8F7D0BE38BD08B5036903F18802022142
:107210001046FFF7F2FD28B1596B4889C988401A1A
:1072200018BF012083F8380003211046FFF7E5FD61
:1072300040B1DA6B908891891269401A80B2801A45
:1072400018BF012083F84000012008BD0069BFF38A
:107250005B8F00F1880353E8001F41F0080143E809
:107260000012002AF7D1BFF35B8FC26B938891891C
:1072700012695B1A9BB29A4202D02430F8F792BE90
:10728000704738B50469BFF35B8F04F1880555E892
:10729000003F43F0040345E80032002AF7D1BFF372
:1072A0005B8F636B5A89DB889A4203D004F1240018
:1072B000F8F778FE04212846FFF79FFD28B904F16E
:1072C0007800BDE83840F8F76DBE38BD70B5036989
:1072D0001C69BFF35B8F04F1880555E8002F42F06D
:1072E000010245E800210029F7D1BFF35B8F02219D
:1072F0002846FFF782FD10B11846FFF7C2FFE36B87
:10730000DA885B899A420AD103212846FFF775FD86
:1073100068B104F12400BDE87040F8F743BE04F101
:1073200048000022BDE870400023F8F7ABBE70BDF6
:107330007FB514460A888B78ADF8002006460D22EA
:1073400000210DF103008DF8023005F0CCF86A46FB
:107350006946304603F0AAF928B9BDF800209DF827
:1073600002302280A37004B070BD13B50C4601AA90
:107370000331FFF7DDFF48B9032201A9204605F0DC
:10738000C1F8B0FA80F0400902B010BD0020FBE760
:1073900010B50C46017822788A4288B00ED0694632
:1073A000ECF76AF804A92046ECF766F810220DEB1A
:1073B0000201684605F0A6F808B010BD012A06D003
:1073C000022A07D072B940886388C01AF4E740687F
:1073D0006368FAE71022611C013008B0BDE8104074
:1073E00005F090B86FF01500E6E7042A0AD0102ADD
:1073F0000DD0022A4FF0000315D103700B88438093
:1074000001207047012303700B684360F8E70223F3
:1074100000F8013B01F1100351F8042B40F8042B54
:107420009942F9D1ECE718467047012310B50621BF
:10743000044600F8013BF7F7BBFB18B9A37963F0EA
:107440003F03A37110BD0B6803608B8883808B7929
:107450008371037823F00203037070470078C0F350
:107460004000704738B50446807AEAF7A5FE6169A6
:10747000054649B1637ADB0704D4C3691B6820461B
:107480009B6898470023636121462846BDE8384041
:1074900003F064BE2DE9F0410C4601F10C080546ED
:1074A00000F10C01404617461E46FEF723FD6269B7
:1074B000E3682F829B1A13FA87F36B8201236B72A6
:1074C00039464046FEF756FDE3687360628A002342
:1074D000E3607281638234602846BDE8F08138B58C
:1074E000D1E90032DA600B684A895A820C460546B7
:1074F0000868EAF709FF20461022002104F0F3FF94
:107500002846BDE83840FFF7ADBF438A23B9C068BD
:10751000B0FA80F04009704700207047D0F8A030E2
:1075200083B15A7CD1070DD5D2060DD51B7C102B0B
:107530000CBF042303234372807A98428CBF00203F
:10754000012070470223F6E70323F4E70F2806D84B
:107550000D280BD8052814BF0220032070471328DC
:1075600004D01A2814BF0220012070470120704760
:107570007047FEF7EFBA0B6803608B8883808B79C6
:1075800083717047FEF7EFBA10B50346BFF35B8F08
:1075900053E8000F40EA010243E80024002CF7D131
:1075A000BFF35B8F10BD0023E9F7ACBBBFF35B8F6C
:1075B00050E8003F0B4040E80032002AF8D1BFF30A
:1075C0005B8F70477047C0F307231070000E537035
:1075D000D0700023C1F30720090E9370137150710E
:1075E0009371D171704738B504460D46ECF708FA2F
:1075F0005F3005D129462046BDE83840ECF736B962
:1076000038BD0020704710B5028843889A4218D8C8
:10761000052A16D9B3F5486F13D88488B4F5FA7FD4
:107620000FD2C188A1F10A0292B240F6764082429E
:1076300007D804FB0333B3EB810F34BF01200020D4
:1076400010BD0020FCE70020704708B5F4F706FAEB
:1076500018B1408A003818BF012008BDECF730BFD0
:1076600070B506460D464FF0FF304FF0FF31ECF796
:1076700039FC044668B103210C30FEF742FC068059
:10768000857021460022BDE8704040F20640ECF7CC
:1076900031BE6FF0680070BDC368187808B1ECF7B0
:1076A00075BF1846EDF706B838B54FF0FF310546FF
:1076B0004FF0FF30ECF716FC044668B102210C30A5
:1076C000FEF71FFC2B88038021460022BDE83840CE
:1076D00042F21600ECF70EBE6FF0680038BDF8B548
:1076E00007460E464FF0FF304FF0FF311546ECF7DE
:1076F000F9FB044678B106210C30FEF702FC3B880A
:1077000003804680858021460022BDE8F84042F291
:107710002200ECF7EFBD6FF06800F8BD2DE9F047EF
:10772000814688464FF0FF304FF0FF319DF820A092
:1077300017461E46ECF7D6FB0546A0B107210C30D4
:10774000FEF7DFFBB9F80030038080F80280C770D5
:107750000671A0F805A029460022BDE8F04742F2D4
:107760003200ECF7C7BD6FF06800BDE8F08770B578
:1077700006460D464FF0FF304FF0FF31ECF7B2FBFD
:10778000044618B9BDE87040ECF766B803210C3028
:10779000FEF7B7FB06808570214642F22100BDE866
:1077A0007040ECF755BD08B5072204F0ABFEB0FA07
:1077B00080F0400908BDFEF7CDB90B6803608B88E7
:1077C00083808B7983717047BFF35B8F0068BFF351
:1077D0005B8F7047F8B50F46144638BB4FF0FF304B
:1077E0004FF0FF31ECF77EFB054610B327210C303C
:1077F000FEF787FB3946FFF7E0FF06462246C31D2A
:1078000004F1100152F8040B43F8040B8A42F9D139
:107810001022002106F1170004F065FE294600221F
:10782000BDE8F84042F22700ECF764BD6FF01500A8
:10783000F8BD6FF06800FBE7037A5B07024605D5E9
:1078400001462E3211F8010BFFF7C4BF704738B55F
:107850004FF0FF3105464FF0FF30ECF743FB044695
:1078600058B129460C30FEF75BFB21460022BDE8EB
:10787000384042F22D00ECF73DBD6FF0680038BD96
:1078800070B5044686B00E4601300131FFF78BFF1C
:107890002E34162200210546684604F024FE1022EC
:1078A0006946204604F02EFE40B1102206F12E015A
:1078B000204604F027FEB0FA80F04009284300F08B
:1078C000010006B070BD38B54B6805460C4673B96B
:1078D0000B7A13B9037A5B0709D520682A780378F5
:1078E0009A4204D02946FFF7CBFF00B1656038BD4E
:1078F00010B50C4630B919B1F4F772F800B1441C58
:10790000204610BD0024FBE707B580B90621684674
:10791000F7F74EF940B99DF80530684603F03F038C
:107920008DF80530EDF716FA03B05DF804FB6FF043
:107930001500F9E701207047037AD90704D523F031
:1079400001030372EDF7AABB990704D523F00203E4
:107950000372EDF7BDBB704710B50C4631B1002086
:10796000FFF7D2FF08B90123237010BD6FF0150097
:10797000FBE7BFF35B8F0068BFF35B8F70470328A3
:1079800008B501D0EDF75EFDBDE80840EDF772BD2A
:1079900001F12003013813F8012D00F8012F8B426B
:1079A000F9D1704700230B60436813B9C0E9001197
:1079B0007047196041607047D0F8B000003818BFB8
:1079C00001207047084689691160C2691A60C27A4D
:1079D0000021183004F087BDBFF35B8F0068BFF350
:1079E0005B8F7047FEF7BFB82438EEF793BA036891
:1079F00000220BB9184670478B4210D10B6842B970
:107A000042680360914200D1436000230B60012073
:107A1000704713604368994208BF4260F5E71A4611
:107A20001B68E6E7437B072B01D1EEF79FBA70474F
:107A300010B50446006918B1EAF766FC002323611B
:107A400010BD10B5034600F1C4021046FFF7C4FF95
:107A500080B1BFF35B8F411C52E8004F844204D1D8
:107A600042E8001CBCF1000FF6D1BFF35B8FECD1F4
:107A7000184610BD0346FBE710B5437B023B0446A6
:107A8000062B25D8DFE803F00D0424242417220058
:107A900001730021EEF70EFCBDE810400220EDF767
:107AA000DFBD8378012B11D1403003F057FCBDE8D6
:107AB0001040ECF7D7BD0088FFF7D2FD38B9637BE3
:107AC000072B03D108212046EEF7F4FB002010BD60
:107AD0006FF07F00FBE710B50446D0F8A00028B98E
:107AE000207A04F17001F3F7B9FF38B1E278438AE4
:107AF0002AB903F02100003818BF012010BD03F09F
:107B00002400F8E72DE9F843089E102E81460C4624
:107B100090461F462FD84FF0FF304FF0FF31ECF763
:107B2000E1F9054658B31C210C30FEF7EAF903468B
:107B3000B9F8002023F8022B2268C0F802206268FE
:107B40005A60B8F80030438100F10C0432463946DF
:107B5000204604F0A1FC102E05D0C6F11002002131
:107B6000A01904F0C0FC29460022BDE8F84342F207
:107B70001900ECF7BFBB6FF01500BDE8F8836FF09C
:107B80006800FAE710B58378012B04462DD1437BBA
:107B9000072B2DD10A0601F07F0314D5BFF35B8FAD
:107BA000021D52E8000F40F4004042E800010029A5
:107BB000F7D1BFF35B8F2046A37201F005FD08B13A
:107BC000637AA37210BD427A9A4214D2827A9A42A0
:107BD00011D2BFF35B8F021D52E8000F20F400406A
:107BE00042E800010029E4D0F6E76FF01500E9E76C
:107BF0006FF07F00E6E70020E4E78378012B0CBFFD
:107C0000407A0020704773B506460C46FFF726FC05
:107C10006D463146A8B16846FFF715FC294600209D
:107C2000EEF736FF58B12388A0F88C306388A0F8AF
:107C30008E30A388A0F89030E388A0F8923002B08C
:107C400070BDFFF755FE0346006800909A889B7947
:107C50008DF80630ADF80420E0E738B5037A8B42A2
:107C60000446154615D100F170010722284604F09C
:107C700049FC80B1E378072243B904F17E0128462C
:107C800004F040FCB0FA80F0400938BD04F17701FF
:107C9000F5E70020F9E70120F7E7F8B507460D46BC
:107CA0004FF0FF304FF0FF31ECF71CF90646D0B132
:107CB0000E210C30FEF725F90E220446002104F0B7
:107CC00012FC3B8823802B8863806B88A380AB8861
:107CD000E380EB88238131460022BDE8F84042F280
:107CE0001300ECF707BB6FF06800F8BD704710B5E4
:107CF0000446F8F76DFC234653F8402BD2F8B01039
:107D000061B92164D2F8B41061B9C2E92C33F8F733
:107D100073FC2068BDE81040EEF7A8BA8B42F6D09D
:107D20000968EDE70B60C2F8B430F0E703682BB1E7
:107D300041681A6802608B4208BF42607047704712
:107D40002DE9F843446B2CB154F8085905B1083DAE
:107D500000270CB9BDE8F883D4E900682EB3F8F722
:107D600037FCD6F8B03004F14001002263B19942EB
:107D700033D1236C4ABBD6F8B420C6F8B030914258
:107D800001D1C6F8B4302764F8F736FC04F13009A5
:107D9000002200234846F7F7CFFE064600BBD8F87E
:107DA00004300BB1204698472760E3680BB12046AA
:107DB0009847D8F820300BB120469847DDB1AB6822
:107DC00003B1083B2C461D46C3E71360D6F8B43018
:107DD000994208BFC6F8B420D5E71A461B68C5E724
:107DE000B36923B1F16920686FF06D02984730469E
:107DF000EAF78AFACCE72B46E4E738B5406B0D4644
:107E000020B150F8084904B1083C00B938BD4368B6
:107E10009B680BB1294698472CB1A36803B1083B76
:107E200020461C46F1E72346FAE7F8B50F46002145
:107E30000546164600234FF480320846EFF702F954
:107E4000044620B92846EFF7C9F82046F8BD0421BA
:107E50000C30FEF756F8057047704680F5E7406B2A
:107E600030B1838B8B42A0F1080001D08068F7E726
:107E7000704710B54AB989B2FFF7F1FF28B14368DE
:107E80009B6913B1BDE81040184710BD38B50D46C9
:107E90000521FFF7E4FF00231A462946EFF7ECF827
:107EA000044610B12846EAF72FFA204638BD406B49
:107EB00030B183898B42A0F1080001D08068F7E7D8
:107EC000704770470346006828B1596802681A6015
:107ED000884208BF5A6070470346002003B97047C4
:107EE0001A8A5B681044F9E710B5D4682378023128
:107EF00013B92170012010BD8B42FBD0038A023BD5
:107F0000038200201061F6E7FDF724BE2DE9F04161
:107F100004468868FFF7E0FF638D628B934228BFB9
:107F2000134683420D461DD32165D1F808800027F2
:107F30008F60F8F74DFB41462046EFF7EDFA064615
:107F400038B1C5F808802765F8F756FB3046BDE81C
:107F5000F081618D638B994228BF19462846F2F75C
:107F6000DBF9F1E76FF07906F0E708B503680A8AF4
:107F70001868C968F2F79AF8002008BD38B50546B8
:107F800001F10C000C46FEF70DF82D68238AE2681B
:107F90000146286801F006F9002038BD38B50446CE
:107FA0000D46EFF7B9FA30B1294604F15400BDE8A7
:107FB000384003F0C8B838BD70B40668F2695AB3E7
:107FC000144654F8983903B1983B002211467CB905
:107FD000438D408B8B4201D890421FD9824238BFDB
:107FE00002469942306838BF194670BCF2F7B8B8FB
:107FF000844207D0658D648BA94238BF2946A242CE
:1080000038BF224633B1D3F8985005B1983D1C468D
:108010002B46DCE71D46FAE71146D9E770BC7047EE
:1080200073B51446014605464FF49572206800F07A
:108030007FFF207530B92068294601F0FEF820B98D
:1080400008232375002002B070BD237AB3B1A3F1D9
:108050001802534253419B000193638A0093AE6818
:10806000238AE26820682946B047002808DB238A73
:1080700098420CD1002323750120E4E70223EBE7AB
:1080800010F1FF0F03D34042C0B22075DAE70E2093
:10809000FBE7F8B59368166805460F46144663B9C2
:1080A000506801210C30FDF72CFFA0602B681B7875
:1080B000002B14BF022301230370A3681B78012B3C
:1080C00003D0022B1FD000201CE02B681B78002B54
:1080D000F9D1606804210C30FDF713FFE0600780E0
:1080E0002A68E36852885A806168728D738B088AA7
:1080F0009A4294BFC0EB0200C0EB0300042894BF77
:1081000000200120F8BD2B681B78022BDBD16068B2
:1081100012210C30FDF7F5FEE06007802B68E26865
:10812000591C0232113351F8040B42F8040B9942E6
:10813000F9D16168728D738B088A9A4294BFC0EB43
:108140000200C0EB03001228D9E7D068037804319D
:1081500013B90170012070478B42FBD091680B8AE4
:108160000020043B0B82106170471FB5CDE901234D
:10817000002300931A46F0F763FE05B05DF804FB98
:108180000368002203B970478B420FD10B683AB9DC
:1081900042680360914200D1436000230B60704746
:1081A00013604368994208BF4260F6E71A461B68AD
:1081B000E8E7BFF35B8F50E8003F43F0080240E878
:1081C00000210029F7D1BFF35B8FC3F3C0007047D4
:1081D0002DE9F041064690461F460D46B9B10422EE
:1081E0000121EFF769FA044618B9BDE8F041EFF74D
:1081F00039BA04210C30FDF784FE0570A0F8018027
:10820000C77021463046BDE8F041FFF7C7BEBDE864
:10821000F08137B50C46054601F10C00FDF7C2FEB2
:10822000228A0192E2680092034613221221284614
:10823000EFF7BEFA03B030BD37B50C46054601F185
:108240000C00FDF7AFFE228A0192E2680092002244
:10825000034611462846EFF7ABFA03B030BD70B5C0
:1082600004460E46002200230846F7F765FC054643
:1082700058B101462046EFF74FF9044618B1294698
:10828000304602F06BFF204670BD6FF00104FAE744
:1082900007B5CA681388528800920C210D22EFF7A7
:1082A0008DFC03B05DF804FB07B5CB6800221B888A
:1082B00000920A210B22EFF781FC03B05DF804FB6A
:1082C0002DE9F041CB681F88BBB2162B04462AD992
:1082D0000321EFF737FB064638B302210C30FDF7D8
:1082E00010FE4FF04108002580F8008045703146AF
:1082F0002046FFF753FE2368A4F81A8067851B68A1
:10830000BFF35B8F043353E8001F41F4803143E82F
:108310000012002AF7D1BFF35B8F2046FFF74CFE17
:108320002846BDE8F0810420FBE70E20F9E72DE99F
:10833000F04F064685B0104690469946FFF7CCFDB3
:10834000738B728D934228BF134683428B4675D937
:10835000736803934046FDF795FD4FF0000A04460D
:108360004046FFF7B9FDE168228A658A6369778B29
:10837000CB1AAD1AED1A738D9F4294BFC0EB070064
:10838000C0EB0300854228BF054625BB98F80A00CC
:10839000E9F712FF00220023FDF741FD044608B96A
:1083A000574627E001464046FDF77DFD4046FFF772
:1083B00093FDE168228A658A6369778DCB1AAD1ACD
:1083C000ED1A738B9F4294BFC0EB0700C0EB030014
:1083D000854228BF0546CDF80090DBF8047003986D
:1083E0000A44ABB25946B847071E07DABAF1000F84
:1083F00018BF5746384605B0BDE8F08F0E9BABB9A5
:10840000394604F10C00FDF77CFD4046FFF764FDA2
:10841000738D728B934228BF1346B9448342BA448A
:108420001FFA89F9BCD9AF429AD0B9E70F9A0E9BCF
:108430003946204698470028E2D1B1E70027D9E71E
:108440002DE9F3411768D7F804800023144613730D
:10845000014606469522404600F06AFD0546207317
:1084600030B93146404600F0E6FE28B908232373B0
:10847000002002B0BDE8F081A068798D7A8B038A74
:10848000914294BFC3EB0103C3EB0203012BEFDD69
:1084900002210C30FDF735FDCDE900558046A3885B
:1084A000A26831463846FFF742FF031E06DA13F191
:1084B000FF0F26BF5B42DBB20E23D8E7A8F80030DF
:1084C0000120D6E72DE9F3411768D7F8048000238F
:1084D00014461373014606469522404600F028FDD7
:1084E0000546207330B93146404600F0A4FE28B955
:1084F00008232373002002B0BDE8F081CDE90055C8
:108500003146A388A2683846FFF711FF002807DA32
:1085100010F1FF0F26BF4042C0B20E202073E9E7E2
:108520000120E8E7F8B50546071F00F1480350F8B9
:10853000044CBFF35B8F53E8001F21F0040143E8B4
:108540000012002AF7D1BFF35B8FFCB1EB6C83B94B
:10855000636873B1201DFFF7B5FC06460146384637
:10856000FFF7D4FC90B163683360A368666003B919
:10857000A66005F150013846FFF771FE30B104F1F5
:108580000C013846BDE8F840FFF769BEF8BD2DE99B
:10859000F041C469074644B154F8986906B1983E61
:1085A0000022154607F104080CB9BDE8F081236DDF
:1085B0009BB905B98AB94046FFF784FC054658B116
:1085C00001462046FFF7A2FC0028EED07B682B6016
:1085D000BB687D6003B9BD60224636B1D6F89830DD
:1085E00003B1983B34461E46DEE73346FAE738B51A
:1085F0000546BFF35B8F0B68BFF35B8FDB0716D5B8
:1086000050F8040C98B1EB6C8BB90430FFF75AFCAE
:10861000044660B10146281FFFF778FC38B155F8D1
:10862000043C5A6822609A685C6002B99C6038BD5C
:10863000F0F79ABB70B5CE6833889AB2162A044612
:108640000D4606D8002204231146EFF785FF0020CF
:1086500070BD412242834385FFF7AEFC2A8A002386
:1086600031462046F1E708B500230A8AC968EFF7CA
:1086700073FF002008BDFFF7F6BFFFF7F4BFFFF759
:10868000F2BFFFF7F0BFFFF7EEBFFFF7ECBFFFF75A
:10869000EABFFFF7E8BFFFF7E6BFFFF7E4BFFFF76A
:1086A000E2BF70B50D46EFF7EFFD044628B9284646
:1086B000E9F72AFE6FF07F0070BD00F10C06294635
:1086C000304602F040FDE469C4B154F8985905B150
:1086D000983D0022104607E022467DB1D5F898303B
:1086E00003B1983B2C461D46831C01D1002AF4D1CE
:1086F00031462046FFF7B3FD0028EDD10020DBE72F
:1087000038B505460C46F7F763FF2846EFF7BCFD82
:1087100020B9F7F771FF6FF07F0038BD00232360A9
:1087200083683BB9C0E90144FFF731FFF7F764FF05
:108730000020F2E71C608460F6E710B50C46EFF706
:10874000A3FD98B1C3694BB153F8482C9169A1427C
:10875000A3F1980309D0D3F89830F4E7406828B122
:108760008369A34202D00068F9E7104610BD0120DA
:10877000704708B5EFF788FD98B1C3698BB1BFF3B7
:108780005B8F983B03F14C0252E8000F20F0080089
:1087900042E800010029F7D1BFF35B8FD3F898308E
:1087A000ECE708BD08B50421FFF781FB30B1BFF34A
:1087B0005B8F806CBFF35B8FC0F3C00008BD10609F
:1087C0000020704710B5029CA36833B1B1F5807FDB
:1087D00028BF0E21CAB221469847A37DE268013B1B
:1087E000DBB2A37522B11BB92046BDE8104010478B
:1087F00010BD1060918000207047FDF7B4B9F0B54E
:1088000007683D7889B006461446E5B97B88B3F51C
:10881000245F04D011D8A3F52053032B13D8ADF84F
:108820000A1002220DF10A012046F0F72FF870B16C
:108830006FF01503C4F85C3106E003F55643FF33CF
:108840009BB2042B20D90125284609B0F0BD7B88B6
:10885000ADF80A3002220DF10A012046F0F716F8B1
:108860000028E5D1009003AA776813233146B84762
:10887000021E02DAC4F85C21E6E703A92046F0F7FD
:1088800005F80028DFD0D3E7ADF80A1002220DF179
:108890000A012046EFF7FAFF0028C9D17B88ADF81E
:1088A0000A3002220DF10A01E8E708B5072203F0B9
:1088B00029FEB0FA80F0400908BDBFF35B8F006865
:1088C000BFF35B8F704710B50346BFF35B8F53E870
:1088D000000F40EA010243E80024002CF7D1BFF367
:1088E0005B8F10BDFDF736B90B6803608B88838002
:1088F0008B798371704710B50346BFF35B8F53E8E4
:10890000000F00EA010243E80024002CF7D1BFF376
:108910005B8F10BD2DE9F041069D0C4606466FF0B9
:10892000040105F11000FFF7E6FFF4B13046F0F75F
:1089300037F8014648B3836853B11868002205F13F
:10894000140C2BB1634508D12B463046F0F75AF88A
:10895000B4F5807F28BF0E240FE020B107681A46C7
:1089600003463846EDE70746F9E7AB892BB92F6890
:108970002346224629463046B8476B682BB12A4623
:10898000E1B23046BDE8F0411847BDE8F08111F191
:10899000680F01D0FFF7BEBF704770B50D460646A1
:1089A00011F8010BEEF7A0F8044610B12C89EDF791
:1089B00031FCA87A05F10B01EEF796F828B16B8A25
:1089C0009C4238BF1C46EDF725FCAB8AA34207D07A
:1089D000AB69AC8223B121463046BDE870401847F0
:1089E00070BD10B502210C301446FDF78AFA638978
:1089F0000380002010BD10B504210C301446FDF793
:108A000080FA23890380E3894380002010BD10B5DC
:108A100002210C301446FDF774FA238903800020EC
:108A200010BD10B504210C301446FDF76AFA2389F5
:108A3000038063894380002010BD38B500F10C0429
:108A4000042120461546FDF75CFA2B890380EB894B
:108A500043802B7C33B94FF420512046FDF768FA50
:108A6000002038BD42F60101F7E738B500F10C04EB
:108A7000042120461546FDF744FA2B890380EB8933
:108A800043802B7C022B04D0032B09D02B68598800
:108A900001E042F602012046FDF74AFA002038BD07
:108AA00042F60301F7E770B51446002500F10C0605
:108AB0006268EBB29A4205F1010501D8002070BD51
:108AC000A268304632F81310FDF732FAF0E7FFF7EC
:108AD000EABFF7B5089D06462F680C4651B973B931
:108AE000002308932A46E1B23046BC4603B0BDE8F5
:108AF000F0406047B1F5807F28BF0E24F0E7009377
:108B000013462A46B84708942F6823462A4621462A
:108B1000EAE7F0B587B00D460C9C114606461A46AA
:108B20005DB983B9276800232246E9B23046BC46C6
:108B30000C9307B0BDE8F0406047B5F5807F27682B
:108B400028BF0E25EFE703A8FDF7CAF9BDF81030DE
:108B5000012B08D800230093256822461946304689
:108B6000A84707B0F0BD022103A8FDF70BFA0346A2
:108B7000BDF8102033F8027B974228BF17460097B4
:108B80002568224600213046A847394603A8FDF74C
:108B9000F9F9DBE738B5BDF81040A24215460CD80C
:108BA0004CB16BB1A41A8C42A8BF0C46A4B22246A9
:108BB000591903F071FC204638BD6FF00604FAE73E
:108BC0006FF00D04F7E730B585B0C96814461D464F
:108BD000EFF7C2FE00B10089ADF80E00022300934A
:108BE000BDF820200DF10E0329462046FFF7D2FFE5
:108BF00005B030BD1FB50C461946E3681C78104619
:108C0000BDF818203CB110240133069404B0BDE82F
:108C10001040FFF7BFBF5B88ADF80E300223009312
:108C20000DF10E03FFF7B6FF04B010BD30B585B0EF
:108C30001D46002314468DF80C30EFF739FE10B1B5
:108C4000037A8DF80C3001230093BDF8202003AB8C
:108C500029462046FFF79EFF05B030BD38B500F12C
:108C60000C05062128461446FDF74BF9238903809D
:108C7000E3894380237C002B42F6010308BF4FF4B5
:108C80002053838021680B781BB1022B06D0002073
:108C900038BD49882846FDF74BF9F8E71022013125
:108CA0002846FDF734F9F2E738B500F10C04042149
:108CB00020461546FDF725F92B8903806B894380F3
:108CC000E9680B782BB949882046FDF731F9002077
:108CD00038BD102201312046FDF719F9F7E7036886
:108CE00000220BB9184670478B4210D10B6842B96D
:108CF00042680360914200D1436000230B60012071
:108D0000704713604368994208BF4260F5E71A460E
:108D10001B68E6E708B5EFF7FDFD18B10023036017
:108D20004360836008BD70B500F1700605463146AA
:108D3000007AFEF78AFC04463146287A1CB1BDE869
:108D40007040FFF7E7BFEFF7E5FD10B10460446046
:108D5000846070BD022A10B508D1002300F17001B3
:108D60001A46007AEFF7E6FE022010BDFFF7DBFFA0
:108D7000FAE72DE9F04706460D464FF47020002132
:108D80009DF820A0DDF8249090461F46EFF7A8FB41
:108D9000044688B1456080F811A0C0F81490C760FF
:108DA000C0F818804A4651463046EFF767FB054643
:108DB00038B92046EFF7C0FB6FF00B052846BDE839
:108DC000F087002211460123EFF74EFDA5602846EB
:108DD00042464946B847054618B12046EFF7ACFB76
:108DE000ECE721463046FFF78BFC05460028E5D02E
:108DF000F3E738B500F10C05022128461446FDF7CB
:108E000080F863890380A1892846FDF791F8042141
:108E100004F11000FFF757FD002038BD01210C3090
:108E2000FFF751BD38B504461546FFF7A0FC40B129
:108E30002046EFF73DFD20B1037ADB0701D5FFF7B0
:108E4000EDFF35B9207A04F17001EFF763FD00B151
:108E5000856038BD38B5BDF81010BDF81840059DC7
:108E6000A14210460CD84CB16DB1641A9C42A8BF07
:108E70001C46A4B22246294403F00EFB204638BD0E
:108E80006FF00604FAE76FF00D04F7E713B5044638
:108E900010B9002002B010BD00238DF80430006826
:108EA00042F6030301A9ADF80630FEF771FA002877
:108EB000EFD1E36898880028ECD12046EFF790FFC7
:108EC000013080B2E6E770B5CC6888B008461E462F
:108ED000A3798DF80C301546FFF7D8FFADF80D00DB
:108EE000246823786BB96388ADF80F3005230093AD
:108EF000BDF8302003AB31462846FFF74BFE08B0E3
:108F000070BD631C0DF10F02113453F8041B42F8BD
:108F1000041BA342F9D11323E9E71FB5CDE90123CF
:108F2000002300931A46EFF78BFF05B05DF804FBB2
:108F300038B54C8AD3070546C4F30E0404D514F0A3
:108F4000950F2AD04B6843B3900704D514F4957F4E
:108F500025D08B681BB3144014F4DE7F0DD0EB7A60
:108F60002BB92846FEF7B7FDD8B9052038BD14F057
:108F7000300F04D114F4C07F07D10020F6E7284653
:108F8000FEF73BFE0228F5D8EFE7D5F8A030002B1E
:108F9000EBD05B7CDB06E8D5EFE70220E6E70320B9
:108FA000E4E70F20E2E7F8B514460F469422616823
:108FB0000646FFF7BDFF20BB616801223046F0F78F
:108FC0005FF808B3A2891B2102323046EFF756FA48
:108FD0000546E0B1A1890C300231FCF792FF20F880
:108FE000027BA289A16803F057FAD4E9041228464B
:108FF0000123EFF739FC29463046BDE8F840FFF77A
:1090000050BB4FF0FF30F8BD6FF01500FBE76FF07D
:109010000B00F8E770B50B460546144629B9214602
:109020002846F0F705FB28B970BD4FF6FF72914254
:1090300007D121816368224628460021BDE870409F
:109040001847E28901339BB29A422381E7D2F1E7C4
:109050002DE9F04F89B00646129F144611B913F05E
:10906000030807D07B683A460021304609B0BDE8C6
:10907000F04F184703F47F73D518C14642F6010A32
:10908000AC4207D13A464146304609B0BDE8F04F00
:10909000FFF7C0BF3A7C6388ADF80830002A14BFE0
:1090A00052464FF42052ADF80220102200210DEB61
:1090B00002001FFA83F83B68B4F800B001938DF802
:1090C000009003F010FA01AB0693CDF80CD07B684A
:1090D000ADF81CB03A4603A930469847043400283E
:1090E000CED109B0BDE8F08FF0B58FB05389ADF89F
:1090F0000C309389ADF80E300546022304A816897A
:109100008DF81030144602900DF1110301F1100298
:1091100051F8047B43F8047B9142F9D12168C1B92D
:10912000002142F6020310220AA88DF80410ADF8BF
:10913000063003F0D8F901AB099302AB0C93ADF8FC
:1091400034606368224609A92846984728B90FB0B9
:10915000F0BDFEF71DF90028E2D0218922462846FD
:10916000FFF758FFF3E773B504460D46F7F730FAFB
:1091700029462046FFF7E1FA014620B902B0BDE8D2
:109180007040F7F739BA46682046EFF745FBF7F726
:1091900033FA2EB1002300951A460E212046B0471F
:1091A00002B070BDF7B50D46044616461F46EFF7F0
:1091B000F7FB014628B1009733462A462046F0F7D0
:1091C0003FFF03B0F0BD2DE9F04105468846EFF7BB
:1091D0006FFB0446D8B1037ADB0718D500F10C0702
:1091E0003846FFF76AFB10F0010610D1B8F1000F06
:1091F0000ED06FF002013846FFF77DFB10F0020F32
:10920000284608D0FFF7B5FA2046FFF707FE0126EB
:109210003046BDE8F081FFF7AAFA0028F8D02846CA
:10922000FFF7C0FA0028F3D06FF002013846FFF7CD
:1092300062FB2846E6E7012070470120704713B51E
:10924000C068144668B100238DF8043001A94FF4BA
:10925000C053ADF80630FEF79BF810B92368013310
:109260002360012002B010BD07207047FCF772BCDC
:10927000BFF35B8F0068BFF35B8F084100F0010014
:10928000704738B50A46034609B9012038BD488AF7
:1092900010F0240FF9D0197D5D7B147CA94228BF02
:1092A00029468C4201D90020F0E7800607D4517C82
:1092B000C9070BD4187A003818BF0120E6E705214A
:1092C000181DFFF7D5FF0028F1D1ECE7197A002926
:1092D000E9D00521181DFFF7CBFF18B9197A01391C
:1092E0000129E0D9527CD207CFD4E3E701238B4098
:1092F000DB43BFF35B8F50E8002F1A4040E80021AA
:109300000029F8D1BFF35B8F7047FCF72CBC10B578
:109310000621FEF7CCFD044618B9F1F777F8204690
:1093200010BDA0F1EC04FAE74FF47022002300F521
:109330009C70F6F7DBBE07207047072070470720B8
:10934000704730B5012303FA01F1CA43BFF35B8FC5
:1093500050E8003F03EA020440E80045002DF7D141
:10936000BFF35B8F01EA0300003818BF012030BD56
:1093700001238B40BFF35B8F50E8002F1A4340E876
:1093800000210029F8D1BFF35B8F704708B50E218B
:10939000FFF7EEFF002008BD70B5051D0E462846FC
:1093A0000421FFF765FF68B1002200210023084671
:1093B000EDF748FE044640B904212846FFF7D8FFE0
:1093C000204670BD4FF47022EFE701210C30FCF70E
:1093D00098FD0670F4E738B504210446FFF7DCFF7A
:1093E000054698B110210C30FCF78BFD04F12703E2
:1093F00004F1370253F8041B40F8041B9342F9D1DF
:1094000020462946F1F70EF8002038BD0820FCE779
:1094100038B5CD6804460B210430FFF767FF2B46B3
:1094200004F1170205F1100153F8040B42F8040B84
:109430008B42F9D1D4F8EC30DB783BB920460421DB
:10944000FFF796FFBDE83840FFF7C5BF002038BDE5
:1094500070B5031D04460025D0F8EC60BFF35B8FA8
:1094600053E8002F43E800510029F9D1BFF35B8F87
:1094700004F59C7001F072FF2572BFF35B8F54E816
:10948000003F44E80052002AF9D1BFF35B8FF37824
:109490002BB920460B21BDE87040FFF769BF70BDB6
:1094A00070B500F1700605460C4607220968304683
:1094B00003F028F8B8B963681A682A679A88A5F88B
:1094C00074209B7985F87630D5F8A0305BB1A2681E
:1094D000934208D062681168C3F801109188A3F81C
:1094E00005109279DA7170BD2DE9F84FDDF82C8006
:1094F000BDF82890044692461F46FFF708FF054630
:1095000000285CD0061DB9F1000F27D15AEA0703E5
:1095100024D103213046FFF7ABFEF8B101213046DC
:10952000FFF7A6FED0B12C7D6B7B9C4228BF1C466A
:10953000224605F14701404602F0AEFF0F2C06D847
:10954000C4F11002494608EB040002F0CCFF30469B
:109550000121FFF70DFF0120BDE8F88FD4F8A030FE
:1095600083B904F1700B217A5A462020F2F71EFAD3
:10957000C4F8A00030B9217A5A460120F2F716FA51
:10958000C4F8A000B9F1000F0CD15AEA070709D1BD
:10959000D4F8A01031B14B8A9B0603D50C7C1E3148
:1095A0002246C8E70F213046FFF762FE20B10222B3
:1095B00006212046EDF744FA2846FFF749FF002030
:1095C000CAE76FF085007047F7B5C3780446002BF3
:1095D0005ED1FFF79CFE054600285CD0061D0321E6
:1095E0003046FFF745FE20B16FF00F04204603B070
:1095F000F0BD01213046FFF73BFE0028F4D10F21DA
:10960000201DFFF735FE28B1204603B0BDE8F0402D
:10961000F1F7ECBBD4F8A00090B904F17007217AFF
:109620003A462020F2F7C2F9C4F8A00040B9217AE6
:109630003A460420F2F7BAF9C4F8A0000028E3D0B3
:10964000438A13F0240FDFD0A27A022A09D9417C81
:10965000C907D9D5032A04D09B06D5D5037C102B86
:10966000D2D1037C009300F11C0200F11E0300F133
:1096700014012046FEF746FA04460028B6D12846D3
:109680000B21FFF775FE01213046FFF771FEADE7B4
:109690006FF01504AAE76FF07F04A7E770B50446E2
:1096A0000820F0F763FE0546E8B1061D08213046A4
:1096B000FFF71CFE002C3CD00721FFF717FE2346C6
:1096C00005F1970204F1200153F8040B42F8040B52
:1096D0008B42F9D10A213046FFF7CAFD70B109214A
:1096E0003046FFF745FE0720F0F740FE044610B372
:1096F000F0F732FFF8B10821204617E0102130467C
:10970000FFF7B6FD09210028EAD13046FFF7B0FD8A
:109710000028E8D0D5F8EC30DB78002BE3D12846E0
:10972000F1F71AF80028DED008212846F1F75EFD8F
:10973000D9E70B21F9E770BD70B50446A0F1EC063E
:1097400050F84C3BE83CD3F8A05001F007FE032151
:109750002046FFF78DFDA0B108213046F1F7BAFC95
:109760003DB16B8A13B16B7C9B0702D5284600F094
:1097700029F830464FF4B872BDE87040002102F07D
:10978000B2BE01212046FFF773FD0028E4D10F216E
:109790002046FFF76DFD0028DED1E1E770B50446F5
:1097A0000D461646F2F702F938B931462846F2F767
:1097B000BBF810B1438A1C43448270BD438A1943ED
:1097C0004182704710B5037A5B07044601D5EBF779
:1097D0007FFC20464422BDE81040002102F083BEF9
:1097E000531E1944024411F8013900F8013B90421C
:1097F000F9D1704710B5431E00F11002073013F87D
:10980000011F12F8014D1C7083421170F7D110BD79
:10981000F0B597B014460E462022014605A81D4615
:109820001C9FFFF7DDFF202231460DA8FFF7D8FF70
:109830002146102201A88DF85450FFF7D1FF3B4676
:10984000412205A901A8F2F7B1F9044610B938463A
:10985000FFF7D0FF204617B0F0BD2DE9F04397B0D9
:109860000446164605A810221D46DDE91F98219FD3
:10987000FFF7B6FF1022314609A8FFF7B1FF10220B
:1098800029460DA8FFF7ACFF1E99032211A8FFF788
:10989000A7FF4946D9F8010011F8013B8DF8473080
:1098A00012908B88ADF84C30062212A8FFF798FF73
:1098B0004146062211F8013B8DF84E30D8F80130B0
:1098C000CDF84F300DF14F008B88ADF85330FFF7D6
:1098D00087FF2146102201A8FFF782FF3B46412265
:1098E00005A901A8F2F762F9044610B93846FFF756
:1098F00081FF204617B0BDE8F08338B50446807A72
:10990000E8F75AFC6169054649B1637ADB0704D47C
:10991000C3691B6820469B68984700236361214602
:109920002846BDE8384001F019BC30B50906847CF2
:10993000054614D414F0400016D0298AC3F30A0057
:10994000C1F30A01884222D802F00300022809D09C
:1099500003280AD0012811D004F0010004E014F01B
:109960002000E9E7C4F3800030BD14F00200FBD012
:1099700013F4C05F09D0C4F30010F5E714F0080237
:1099800005D013F4C05FEFD0F5E70120ECE700202D
:10999000EAE7BFF35B8FD0F8A000BFF35B8F00F066
:1099A00001007047BFF35B8FD0F8A000BFF35B8F5F
:1099B000C0F34000704701F00F030906026948BF79
:1099C000103352F823007047007DC0F30010704739
:1099D000037D61F304130375704708B502691046EF
:1099E000FFF7D7FF60B9087E00F00F03000648BFFD
:1099F000103342F82310084601F09DFB002008BDFB
:109A00006FF00C00FBE700220023F6F795B801F099
:109A1000AFBB01F098BB407EC0F3C0007047437EEF
:109A200023F00803437670471FB504698DF80410CE
:109A3000CDE90220D4F8983001A9984704B010BDB0
:109A40001FB50469034606208DF804002046CDE9C1
:109A50000213FFF79EFF40B1C1F81E20D4F89820F2
:109A600001A91846904704B010BD4FF0FF30FAE747
:109A700038B505460C462046FFF7C5FF014600B93C
:109A800038BD6FF070022846FFF7DAFFF3E72DE9E3
:109A9000F84306690746D6F80090D6F840800D4690
:109AA0004FF0FF324FF0FF3306F18400F5F782FFED
:109AB0004046FFF7A8FF014618BB4846FFF7A3FF43
:109AC000044620BB99F8143023F0100389F81430B1
:109AD00098F8143023F0100388F8143024BB0122C6
:109AE00086F8B020EDB12B68C6F8A8306B68C6F8D0
:109AF000AC3086F8B12038698430BDE8F843F5F71A
:109B0000CBBF6FF067023846FFF79AFFD0E7637E5E
:109B1000DB07D7D46FF0670221463846FFF790FF86
:109B2000CBE786F8B150E6E72DB10822294604F1CB
:109B30000C00FCF7ECF9002221463846FFF780FFC5
:109B4000D9E72DE9F8430546D0F808908846144631
:109B50001F46FFF730FF0646002835D0D9F83C30C5
:109B60002846984741463B8822463046FFF7DDFEAF
:109B7000804690B18BB92B6993F88030DB0758BFD2
:109B8000402204F0030446BF4FF480624FF400719A
:109B90001146022C0DD0032C11D02846D9F84030A4
:109BA0009847B8F1000F14BF00206FF08500BDE8A2
:109BB000F883338A8B4228BF0B463B80EDE7338A1C
:109BC000934228BF1346F8E76FF01200EFE72DE944
:109BD000F3411F464B06D0F8088004460D46164652
:109BE0001BD0D8F83C3098472069FFF7DBFE88B1DE
:109BF0009DF82030009329463B4632462046F2F736
:109C000069F80546D8F8403020469847284602B003
:109C1000BDE8F0814FF0FF35F4E76FF01505F5E78B
:109C200070B54B06866804460D4612D0F36B984714
:109C30002069FFF7AEFE48B129462046F2F78EF8BC
:109C40000546336C20469847284670BD4FF0FF35D7
:109C5000F7E76FF01505F7E770B586680546F36B13
:109C60000C4698472869FFF79DFEB0B1214628466B
:109C7000FFF7A1FE014698B1037DDB0710D5437EB7
:109C800003F00303012B0ED0F368284698470446DF
:109C90002846336C9847204670BD4FF0FF34F7E7F5
:109CA0006FF01204F4E76FF08504F1E7F8B5876808
:109CB0000646FB6B0C4698473069FFF773FEE0B130
:109CC00021463046FFF777FE0546C8B1037DDB0726
:109CD00016D5437E03F00303012B14D001463B69E4
:109CE00030469847044618B92B7D60F341032B7525
:109CF00030463B6C98472046F8BD4FF0FF34F7E7FD
:109D00006FF01204F4E76FF08504F1E72DE9F041FC
:109D100086680769F36B05460C4698472869FFF784
:109D200041FE98B394F8188028464146FFF743FE59
:109D3000014670B3037DDA072BD518F07F0F20D1D1
:109D400097F8B030EBB1637EDB0717D597F8B130E9
:109D500033B1082207F1A80104F10C00FCF7D7F891
:109D6000002287F8B02021462846FFF769FE044606
:109D70002846336C98472046BDE8F0816FF06702B3
:109D8000F1E77368224628469847F0E74FF0FF3422
:109D9000EEE76FF01204EBE770B5866805460C46F7
:109DA000F36B984721462846FFF705FE48B101F0BE
:109DB000DFF9B0FA80F464092846336C98472046EE
:109DC00070BD0124F8E708B503691B6800215A8BB0
:109DD000F2F71EF828B1437E23F0070343F0010396
:109DE000437608BD08B539B903691B685B8B013A36
:109DF0001A44B2FBF3F25A43F2F70AF828B1437E51
:109E000023F0070343F00203437608BD08B561B9A8
:109E100003691B685A8BF1F7FBFF28B1437E23F0DF
:109E2000070343F00403437608BD0022F3E770B54F
:109E300086680D46F36B044698472846E8F764FAAF
:109E40002046336C9847002070BD70B58668054683
:109E5000F36B98472869FFF7A5FD044620B13368E6
:109E60003BB12846984704462846336C984720461D
:109E700070BD0124F8E7F8B587680669FB6B0446F6
:109E800098472069FFF785FDD8B12069FFF78AFD63
:109E9000D0B9FB6A20469847054668B9BFF35B8F87
:109EA00006F1A00353E8001F41F0020143E800124D
:109EB000002AF7D1BFF35B8F20463B6C98472846BA
:109EC000F8BD4FF0FF35F7E76FF07705F4E7F8B529
:109ED00087680669FB6B044698472069FFF762FDB7
:109EE000B0B13B6B20469847BFF35B8F054606F148
:109EF000A00353E8001F21F0020143E80012002AEA
:109F0000F7D1BFF35B8F20463B6C98472846F8BDDE
:109F10006FF07705F7E72DE9F0410546D0F80880A6
:109F2000066914460F4631B32AB3D8F83C30984737
:109F30002869FFF72EFDD8B9C6E926742846D8F857
:109F400034309847044660B9BFF35B8FA03656E8BB
:109F5000003F43F0010346E80032002AF7D1BFF387
:109F60005B8FD8F84030284698472046BDE8F081FE
:109F70006FF07704F5E76FF01504F6E7F8B587683A
:109F80000669FB6B044698472069FFF70BFDD0B9C3
:109F90002069FFF7FEFCC8B1BB6B20469847BFF3B2
:109FA0005B8F054606F1A00353E8001F21F0010175
:109FB00043E80012002AF7D1BFF35B8F20463B6CC9
:109FC00098472846F8BD6FF00F05F7E76FF0770563
:109FD000F4E74FF08053D3F83021082A05D1D3F8A5
:109FE0003401003818BF0120704700207047C34378
:109FF000C3F3C01300F00F0000EB03107047FBF732
:10A00000A9BD01238B40BFF35B8F50E8002F1A439B
:10A0100040E800210029F8D1BFF35B8F7047006949
:10A020008430F5F739BD006984304FF0FF324FF0CE
:10A03000FF33F5F7BFBC10B5807A0C46E8F7BCF8E3
:10A04000C36921465868BDE8104000F042BFF7B52B
:10A050000D46807A17461E46E8F7AEF82C68C369AD
:10A06000033424F0030258682A600421CDE9007605
:10A07000F5F786FB00B9286003B0F0BD0369C9B2EB
:10A080000C2202FB0133186C00F00700704770B51A
:10A090000346C9B20069EFF31186402484F31288A5
:10A0A000BFF36F8F0C2505FB0104246C14F0C00472
:10A0B00001D0A24211D105FB01000122026400205F
:10A0C00086F31188BFF36F8F30B95B680C2202FBF7
:10A0D00001335B689847002070BD4FF0FF30EFE719
:10A0E0008022FFF7D4BFF8B5069F04690546C9B2C0
:10A0F000EFF3118C402080F31288BFF36F8F0C2692
:10A1000006FB0146306C00F0070EBEF1010F10D1C6
:10A11000376400268CF31188BFF36F8F3EB90C2093
:10A1200041430C44C4E90E236B685B5898473046A2
:10A13000F8BD00F0C00087420CBF6FF077064FF00B
:10A14000FF36E7E713B580240094FFF7CCFF02B099
:10A1500010BD10B40069CBB21C2404FB0300002125
:10A1600010BC10471046F5F719BD00F0EEBAF4F731
:10A1700011BE4FF4AF607047002208B5114610467B
:10A18000F8F7C2FD002818BF6FF0150008BDF7B53D
:10A190004FF480630F4616460024A64203D816D01B
:10A1A000162003B0F0BD351BB5F5806F28BF1D46E6
:10A1B0002A4601AB39190020F8F738FE20B9019B77
:10A1C000AB4201D11C44E8E76FF01500E9E700203D
:10A1D000E7E743685B68D3F810350B6000207047F1
:10A1E00043685B6802EA010021EA0201C3F808053E
:10A1F000C3F80C150020704743685B680020C3F863
:10A200000815704743685B680020C3F80C15704759
:10A2100043685B68D3F8042521EA02001140C3F8C3
:10A220000805C3F80C150020704730B5036958685D
:10A2300000B30024884219D108688CB99C68586022
:10A24000A14200D19860002008602AB15A680A60D3
:10A250009A68596002B9996000200FE02846E9E742
:10A2600020609868814208BF9C60ECE7056804465E
:10A27000002DF3D1002AE9D16FF0150030BDF4F7BD
:10A280004FBF13B54FF080520829136E526E28BF8E
:10A29000082112BA00921BBA0C460A46694601937D
:10A2A00002F0FAF8204602B010BD30B543681360E2
:10A2B000057A446804EBC504A34202D36FF00100A1
:10A2C00030BD5C798C4203F10803F0D10020F7E740
:10A2D00043681B68D3F88004C3F880047047426861
:10A2E0001368D3F8100150B1D269002012780A70B7
:10A2F000C3F81001D3F8102101221A6070474FF003
:10A30000FF307047002A0FDD42681368D3F8100150
:10A3100058B10020C3F81001D269D3F810011278A7
:10A320000A700120186070470020704710B543681C
:10A330001C680369EFF31180402282F31288BFF397
:10A340006F8F1A68D17B39B991731B680122DA7358
:10A350004FF48003C4F8043380F31188BFF36F8F88
:10A3600010BD03691A68D17B21B1012191731B686B
:10A370000022DA737047026911680346C87B40B156
:10A380005B681B68D3F8580118B100230B61136890
:10A390009889704743681B68D3F81001003818BFCC
:10A3A0000120704743681B68D3F80423D2065CBFC2
:10A3B0001022C3F80423704743681B68D3F80423B2
:10A3C000D20644BF1022C3F80823704743681B68B5
:10A3D0004FF40072C3F80423704743681B684FF4BE
:10A3E0000072C3F80823704738B543681D68D5F874
:10A3F00004335B02044605D4D5F8040310F01000C2
:10A4000006D138BDFFF7B7FF0028F5D00120F8E7E7
:10A410002046BDE83840FFF7BDBF01207047036903
:10A42000186801601B685A60704702680346D2F8DA
:10A43000580140B95B68DB0706D4D2F82001003828
:10A4400018BF012070470120704710B443680269AB
:10A450001B68D3F80413C90517D5D3F82011A1B18F
:10A46000EFF31181402484F31288BFF36F8FD3F888
:10A47000204134B10024C3F82041D3F82041012405
:10A48000DC6081F31188BFF36F8F1168D3F85841F6
:10A4900071B17CB100240C611168C97B19B94FF40A
:10A4A0008001C3F8081311688C7B1CB100238B73E7
:10A4B00010BC7047D3F8241121B10021C3F8241136
:10A4C000D3F8243112681368002BF1D0516810BC06
:10A4D000184713B501AA0446FFF7E7FE002805DB7D
:10A4E000019B226819791868F3F7E6FA02B010BDEB
:10A4F0002DE9F041066933689C89BFF35B8F944274
:10A500000546A8BF14461033012753E8002F002A40
:10A5100003D143E800700028F7D1BFF35B8F0CBF75
:10A520003B4600232BD133682246986801F0B4FFE4
:10A53000EFF31188402383F31288BFF36F8F6968AC
:10A540000846FFF772FF326840B91061044688F38D
:10A550001188BFF36F8F2046BDE8F0810B689268C9
:10A56000C3F844250022C3F84845C3F82021D3F896
:10A570002011C3F85821D3F858219F60E7E71C4603
:10A58000E9E700F150039B009BB203F1804303F520
:10A59000883300221A601B68704708B5F3F794FCF3
:10A5A00008BD10B54FF0FF304FF0FF31F3F728FE34
:10A5B000044628B9D7F702FE044618B1F3F728FE7F
:10A5C000204610BDF3F724FE2046E8F7BBFFF7E76F
:10A5D00038B50B8A0D463BB101F10C00FBF7DAFCF4
:10A5E000012818D0022803D06FF01504204638BD8A
:10A5F0004FF0FF304FF0FF31F3F702FE0446002822
:10A60000F4D1E868E1F7B1FC0446F3F701FEACB120
:10A61000F3F704FEEAE74FF0FF304FF0FF31F3F7B6
:10A62000EFFD04460028E1D1E868F3F7D9FF0446BE
:10A63000F3F7EEFD002CD9D1F3F7F0FD2846E7F74C
:10A6400063FE0024D2E7F3F73DBF10B53222044683
:10A65000002101F048FF202323708023A3706FF0B6
:10A660003F0363710423A3722823A3730223E373BC
:10A670000423A375172363763C23A3766FF013039B
:10A68000E37609232377302384F82030402384F8AD
:10A690002130792384F822307E2384F823308023EC
:10A6A00084F82630042384F8273010BD08B503232E
:10A6B000E1F750F8002008BD08B5F4F78FFA002044
:10A6C00008BD08B5F7F7ECFA48B1002383F3118809
:10A6D000BFF36F8F0423184602DF6FF0040008BD3C
:10A6E00008B54FF0FF314FF0FF30F3F789FDE4F785
:10A6F0003DFCBDE80840F3F78BBD684620F007013C
:10A700008D4601B5E0F754F8BDE801408546704735
:10A71000684620F007018D4601B5E0F73DF8BDE839
:10A72000014085467047684620F007018D4601B517
:10A73000E0F7D0FDBDE801408546704708B5E4F775
:10A740003DFB002008BDF8F73DBA7047012802D153
:10A750000020DEF705BF70477047DEF7FFBC4FF003
:10A760008053D3F83021082A03BFD3F83401B0FA5C
:10A7700080F040090020704703460020184700F091
:10A780002FBB10B502461168B1B1BFF35B8FB1FAB0
:10A7900081F3C3F11F000123834021EA030352E840
:10A7A000004F8C4204D142E8003CBCF1000FF6D1CE
:10A7B000BFF35B8FE7D110BD6FF00B00FBE710B567
:10A7C0000368CB40DB0714D401238B400268BFF33E
:10A7D0005B8F43EA020150E8004F944204D140E805
:10A7E000001CBCF1000FF6D1BFF35B8FEED100204F
:10A7F00010BD6FF01500FBE770B50C460021054653
:10A8000008461646F4F7DEFB48B93378DB0003F15F
:10A81000804303F5F833C3F81055C3F8144570BDF1
:10A82000F7B5019001A8DDE9084716461D46F4F783
:10A83000DFFB019BB6F1000C18BF4FF0010C00EBE1
:10A8400083000B1E18BF0123002D43EA4C030CBFED
:10A850004FF0000C4FF00C0C002C43EA0C030CBF23
:10A860004FF0000C4FF4E06C002F43EA0C03D0F8DB
:10A8700000270CBF4FF0000C4FF4403C43EA0C03A0
:10A8800022EA030301B109780EB136787600194344
:10A890000DB12D78AD0031430CB124782402294349
:10A8A0000FB13F783F040C433C43C0F8004703B06E
:10A8B000F0BD1FB50DF10F03019300238DF80F10AC
:10A8C00000931A461946FFF7ABFF05B05DF804FB8D
:10A8D00010B504460846F4F79BFB04EB4004207DCA
:10A8E000C0F3401010BD10B504460846F4F790FBC5
:10A8F00004EB4004207DC0F3400010BD10B50446B9
:10A900000846F4F785FB04EB4004A08A400B10BD19
:10A9100070B5044608461646F4F77AFB08300D4633
:10A9200034F81030DA0509D5C3F3432304EBC3022E
:10A93000314654F83330526828469847A3682BB103
:10A94000E26831462846BDE87040184770BD10B532
:10A9500004460846F4F75CFB04EB4000838ADA0502
:10A960001DD5C3F3432123F4F853838204F112026B
:10A9700004F1720032F8023F13F4807F03D0C3F376
:10A98000432399420BD08242F4D104EBC10300224D
:10A990005A6004F17800BDE81040FFF710BF10BD09
:10A9A000F0B5034600F58074002005460127844673
:10A9B00095420AD1D3F87C2132B10022C3F87C2120
:10A9C000D3F87C3140F00040F0BD25F0404607FA56
:10A9D00006F6314209D0D4F800E0BEF1000F04D0F1
:10A9E000C4F800C0D4F800E0304301350434DFE798
:10A9F00038B504460D46FFF76BFFA8B12046FFF7B8
:10AA000072FF88B92046FFF779FF2268012383404F
:10AA1000C2F80833236803EB8000D0F8103523F028
:10AA20000303C0F8103538BD28460021BDE8384082
:10AA3000FFF73FBF2DE9F043174685B004460846AF
:10AA4000F4F7E6FAD7F800800E460546B8F1000F95
:10AA50001ED02046FFF747FF18B12046FFF738FF0A
:10AA600020BB0023CDE900338DF80E308DF80F3078
:10AA70000DF10F0243460DF10E013046FFF7D0FEF7
:10AA800004EB4502938A23F0020343F0010393820F
:10AA90007B689BB33146204693F80080D3F804903E
:10AAA000FFF721FF28B1B9F1000F1FD06FF015009B
:10AAB00027E004EB4500838A23F4604323F020035E
:10AAC0008382B9F1000F11D0B8F1030FEED87B6883
:10AAD00021685B6893F800C04FEA8C031944B8F111
:10AAE000000F11D1C1F81085C1F8108504EB4502A3
:10AAF000938A23F01C0343EA88039382BB6843BB19
:10AB0000002005B0BDE8F083D1F8102522F0030243
:10AB1000C1F8102522681344D3F8102522F44F32CF
:10AB200022F44072C3F810253202D3F8101502F453
:10AB30007C5242EA08420A43C3F8102504EB4C0356
:10AB4000A3F87C60838A43EA4C3343F0200383827A
:10AB5000CCE7D3E9007831462046FFF7F8FE002F16
:10AB6000CED063689F4206D004F17800FFF709FE5B
:10AB7000002804DAC5E7A3689845F5D1002004EB66
:10AB8000C003C3E9017804EB4505C0B2AB8A43EAD0
:10AB9000402343F48073AB82B2E72DE9F0430546CE
:10ABA00085B0084616461F46F4F732FA0C46804632
:10ABB00026B32846FFF797FE18B92846FFF788FE08
:10ABC00018BB05EB4809B9F8143003F01C0313B1A6
:10ABD0007378012B19D001238DF80F300023CDE9B4
:10ABE0000063721CB31C0DF10F012046FFF718FE25
:10ABF000B9F8143043F00303A9F81430002F3FD004
:10AC000021462846FFF76FFE20B96FF0150005B00A
:10AC1000BDE8F0833E782B6803EB86030022C3F87F
:10AC20001025C3F8102505EB48024FEA860C938ADD
:10AC300023F4604323F020039382787800B32968DB
:10AC4000BF7861440004D1F8103523F4991323F43C
:10AC5000F853C1F81035230200F4403003F47C535C
:10AC600003433805D1F8105500F4801003432B43FB
:10AC7000C1F81035938A43EA463343F020039382A8
:10AC80000020C4E7C0E90312704770B504461546BA
:10AC9000FFF71EFE48B10846F4F7BAF904EB40048A
:10ACA0000020A38A5B0B2B7070BD6FF01500FBE7D3
:10ACB00038B590F88C4005469CB960222146143086
:10ACC00001F011FC2868C0F87C41D0F87C3140F3D9
:10ACD0000730E6F74FFF012385F88C30AB6720463D
:10ACE00038BD6FF07700FBE790F88C00003818BF94
:10ACF00001207047F4F7C6B92DE9F3410446174621
:10AD0000FFF7E6FD0D462668F0B12046FFF7EBFDA4
:10AD10008046C8B92046FFF7F1FD820002F5807336
:10AD200046F80380F35823681344D3F8102542F003
:10AD30000102C3F8102527B1226801238340C2F81D
:10AD4000043302B0BDE8F081D6F80433002BA4BF71
:10AD50004FF00043C6F804332846F4F759F904EBE2
:10AD60004004A38AC3F38203042B12D0052B12D014
:10AD700001A80195F4F73CF9019BD0F81015D940D2
:10AD800001F001010231284602B0BDE8F041FFF7B1
:10AD900090BD0321F7E70221F5E7FFF729BE00F197
:10ADA00080431A68002A1FBF00221A601B68012016
:10ADB00008BF002070474FF080434FF46072C3F823
:10ADC000042370474FF080434FF46072C3F80823A8
:10ADD000704708B5F4F7D2FABDE80840FFF7BDBCEC
:10ADE00008B1E7F7CBBA704710B5436904463BB9E1
:10ADF0000020E268537843F001035370404210BDD5
:10AE000098470028F4D00028B8BF4042E368FF28E4
:10AE1000A8BFFF201870ECE740B1C368587810F065
:10AE200001001EBF1878B0FA80F040097047EFF3B8
:10AE30001183402383F31288BFF36F8FFEE72DE960
:10AE4000F04F89B0DDE91268059243460546324667
:10AE500006A80F4600F076FCDDE90634CDE90234A1
:10AE6000EFF311844FF0400989F31288BFF36F8F1D
:10AE700005F10C0A05F1140B059A149B3946284676
:10AE8000984730B184F31188BFF36F8F09B0BDE8E4
:10AE9000F08F56EA0806F5D0DDE9022306A800F097
:10AEA00076FCDDE906685246CDE900682146584641
:10AEB000F5F7ECFAEFF3118489F31288BFF36F8F83
:10AEC000DAE710B400F10C04C0E9034410BCFAF74F
:10AED000CEB838B50446EFF31185402383F31288CA
:10AEE000BFF36F8FE4F73CFF04F10C0000F039FB77
:10AEF00030B1294604F11400BDE8384000F016BB1B
:10AF000085F31188BFF36F8F38BD10B542696AB100
:10AF1000836842EA0301890708D10169A2FB011491
:10AF200024B95B182CBF0121002102D36FF015005A
:10AF300005E0C1609B1A02698A4201D8002010BD59
:10AF4000C2681A604269C36001319B1AF3E710B509
:10AF5000C0E904320023816083610446FFF7D5FF16
:10AF600008B9C4E9004410BD2DE9F04105460F467B
:10AF7000EFF31188402383F31288BFF36F8FC66805
:10AF8000FEB90468A0421CD0DCB1D4E900321360E1
:10AF90005A60237CA66023F002032374C4E9006690
:10AFA00004F1180000F093FB2046C4F8806067614C
:10AFB00000F062FA414605F10800BDE8F04100F0FA
:10AFC000B5BA3E60AB69EF60013BAB6188F31188B5
:10AFD000BFF36F8FBDE8F08108B54024EFF3118314
:10AFE00084F31288BFF36F8FFAF7DCFEF6E7D0E93F
:10AFF000003213605A60027C002322F00202C0E992
:10B00000003302748360704713B501240094F4F791
:10B0100007FC02B010BD90F90E308B4201D0F5F75D
:10B0200057BA0020704703460020C3E90200C3E975
:10B0300000337047D0E9003213605A60027C00236D
:10B0400022F00202C0E900330274836070472DE9E8
:10B05000F843904604469DF820200D46EFF31187F3
:10B06000402181F31288BFF36F8F02B14568A66853
:10B0700004F10809B14516D0AEB13046FFF7DAFF4A
:10B08000002406F1180000F022FB3046C6F880408C
:10B09000C6F8148000F0F0F94846394600F046FA48
:10B0A0002046BDE8F883A3B10820F5F7F7FE002895
:10B0B00032D00122C0F804800260016801F003016F
:10B0C0005DB922680A430260626820606AB9606004
:10B0D0000BE0C8F800304046EFE72A68032A10D892
:10B0E0000160616839B9C4E90000002087F3118864
:10B0F000BFF36F8FD5E70A6802F0030202430A60CC
:10B10000E5E722F003020A4302602A6802F0030224
:10B1100040EA02032B60E8E76FF00B00E6E710B5AA
:10B12000044630B10268930703D0446809B100F0C7
:10B13000C7FB204610BD0023C0E9003300F108031F
:10B14000C0E90233704707B50123009300230A4684
:10B150001946FFF77CFF03B05DF804FB07B5002339
:10B160000A4600931946FFF772FF03B05DF804FB2F
:10B1700000680021FFF7D3BF3AB18A4205D3C0E986
:10B180000212C0E90000002070476FF01500704700
:10B19000026801238B4022EA0303036022FA01F0D4
:10B1A00000F001007047704710B5032104460C30D1
:10B1B000FFF7EEFF30B104F1100000F088FAB0FAAA
:10B1C00080F0400910BD20B100221146943000F0FB
:10B1D00010BA704770B5C368C3F340069B070446B6
:10B1E00016D4856802210C30FFF7D2FF80B1D5F864
:10B1F0008C206AB194421DD122689EB9D5F8903056
:10B20000C5F88C209C4201D1C5F890200023236012
:10B21000E36813F01F001EBF43F00203E36040F039
:10B22000020070BD3260D5F89020944208BFC5F886
:10B230009060EBE716461268DBE773B50446EFF360
:10B240001185402383F31288BFF36F8F002301938E
:10B25000D0E90423B3F1004F08BF012A05D085F3DC
:10B260001188BFF36F8F02B070BDA0F110060321EB
:10B270000438FFF78DFF0028F1D0A369019301A9DD
:10B280003046F4F701FEEAE738B504460D461022D1
:10B29000002101F028F9656038BDEFF311834022E9
:10B2A00082F31288BFF36F8FC06800F01F0083F332
:10B2B0001188BFF36F8F704713B501900846EFF305
:10B2C0001184402383F31288BFF36F8F01A9F4F731
:10B2D000DBFD84F31188BFF36F8F02B010BD10B592
:10B2E000FFF7EAFF041E08DDEFF31180402383F32C
:10B2F0001288BFF36F8FF5F757F9204610BD70B570
:10B300000D46EFF31186402383F31288BFF36F8F4E
:10B31000F4F70CFE044686F31188BFF36F8F38B143
:10B320004FF0FF324FF0FF3305F11000F4F76AFCE5
:10B33000204670BD08B5A822002101F0D4F808BD50
:10B3400038B5302204460D46002101F0CCF84FF408
:10B3500080736560E36038BDFFF79FBF38B5044672
:10B36000EFF31185402383F31288BFF36F8FFFF74C
:10B370001BFF2046FFF72EFF85F31188BFF36F8F69
:10B3800038BDF8B504460D46EFF31187402383F32B
:10B390001288BFF36F8FC36803F01F03002B14BF25
:10B3A0000126002609D0FFF7FFFE2046FFF712FF17
:10B3B00029462046F4F74AFD034687F31188BFF378
:10B3C0006F8F3BB14FF0FF324FF0FF3305F10800B4
:10B3D000F4F718FC3046F8BDD0E9003213605A602B
:10B3E000027C002322F00202C0E900330274836071
:10B3F0007047EFF30580003818BF012070476FF0E9
:10B400005700704700207047D0E9003213605A603F
:10B410000023C0E90033704708B5FFF7F5FF037C50
:10B4200023F0020303740023836008BD38B504468B
:10B430000D46F4F7A9FF237C43F002032374D5B132
:10B44000A5602B689D4209D16B68C4E900531C605C
:10B450006C6010E06A689A42F6D01B68002BF3D04B
:10B4600093F90E1094F90E209142F3DD5A68C4E965
:10B47000003214605C6038BD10B5EFF311844023D6
:10B4800083F31288BFF36F8FF4F73EFF84F31188C4
:10B49000BFF36F8F10BD08B5EFF31181402282F327
:10B4A0001288BFF36F8F83680BB1FFF7B5FF81F38D
:10B4B0001188BFF36F8F08BD08B5037C13F0280F08
:10B4C00001460CD183680BB1FFF7A6FF0B7C23F07C
:10B4D00004030B740846BDE80840F4F715BF08BD27
:10B4E00010B5EFF31184402383F31288BFF36F8FFD
:10B4F0001838FFF7E1FF84F31188BFF36F8F10BD99
:10B5000008B50346EFF31181402282F31288BFF39E
:10B510006F8F0068834207D008B1FFF77DFF81F38A
:10B520001188BFF36F8F08BD0020F8E70846F4F7D5
:10B5300063BF38B504680546AC424FF0000000D147
:10B5400038BD002CFCD02046FFF766FF04F1180040
:10B5500000F0BDF82046F4F7D7FE2C680120A54284
:10B56000EDE710B5EFF31184402383F31288BFF3A6
:10B570006F8FFFF7DEFF84F31188BFF36F8F10BD6D
:10B5800038B50C460546F5F7ABF8B4F1FF3F08BFF8
:10B59000B5F1FF3F1FBF47F6FF7300224FF47A71EA
:10B5A000E0FB01321ABFD80B40EA42404FF0FF30B7
:10B5B00038BD38B50446EFF31185402383F3128874
:10B5C000BFF36F8F037C5B070ED5183000F07FF858
:10B5D000237C23F0040320462374F4F795FE2846C9
:10B5E000BDE83840F4F708BF85F31188BFF36F8FCB
:10B5F00038BD38B5EFF31185402383F31288BFF3CC
:10B600006F8F0468A04213D0A4B1C4F880106261A7
:10B610002046FFF701FF04F1180000F058F820461B
:10B62000F4F772FE012085F31188BFF36F8F38BDE8
:10B630000020F8E72046F6E72DE9F04706460F46DA
:10B6400091469A46EFF31188402383F31288BFF3A3
:10B650006F8F0068864206D028B17368984214BF85
:10B660000568002568B90024B9F1000F02D05146E1
:10B670002046C84788F31188BFF36F8F2046BDE886
:10B68000F0875146B84704460028EDD135B17368BC
:10B69000AB4200D02C6828462546E3E72C46FAE763
:10B6A00008B50246F5F78EF970B1D0E904319B1A5E
:10B6B00061EBE272B3F1004F72F1000104DA002A8B
:10B6C000ACBF1846002008BD6FF00040FBE738B55E
:10B6D0000246EFF31185402383F31288BFF36F8F87
:10B6E0000368D3B1F5F76EF904461046F5F77CF917
:10B6F00000224FF000438442C0E9042305D000201B
:10B7000085F31188BFF36F8F38BDF5F763F9FFF745
:10B71000C7FF0021F2F73CFDF1E7D0E90413B3F1D4
:10B72000004F08BF012904D100204FF00041C2E9B9
:10B7300004016FF01500E3E708B5F5F75DFA08BD01
:10B74000F5F75ABAB3F1FF3F08BFB2F1FF3F70B54A
:10B7500006461D46144614D01A4316D0002B08DBAB
:10B76000F5F74AFA041941EB0501C6E900413046F4
:10B7700070BD6FF001031C1B4FF0FF3363EB05013D
:10B78000F3E74FF0FF342146EFE70024FBE7B3F186
:10B79000FF3F08BFB2F1FF3FF8B5074616461C460B
:10B7A00010D054EA020311D0F5F726FAB0420A4647
:10B7B000A14103460AD2F31A64EB0204C7E900343C
:10B7C0003846F8BD4FF0FF331C46F7E70023FBE790
:10B7D0000023C0E9081200F11802C0E90622C0E9FE
:10B7E00000330363436370472DE9F3470446DDE903
:10B7F0000A9815460E4659B302F0010AF4F7ACFF59
:10B800000746EFF31181402383F31288BFF36F8F54
:10B81000A80744BF0023A360A36803EA0600BAF1A7
:10B82000000F0CD086420CD16A0744BF8343A3604B
:10B8300081F31188BFF36F8F02B0BDE8F087002855
:10B84000F2D159EA080305D181F31188BFF36F8F54
:10B850000020F1E7C7E918652246CDE9009804F118
:10B860000C00F4F713FE0028F2D1386EE4E710B5AF
:10B870000446D0E918020B6812F0010F03EA000336
:10B8800001D0984210D17BB12366520742BF4A686B
:10B890001A434A6004F11800FFF719FF0023C4F8A7
:10B8A00080302046FFF708FE002010BD0A46F5F75D
:10B8B000A9BA0A460021F5F7A5BA5200FFF794BFCE
:10B8C00020B1011F50F8040CFFF703BB704770470D
:10B8D00000207047704710B5044608B1F5F7A4FC86
:10B8E0002046BDE81040F5F78FBC0346C068F8B1AC
:10B8F0005888E8B11B8803F44F42B2F5824F02D05A
:10B90000B2F5884F09D1DBB2272B2AD008D8172BE4
:10B910000FD0222B34D0122B16D06FF08500704739
:10B92000302B2FD0413B012BF7D8FF2839D10020F5
:10B930007047C028FBD0E128F9D0B0F5807F14BF54
:10B940006FF086000020704720F02003C02BEED05F
:10B9500020F08003B3F5807FE9D040F209239842BC
:10B96000EDE7E928E3D0EF28E1D040F21B1398423D
:10B97000DDD040F299139842D9D040F23B23EEE754
:10B98000E928F1E720F02003C02BD0D020F04003BD
:10B99000B3F5807FCBD0B0F5C07FC8D0B0F5007FC5
:10B9A000CDE7B0F5E07FCAE73AB1002918BF002320
:10B9B000D21A2121184400F096BD70472DE9F04FAE
:10B9C00089B09B4600238DF81B30159BDDF8508015
:10B9D000002B91460B460D460CBF4FF400624FF40E
:10B9E000806207A9DDE912A7F5F7C0FD0446D0B9CA
:10B9F000079E0DF11B0231882846F5F733FE0446F9
:10BA000088B99DF81B30BB421FD8CDE90338CDE97A
:10BA100001BACDF80090D6E909122B463046F6F768
:10BA2000BBFA044608B1C8F80070D8F800303A46AE
:10BA300021465046FFF7B8FF0798F6F797FA002C13
:10BA400018BF204609B0BDE8F08F6FF08904EAE71F
:10BA500041F2062398421AD8B0F5905F09D241F21C
:10BA6000010398420CD0B0F5885F09D06FF08500D3
:10BA70007047A0F5905080B26923C340DB07F5D52D
:10BA800011F0070F14BF6FF0860000207047B0F56B
:10BA9000105FEBD121F04003802B06D0B1F5807F01
:10BAA00014BF6FF08600002070470020704770B50B
:10BAB000446A05460E463CB90120F5F79FFB6862D3
:10BAC00028B1AE62204670BD6FF08A00FBE76FF0D0
:10BAD0008C00F8E7F8B51E460F4603881546C2B13C
:10BAE00003F4E043B3F5805F02D0B3F5005F10D1FB
:10BAF000089BE90019600088FFF7AAFF044630B9E7
:10BB00002A463946304600F0C7FC079B1D60204698
:10BB1000F8BD6FF08504FAE710B50446406A10B12D
:10BB2000A16AFFF7D8FE0020C4E9090010BD38B5AE
:10BB30000446FFF7F1FF237F012B0FD0023B012BBF
:10BB40000FD8236A012B14BF6FF0960500252C2215
:10BB50000021204600F0C7FC284638BD236A002B90
:10BB6000F1E76FF09605F2E738B514460288049DB8
:10BB700002F4E040B0F5805F07D0B0F5005F04D07C
:10BB800002F44F42B2F5824F0ED1AC420FD81846A4
:10BB9000224600F081FC2A1B0021204400F0A3FC77
:10BBA000059B00201C6038BD6FF08500FBE76FF03F
:10BBB0008900F8E7F0B50F4685B01E461546CAB1B4
:10BBC00000233360012203A9F5F7D0FC044670B9C5
:10BBD000CDE9005603983B46D0E9091200F0CEF9B2
:10BBE00004460398F6F7C2F9002C08BF0446204625
:10BBF00005B0F0BD6FF08904F9E770B50488049EC4
:10BC0000154604F4E042B2F5804F22D124F44050AE
:10BC100044F2010290420DD004F44F44B4F5824F37
:10BC200008D0B4F5844F05D0B4F5884F02D0B4F5F0
:10BC30008E4F0ED1B5420FD818462A4600F02CFC84
:10BC4000721B0021284400F04EFC059B00201D6063
:10BC500070BD6FF08500FBE76FF08900F8E7F0B585
:10BC60000F4685B01E461546FAB1002333601A46CA
:10BC700003A9F5F77BFC044688B9039803885B04A5
:10BC800010D5CDE900563B46D0E9091200F081F904
:10BC900004460398F6F76AF9002C08BF04462046CC
:10BCA00005B0F0BD6FF08604F3E76FF08904F6E7A6
:10BCB00010B50368044643B100F0C9F900232360BE
:10BCC000A3886FF30803A38010BD1846FCE72DE995
:10BCD000FF410C460168984600230546164603932B
:10BCE000002939D14FF4A872083000F0FCFBB8F1FC
:10BCF000000F204633460CBF4FF400624FF48062C1
:10BD000003A9F5F733FC0446B8B9039F2A1D398807
:10BD10003046F5F7A7FC044678B96B7968F3000361
:10BD20006B71D7E90923394600962846B8F1000F10
:10BD30000FD0F6F749F9044610B12846FFF7B8FFCF
:10BD40000398F6F713F9002C18BF204604B0BDE89D
:10BD5000F081F6F759F9EEE76FF08804EDE701237B
:10BD6000FFF7B5BF38B50368054614464BB132B18D
:10BD700000F058F9044610B12846FFF799FF204615
:10BD800038BD6FF08804FAE72DE9F04116460268E5
:10BD900005460F469846F2B14279D2071BD5027983
:10BDA000CAB1B2421AD800F046F9044618B10023CD
:10BDB000C8F800602B7137B1D8F800303246214600
:10BDC0003846FFF7F1FD2846FFF772FF002C18BF39
:10BDD0002046BDE8F0816FF08804E8E76FF0890441
:10BDE000E5E71FB501240394089C0294079C019485
:10BDF000069C0094FFF7E2FD04B010BD2DE9F0476A
:10BE000088B005469A460023079325F0004323F4A3
:10BE10007F03B3F1106FDDE91096DDF84880084626
:10BE2000174623D12B464FF4804207A9F5F79EFB16
:10BE3000044660B9CDE90368CDE901A907980097E8
:10BE4000D0E909122B4600F00AF9044628B1314620
:10BE50004846F5F7C5FDC8F800600798F6F786F87C
:10BE6000002C18BF204608B0BDE8F0876FF08604AC
:10BE7000EDE7034608461B8803F4E043B3F5805F13
:10BE8000114602D0B3F5005F01D1F5F7A9BD6FF0FF
:10BE9000850070471C22002100F025BB034668B1D5
:10BEA000017F8A1E012A0BD80329026A03D1012AC5
:10BEB00001D1FFF73CBE1AB1013A1A620020704767
:10BEC0006FF096007047C0B2002814BF6FF0850075
:10BED0000020704700207047704700221A606FF002
:10BEE0008600704700230B606FF0860070472DE9D5
:10BEF000F04147683F0A04460D461646984611D160
:10BF000007887F0407D44346324629462046BDE8C9
:10BF1000F041FFF7AEBF00F0DEF810F1860FF2D06F
:10BF2000BDE8F0816FF08600FAE72DE9F04F476831
:10BF300085B03F0ADDE90E9ADDF840B004460D46B3
:10BF40001646984615D1CDE901ABCDF8009000F02A
:10BF5000B4F810F1860F0ED14346324629462046EA
:10BF6000CDE90FABCDF8389005B0BDE8F04FFFF745
:10BF7000B1BD6FF0860005B0BDE8F08F10B4446825
:10BF8000240A02D110BCFFF7EFBD6FF0860010BC91
:10BF900070472DE9F34747683F0ADDE90A9A0446EE
:10BFA0000D461646984611D1CDE9009A00F077F873
:10BFB00010F1860F0CD14346324629462046CDE982
:10BFC0000A9A02B0BDE8F047FFF717BE6FF086008F
:10BFD00002B0BDE8F08713B504464868000A0AD1EC
:10BFE0000498009004F10800F6F7B6F808B91C238D
:10BFF000236002B010BD6FF08600FAE710B4046849
:10C000001C2C03D110BC0830F6F7D2B86FF08600B4
:10C0100010BC704703681C2B02D1083000F061B9D6
:10C020000020704703681C2B02D1083000F034B99F
:10C030006FF08600704710B404681C2C03D110BC4C
:10C04000083000F032B96FF0860010BC704703680A
:10C050001C2B02D1083000F034B90020704710B416
:10C060004468240A02D110BC00F043B96FF0860086
:10C0700010BC70470020704713B5002001AB144678
:10C08000F6F7D4FE30B9019BA34218BF6FF09300BE
:10C0900002B010BD6FF09200FAE70020704710B4B4
:10C0A000048804F44F44B4F5824F02D110BC00F070
:10C0B00045B96FF0850010BC704710B4048804F4D3
:10C0C0004F44B4F5824F02D110BC00F067B96FF055
:10C0D000850010BC704710B4048824F0FF04B4F548
:10C0E000E24F02D110BC00F0ACB96FF0850010BC7B
:10C0F0007047024612F8103B43F3C01303F0870366
:10C1000012F8011D83EA4103904213704FEA132392
:10C11000F6D170472DE9FF4705468846144622B3FD
:10C12000D0F8486100F5947786B9A0444FF0100923
:10C130000DF10C0A102CA8EB040237D8234639461F
:10C14000384600F0EEF8C5F848410EE0C6F1100997
:10C150004A450FD8B91913460846424600F0E1F89F
:10C16000D5F848312344C5F848310026304604B09C
:10C17000BDE8F087B9F1000F08D0B91942464B4627
:10C18000084600F0CEF8103EC844344403AB1022F9
:10C19000019300923B4639462846FFF72FFF06469B
:10C1A0000028C2D02846FFF735FFDFE710233946C5
:10C1B000384600F0B6F8CDE9009A3B4610223946E1
:10C1C0002846FFF71BFF06460028EBD1103CB1E7DD
:10C1D0002DE9F0439846D0F84831102B174685B02A
:10C1E0000446894600F5947500F59C721CD12946D9
:10C1F000284600F096F803AB1022019300922B46DC
:10C2000029462046FFF7FAFE064630B93A46294647
:10C21000484600F041F9C8F800702046FFF7FAFEE2
:10C22000304605B0BDE8F083C618104696F82831B0
:10C2300083F0800386F82831FFF75BFF1023024666
:10C24000D5E7F0B5D5B004460E46174600214FF4A9
:10C25000A67201A81D4600F046F921463B4632462B
:10C2600001A8F5F7F1FE044680B95A9A294601A8BB
:10C27000FFF750FF044648B9DDE95C235B9901A84C
:10C28000FFF7A6FF0446204655B0F0BD01A8FFF712
:10C29000C1FEF8E7F5F7FEBE90F84C31022B01D154
:10C2A000FFF738BF6FF08800704710B490F84C412A
:10C2B000022C02D110BCFFF78BBF6FF0880010BCBE
:10C2C000704710B590F84C31022B044607D1FFF7A8
:10C2D000A1FE4FF4A8720021204600F004F90020CE
:10C2E00010BD08B54FF49072002100F0FCF800205A
:10C2F00008BD10B4048804F44F44B4F5824F02D151
:10C3000010BCF5F77BBF6FF0850010BC704703468B
:10C310000144002013F8012B8B4240EA0200F9D1BE
:10C32000704730B50B4411F8014B12F8015B99428C
:10C3300084EA050400F8014BF5D130BDF8B5054697
:10C3400014462F8807F4E04CBCF5804F1846DDE911
:10C35000063606D19A421ED800F09EF834600020BE
:10C36000F8BD47F21212974202D06FF08500F7E74E
:10C37000640001349C420ED86B8834600422B3F50B
:10C38000807F0270F1D10130F6F7B6F80028E6D0D0
:10C390006FF08600E4E76FF08900E1E72DE9F041F6
:10C3A0001F460388DDF820800E4644F212118B42AE
:10C3B000154642882ED047F212118B423BD102B96A
:10C3C000EA00B2F5807F36D1202D03D06FF08600D1
:10C3D000BDE8F08129463046FFF799FF0028F5D0E7
:10C3E0003046F6F775F80028F0D1D8F8004034F45C
:10C3F0008074EBD1069B9D4220D82A4631463846B0
:10C4000000F04AF8079B1D604FF48073C8F80030B5
:10C410002046DDE71AB9EB07D8D56A08D200B2F595
:10C42000807F08D1412DD1D13378042BCED1701C1F
:10C43000F6F758F8D7E76FF08500C9E76FF0890085
:10C44000C6E7F8B50C46478801881E4647F2121326
:10C45000FD1D99424FEAD50502D06FF08500F8BD69
:10C46000954216D829462046F5F7BAFA0028F6D1A3
:10C4700029462046FFF74BFF0028F3D0B7F5807F11
:10C48000EBD12046F6F724F80028EBD120233360C7
:10C49000E5E76FF08900E2E70A44914200F1FF33DB
:10C4A00000D1704710B511F8014B03F8014F9142CC
:10C4B000F9D110BD884210B501EB020402D98442C3
:10C4C000234607D8431EA14207D011F8012B03F8D9
:10C4D000012FF8E70244824200D110BD13F8011D7C
:10C4E00002F8011DF7E702440346934200D170476A
:10C4F00003F8011BF9E7044608B5F8F747FC2046A6
:10C50000E5F710FE10B501390244904201D1002038
:10C5100005E0037811F8014FA34201D0181B10BDAC
:10C520000130F2E710B50139034632B111F8014F7D
:10C5300003F8014B013A002CF7D11A440021934231
:10C5400000D110BD03F8011BF9E710B50246014404
:10C550008A42134603D01C780132002CF8D1181AF5
:10C5600010BDF0B5C3F137070446FFB203F01F0357
:10C570001046082BE6B233D0102B3ED06508A40835
:10C5800044EA817445EAC1752D194FEA910242EBE4
:10C590005102290941EA02716D1842EB1212290A6F
:10C5A00041EA02616D1842EB1222290C41EA024174
:10C5B0006D1842EB1242AD1842F10002EC0844EA59
:10C5C0004274D10804EB8402A6EB4205EDB2092DBA
:10C5D0000CD90134A5F10A0541F10001EDB212E0D8
:10C5E000E40844EA417406F00705C908303554EA06
:10C5F000010200F8015BBCD1F0BD240944EA0174DA
:10C6000006F00F050909092D84BFED19EDB2EDE71C
:10C61000D1E9043293421EBF5A1C0A611870704758
:08C62000AC29FE7F01000000BF
:10C62800A1230100000000004523010000000000D4
:10C638000000000018C702005DF7010000000000BC
:10C648009DF70100000000000000000034C7020050
:10C658000000000050C70200EDEB010000000000E0
:10C668003DA702000000000047A7020000000000EC
:10C6780000000000A4C702000000000088C70200F4
:10C6880000000000C0C70200000000006CC70200E4
:10C6980095D40100000000003DE00100000000000A
:10C6A80021080100000000005D21010000000000D9
:10C6B80000000000DCC70200C1EC0100000000001F
:10C6C8000DED010000000000C1FC010000000000A9
:10C6D80000000000F8C70200293401000000000033
:10C6E800B9A6020000000000C3A602000000000076
:10C6F800F52F0100000000002938010000000000AB
:10C70800AD1201000000000021120100000000002D
:10C71800560203005CD40200C0C90200AC07002026
:10C7280014380020EDD10100000000009F02030032
:10C738007CD402009CC90200B2070020AC3800205B
:10C7480059D9010000000000AD02030090D4020096
:10C758009CC90200B4070020B838002059D901004C
:10C76800000000004CE30200E4CF0200DCC9020034
:10C77800A8070020A80000200133010000000000E5
:10C788007F0203000000000094C90200AE070020E9
:10C7980068380020A9D60100000000008F020300BD
:10C7A8000000000074D40200B00700200000000060
:10C7B80079A1020000000000DA020300A4D40200FC
:10C7C80020CA0200B607002078060020D9DC010044
:10C7D800000000003204030000000000E8D402005A
:10C7E800B8070020D038002009E40100000000004C
:10C7F8003002030038D40200F4D30200AA07002054
:0CC80800C405002041C301000000000036
:10C81400D3AD020079A7020000000000895D020088
:10C82400C0C702004BA4020000000000895D0200A2
:10C8340000000000895D020000000000895D020024
:10C84400A00300207FA2020000000000895D020016
:10C8540000000000895D020000000000895D020004
:10C8640000000000895D020000000000895D0200F4
:10C8740000000000895D02006838002015D701001F
:10C8840000000000895D020000000000895D0200D4
:10C8940000000000895D020000000000CDE00100FE
:10C8A40000000000895D020000000000895D0200B4
:10C8B40000000000895D020000000000895D0200A4
:10C8C40000000000895D020000000000895D020094
:10C8D40000000000895D02000000000045EC01003A
:10C8E40000000000895D020000000000895D020074
:10C8F40000000000895D020000000000895D020064
:10C9040000000000895D020000000000895D020053
:10C9140000000000895D020000000000895D020043
:10C9240000000000895D020000000000895D020033
:10C9340000000000895D020000000000895D020023
:10C9440000000000895D020099CA010079A7020075
:10C9540000000000895D020000000000895D020003
:10C9640000000000895D020000000000895D0200F3
:10C9740000000000895D020000000000895D0200E3
:10C9840000000000895D020000000000895D0200D3
:08C9940055D60100A5D50100F4
:10C99C0089D70100D3A10200E1A10200F9A1020094
:10C9AC0005A2020011A2020095D901002BA20200DF
:04C9BC000000000077
:10C9C00045D20100E1A0020045A1020000000000E4
:0CC9D0007DA0020000000000000000003C
:10C9DC00416E02008D320100000000006B6E0200FF
:10C9EC002D6E02004D720200F16E0200C16D02004C
:10C9FC0083720200E76E020000000000D96D020095
:10CA0C000000000000000000E16D0200077202004F
:10CA1C00F36D0200DFA2020021DC0100D1A20200B2
:10CA2C00F1A4020005A302002DA3020063A30200DF
:10CA3C0077A30200A5A30200B9A3020077A302000A
:10CA4C0095A30200CDA30200DBA30200E9A3020020
:08CA5C001BA402001FA402004C
:10CA64000500000021700100060000002DAD01004A
:08CA74000400000061810100D3
:10CA7C00F1F90000E9FA00000000000000000000DD
:10CA8C00000000000000000000000000000000009A
:10CA9C00A4D202000800000018CF0200050000001C
:10CAAC00EAF80200030000006FE30200030000003C
:10CABC0051F4020003000000C5FF02000300000057
:10CACC0076E3020003000000F2F002000300000015
:10CADC0012FC0200030000002EED02000300000017
:10CAEC008CEF020003000000BDFF020003000000F9
:10CAFC0023F60200030000005FE3020003000000C5
:10CB0C00ABEF0200030000004F0403000300000021
:10CB1C003D04030003000000B6FF02000300000008
:10CB2C00E1DC0200030000007102030003000000BE
:10CB3C0005DD02000300000009DD02000300000017
:10CB4C0005DE0200030000007B040300030000006C
:10CB5C00C8E20200030000002CE302000300000006
:10CB6C0034E302000300000046020300030000004F
:10CB7C00A1040300030000007E0503000300000075
:10CB8C0036DC02000300000043E302000300000057
:10CB9C00F2DC020003000000E802030003000000C6
:10CBAC00BF000300030000003E020300030000006E
:10CBBC00FCCE0200AC020020F4DD020001000000FB
:10CBD000010160003000000000000000022581E833
:10CBE0008C722E8F97EA11DB31FC344A5902258171
:10CBF000E88C722E8F97EA11DB31E6364A5902250E
:10CC000081E88C722E8F97EA11DB3110304A59007F
:10CC10000000000060006000000000000000000054
:10CC2000180028000000900115EC02001AEC020028
:10CC30001EEC020022EC020026EC02002AEC0200AC
:10CC40002EEC020032EC020036EC02003AEC02005C
:10CC50003EEC020042EC020046EC02004AEC02000C
:10CC60004EEC020052EC020056EC02005AEC0200BC
:10CC70000101000207000000010000001027000071
:10CC80001027000001000B0002000A000500090047
:10CC90000A000800140007001E000600320005000C
:10CCA0004B0004006400030096000200FA0001003B
:10CCB000F4010000F401FA00960064004B00320019
:10CCC0001E0014000A000500020001000C080217F3
:10CCD0000D010102090901010602091818030101E9
:10CCE0000909838385030201230202240910040435
:10CCF00005050B0B040B2B1B1B159A9A1C021D160A
:10CD0000130501490D150508061B1B0F0101000045
:10CD1000FEFEFEFEFEFEFEFEFEFEFEFEFEFEFEFE33
:10CD2000FEFEFEFEFE16FEFEFEFEFEFEFEFEFEFE0B
:10CD3000FEFE1F1FFE26FEFEFEFEFEFEFEFEFEFEA9
:10CD4000FEFEFEFEFEFEFEFE3E3EFEFEFEFE3B3B09
:10CD500025262700010000001011004000000000FF
:10CD60000000000000000000000000000406080AA7
:10CD70000C0E10121416181C1E20222426282A2CF1
:10CD80002E30323436383A3C3E40424446484A4CD3
:10CD90004E021A5000000000280000001800000099
:10CDA00000000000141E0000301100000000000010
:10CDB00070170000A00F00000000DC05E803000071
:10CDC00000000000141E00003011000000002CA61E
:10CDD000E0A100003408E803000100081200000090
:10CDE00000000000D8ECF0F4F8FC00020304050693
:10CDF0000708000000000000000000000000000024
:10CE00000000000000000101010102020202030310
:10CE100003030404040405050505060606080900C5
:10CE20000000000000000000000000000000000002
:10CE300000000001010101020202020303030304D6
:10CE40000404040505050506060708090A0B0C0D70
:10CE500000100200FA00000001030062746C65001B
:10CE600000000000000000000000000000000000C2
:10CE700000000000000000000000000000000000B2
:10CE800000000000000000000000000000010000A1
:10CE90000338FDD87047000038180020000100005A
:10CEA0006B5A02000D5A0200020000001B5C0200D7
:10CEB0000000000000000000000000000000000072
:10CEC000D8DD0200E0DD02000000000000000000EC
:10CED0000000000068FA0200E8DD0200ECDD02005C
:10CEE000F0DD0200ECCE0200A42D0020F1110100C3
:10CEF000BC2D0020E23F002001000000DB5C0200AE
:10CF0000D15C02009F5C0200935C02000000000004
:10CF1000875C0200000000004AD70200F58B020087
:10CF20000000000046D702000000010042D70200C6
:10CF3000C78E02000000000048030020000001002E
:10CF40003AD702002D5D0200000000000000000042
:10CF50000000010036D70200C78E0200000000006A
:10CF600040030020000001002ED70200F95C0200FF
:10CF700000000000000000000000010000000000B0
:10CF8000615D0200880300208003002078030020F8
:10CF90000000000070030020E1130100D512010021
:10CFA0002913010089130100000000200000000087
:10CFB00000000B0602000000BCCF020000000000D1
:10CFC00018E30200260002060000002020E3020011
:10CFD00022000B1190030020E92101000000000055
:10CFE000135E0200580400200000000063070020C8
:10CFF0006C04002000000000D8CF020008D002001E
:10D000004A00000000000000D8860020D8CF0200AF
:10D010001CD002002E00000000000000A08B0020A9
:10D02000D8CF020030D00200020100000000000052
:10D03000748C00205EEC02007CEC020097EC020095
:10D04000A7EC0200B4EC0200BDEC0200C4EC02004C
:10D05000CBEC0200D2EC0200DAEC0200B4EC0200ED
:10D06000E2EC0200F4EC020009ED02001CED02000B
:10D070000E030000654B01000F040000314B01005E
:10D080001A0100009D35010005040000B5350100BE
:10D0900013010000093901003E010000813B01003D
:10D0A00001120000717502000A1E0000C575020021
:10D0B000FF010000F53C01003E010000D53C0100ED
:10D0C000050400000136010008040000D13F010002
:10D0D00030030000453F010010010000E13601006F
:10D0E00002010000B5560100011200004D48010088
:10D0F0000A1E000099760200030900004137010072
:10D10000040B0000B5380100060A00006D4A01005A
:10D11000070A0000B13601000C0500007D36010051
:10D12000050C0000A9490100D8CF020038D1020047
:10D130004700000000000000908D0020D0F30200A6
:10D14000DDF30200FDF30200F1F3020008F4020037
:10D150001FF402002FF4020083F5020043F40200E2
:10D16000D8CF020070D102000000000000000000D3
:10D17000B08E0020D8CF020084D102004A00000007
:10D1800000000000D88E0020ED7C02003F7D0200F0
:10D19000000000000000000000000000D17301004A
:10D1A000000000000000000000000000000000007F
:10D1B00002020100C182020004040100217E01007C
:10D1C00006060100617D0100080401004D7C01009C
:10D1D0000A020100A98202000C04010091820200EF
:10D1E0000E040100297B010020040100957A010052
:10D1F00010040100A579010012020100138202004F
:10D200001E0004009F8602005202000039820200C4
:10D2100001040200AD87010003020200358602000E
:10D2200005010200678602000704020077860200FB
:10D23000090102007B8602000B0002007F860200CB
:10D240000D000200838602000F00020087860200A4
:10D25000210202008B860200110102008F8602006B
:10D260001300020093860200170402009786020052
:10D27000190002009B8602001B0203007D7F020052
:10D280001D02050069770100230403006B7F020083
:10D29000D8CF0200A0D202004C0000000000000025
:10D2A000309000207AD70200F58B020000000000C9
:10D2B00076D702000000010072D70200C78E02007C
:10D2C0000000000074050020000001006AD7020081
:10D2D000000000000000000000000000000000004E
:10D2E00066D70200C78B02004D8A01007C05002032
:10D2F0000000030062D70200C78E02000000000099
:10D300006C050020000001005AD702002D8C02009D
:10D31000858C0100000000000000030056D70200C9
:10D32000C78E02000000000064050020000001001C
:10D330004ED70200D58F0100000000000000000061
:10D340000000010051AC01003997020071B60100E4
:10D3500000000000000000002DB3010000000000EC
:10D3600000000000000000000000000000000000BD
:10D37000000000003F93020006000000E9A5010044
:10D3800006000000119402001000000001AB010033
:10D390001000000011B601000100000069920200B7
:10D3A000100000003B9302000A00000059AD01008C
:10D3B0001000000011B401000700000037930200C4
:10D3C00010000000C9AF010001000000F5A8010035
:10D3D0004000000061A40100100000008D930200D5
:10D3E0000100000044D40200680800200000000092
:10D3F0000000000000000000C1C40100FDC20100E7
:10D40000DDC00100E9C40100000000007DC0010092
:10D4100009C5010039CF0100DDC201000000000094
:10D42000B1CF010059C90100F5C10100D5C101000A
:10D4300027A002001FA0020000000000030000005F
:10D4400055C201004FA002000000000037A00200FA
:10D45000A9D1010079D1010000000000F5D201003E
:10D4600075D20100650203006FA102006BA10200EA
:10D470006B0203008FA1020000000000FFFF00000C
:10D4800000030050A0030020000000000100000085
:10D49000FFFFFFFF00000050A0030020000000007D
:10D4A000000000000020004001000000000000001B
:10D4B000C4D402000000D601000000001441002086
:10D4C0001341002000200040D0D4020001000000E1
:10D4D000D8D4020004000000140000001100000273
:10D4E0001806000116060003DDE20100A3A50200F4
:10D4F000D1A5020008000000030000002F05030072
:10D500003D05030051050300600503006C050300A1
:10D5100028C6020030C60200A0C60200A8C602004B
:10D5200008C7020018C702008105030000010000BF
:10D5300000000000E7C40200512563FCC2CAB9F331
:10D54000849E17A7ADFAE6BCFFFFFFFFFFFFFFFFBA
:10D5500000000000FFFFFFFFAAAAAAAAAAAAAAAA7F
:10D56000AAAAAAAA55555555555555555555555517
:10D570000000000055555555522563FCC2CAB9F349
:10D58000849E17A7ADFAE6BCFFFFFFFFFFFFFFFF7A
:10D5900000000000FFFFFFFF512563FCC2CAB9F382
:10D5A000849E17A7ADFAE6BCFFFFFFFFFFFFFFFF5A
:10D5B00000000000FFFFFFFF96C298D84539A1F494
:10D5C000A033EB2D817D0377F240A463E5E6BCF840
:10D5D00047422CE1F2D1176BF551BF376840B6CB0B
:10D5E000CE5E316B5733CE2B169E0F7C4AEBE78E07
:10D5F0009B7F1AFEE242E34F4B60D2273E3CCE3B7C
:10D60000F6B053CCB0061D65BC86987655BDEBB31D
:10D61000E7933AAAD835C65AFCFFFFFFFFFFFFFF8A
:10D62000FFFFFFFF000000000000000000000000FE
:10D6300001000000FFFFFFFFFF8FFFFFFF8FFFFFD5
:10D64000FE8FFFFFFE8FFFFFFD8FFFFFFC8FFFFFB1
:10D65000FC8FFFFF4661696C20746F2061637175F8
:10D66000697265206D757465780A00004661696CA1
:10D6700020746F20696E63726561736520504D2060
:10D68000636F756E7465720A000000006D757465D5
:10D69000785F667265652063616C6C65642077698C
:10D6A0007468204E554C4C20706172616D657465D4
:10D6B0007200000043616E277420696E69746961AD
:10D6C0006C697A65206D757465782C20776173209C
:10D6D0004E554C4C0D0A0000466174616C20657219
:10D6E000726F7200436F756C64206E6F74206C6F84
:10D6F000636B20706F7765722073617665206D753E
:10D7000074657800647261676F6F6E2F6C69627305
:10D710002F73636865642F7372632F736368656426
:10D720005F68616C5F7274632E630000090400001F
:10D73000012A0000012A000003280000002A00003E
:10D74000002A000003280000001800000028000044
:10D750002A2B00002A2B000003280000292B0000A0
:10D76000292B00000328000002290000052A0000E0
:10D77000052A0000032800000118000000283D3D94
:10D780003D3D3D3D3D3D3D3D3D3D3D3D3D3D3D3DC9
:10D790003D3D3D3D3D3D3D3D3D3D3D3D3D3D3D3DB9
:10D7A0003D3D3D3D3D3D0A002020202020202053CE
:10D7B00043414E4E494E4720464F5220504C5554FF
:10D7C0004F0A005363616E6E696E67206661696C13
:10D7D00065643A2025640A00424C45207363616EFB
:10D7E0006E696E6720737461727465642E0A0047F7
:10D7F00041545420646973636F7665727920636F56
:10D800006D706C6574652E0A005345525649434548
:10D8100020464F554E440A0048616E646C65207383
:10D8200074617274203A2025750A005555494420C8
:10D8300020202020202020203A20003132382D6264
:10D8400069742055554944006E6F6E2D3132382D64
:10D8500062697420555549440A002A2A2A2A2A2A2C
:10D860002A2A2A2A2A2A2A2A2A2A2A2A2A2A2A2A18
:10D870002A2A2A2A2A2A2A2A2A2A0A00504C5554B5
:10D880004F205345525649434520464F554E44215B
:10D890000A00536572766963652048616E646C6541
:10D8A0003A2025750A0043484152414354455249A4
:10D8B0005354494320464F554E440A004465636C17
:10D8C00061726174696F6E2068616E646C65203A84
:10D8D0002025750A0056616C75652068616E646C60
:10D8E00065202020202020203A2025750A00507233
:10D8F0006F706572746965732020202020202020BD
:10D90000203A203078253032780A002A2A2A2050FE
:10D910004C55544F20494E444943415445204348B7
:10D92000415241435445524953544943202A2A2ADB
:10D930000A002A2A2A20504C55544F205752495445
:10D940004520434841524143544552495354494369
:10D95000202A2A2A0A0020202020202020504C554E
:10D96000544F20434F4E4E454354494F4E2046415D
:10D97000494C45440A004572726F723A2025750A77
:10D980000020202020202020504C55544F20434F71
:10D990004E4E4543544544210A002020202020209B
:10D9A000205354415254494E472047415454204437
:10D9B0004953434F564552590A0047415454206435
:10D9C0006973636F76657279206661696C65643A24
:10D9D0002025640A0020202020202020504C55546F
:10D9E0004F20444953434F4E4E45435445440A004B
:10D9F000526561736F6E3A203078253032580A00D4
:10DA000052657374617274696E67207363616E2E00
:10DA10002E2E0A007075626C69630072616E646F0D
:10DA20006D007075626C69632D69640072616E646B
:10DA30006F6D2D696400253032583A253032583ADE
:10DA4000253032583A253032583A253032583A2566
:10DA5000303258202825732900424C452044455631
:10DA60004943453A2025732020525353493A2025F3
:10DA7000640A0020202020202020504C55544F20A4
:10DA800044455649434520464F554E44210A0041DE
:10DA9000646472657373203A2025730A00525353ED
:10DAA00049202020203A2025642064426D0A00503D
:10DAB0006C75746F2053657276696365205555499E
:10DAC000442064657465637465642E0A0046616968
:10DAD0006C656420746F2073746F70207363616E63
:10DAE0006E696E673A2025640A00436F6E6E656347
:10DAF00074696E6720746F20506C75746F2E2E2EB3
:10DB00000A00436F6E6E656374696F6E20637265A1
:10DB10006174696F6E206661696C65643A20256482
:10DB20000A000A0A002020202020202020504C55E6
:10DB3000544F206E524635323834302052454345DA
:10DB4000495645520A004669726D776172652073C5
:10DB500074617274696E672E2E2E0A00426C7565B0
:10DB6000746F6F746820696E697469616C697A6139
:10DB700074696F6E204641494C45443A2025640A39
:10DB800000426C7565746F6F746820696E697469A2
:10DB9000616C697A65642073756363657373667518
:10DBA0006C6C792E0A005363616E6E65722063613E
:10DBB0006C6C6261636B2072656769737465726512
:10DBC000642E0A006865617020636F7272757074EC
:10DBD000696F6E20286E6F7420696E207573653FC3
:10DBE00029206174202570006865617020636F7260
:10DBF00072757074696F6E20286275666665722032
:10DC00006F766572666C6F773F292061742025708E
:10DC1000006865617020636F7272757074696F6EF1
:10DC20002028646F75626C6520667265653F2920E7
:10DC30006174202570006F735F68656170002875DE
:10DC40006E7369676E6564292063686172202A209B
:10DC50007573656420666F72202525702061726778
:10DC6000756D656E742E2049742773207265636F1D
:10DC70006D6D656E64656420746F206361737420DC
:10DC8000697420746F20766F6964202A206265634E
:10DC900061757365206974206D61792063617573A6
:10DCA00065206D69736265686176696F7220696E5F
:10DCB000206365727461696E20636F6E6669677553
:10DCC000726174696F6E732E20537472696E673A55
:10DCD0002225732220617267756D656E743A256422
:10DCE0000063627072696E74665F7061636B616716
:10DCF00065007379735F6765746F7074006C6F672C
:10DD000067696E67006C6F67006C6F675F6D676D4A
:10DD100074004D657373616765202822257322297D
:10DD20002064726F707065642062656361757365ED
:10DD300020697420657863656564732073697A650A
:10DD4000206C696D69746174696F6E20282575296E
:10DD5000004D6573736167652064726F70706564F0
:10DD600020626563617573652069742065786365F9
:10DD70006564732073697A65206C696D6974617478
:10DD8000696F6E2028257529000D0A001B5B306D18
:10DD900000257320005B2530386C755D20005B2505
:10DDA0003032753A253032753A253032752E2530AD
:10DDB00033752C253033755D20003C25733E2000E3
:10DDC00025732F0025733A2000253032782000205B
:10DDD0002020007C002563001B5B313B33316D004C
:10DDE0001B5B313B33336D0077726E00696E6600EA
:10DDF000646267006C6F675F6261636B656E645F2E
:10DE000075617274006C6F675F7561727400636432
:10DE1000635F61636D5F30006364635F61636D5F67
:10DE200073657269616C002A2A2A20426F6F7469D7
:10DE30006E67206E524620436F6E6E65637420538A
:10DE4000444B2076332E342E302D3939353533304E
:10DE5000353536303762202A2A2A0A002A2A2A2013
:10DE60005573696E67205A6570687972204F532028
:10DE700076342E342E302D62663830316534653379
:10DE8000643139202A2A2A0A006D757465785F6921
:10DE90006E69742063616C6C6564207769746820B6
:10DEA0004E554C4C20706172616D65746572004313
:10DEB0006F756C64206E6F7420616C6C6F6361743D
:10DEC00065206D75746578206265666F726520697E
:10DED0006E697469616C697A696E670072302F616E
:10DEE000313A2020307825303878202072312F6167
:10DEF000323A2020307825303878202072322F6155
:10DF0000333A20203078253038780072332F61344E
:10DF10003A2020307825303878207231322F6970DD
:10DF20003A2020307825303878207231342F6C72C6
:10DF30003A20203078253038780020787073723A93
:10DF40002020307825303878004661756C74696E11
:10DF50006720696E737472756374696F6E20616493
:10DF6000647265737320287231352F7063293A20EB
:10DF700030782530387800556E68616E646C656461
:10DF8000204952516E3A202564002A2A2A2A2A2042
:10DF90005553414745204641554C54202A2A2A2AA8
:10DFA0002A0020204469766973696F6E20627920A7
:10DFB0007A65726F002020556E616C69676E6564CA
:10DFC000206D656D6F7279206163636573730020E6
:10DFD000204E6F20636F70726F636573736F722072
:10DFE000696E737472756374696F6E730020204973
:10DFF0006C6C6567616C206C6F6164206F66204596
:10E0000058435F52455455524E20696E746F2050EC
:10E0100043002020496C6C6567616C207573652036
:10E020006F6620746865204550535200202041746B
:10E0300074656D707420746F2065786563757465A0
:10E0400020756E646566696E656420696E737472AE
:10E05000756374696F6E002A2A2A2A2A2042555352
:10E06000204641554C54202A2A2A2A2A002020538F
:10E070007461636B696E67206572726F7200202035
:10E08000556E737461636B696E67206572726F722F
:10E09000002020507265636973652064617461209B
:10E0A000627573206572726F720020204246415281
:10E0B00020416464726573733A20307825780020BB
:10E0C00020496D70726563697365206461746120B5
:10E0D000627573206572726F72002020496E7374CE
:10E0E00072756374696F6E20627573206572726FEA
:10E0F00072002020466C6F6174696E672D706F69C5
:10E100006E74206C617A792073746174652070720A
:10E1100065736572766174696F6E206572726F7275
:10E12000002A2A2A2A2A204D5055204641554C546F
:10E13000202A2A2A2A2A002020537461636B696EE0
:10E1400067206572726F722028636F6E74657874D1
:10E150002061726561206D69676874206265206E58
:10E160006F742076616C69642900202044617461B9
:10E17000204163636573732056696F6C6174696FC6
:10E180006E0020204D4D46415220416464726573FB
:10E19000733A2030782578002020496E73747275A8
:10E1A0006374696F6E204163636573732056696F92
:10E1B0006C6174696F6E0052657365727665642078
:10E1C000457863657074696F6E20280053707572AE
:10E1D000696F757320696E7465727275707420282A
:10E1E0004952512000535053454C20696E207468A9
:10E1F00072656164206D6F646520646F6573206E65
:10E200006F7420696E6469636174652050535000B7
:10E210002A2A2A2A2A2048415244204641554C5451
:10E22000202A2A2A2A2A0020204275732066617536
:10E230006C74206F6E20766563746F7220746162F7
:10E240006C652072656164002020446562756720FA
:10E250006576656E740020204661756C7420657368
:10E2600063616C6174696F6E2028736565206265F7
:10E270006C6F772900415243485F455843455054DD
:10E28000207769746820726561736F6E2025780A43
:10E29000002A2A2A2A2A204465627567206D6F6E3B
:10E2A00069746F7220657863657074696F6E202A77
:10E2B0002A2A2A2A002A2A2A2A2A20257320256483
:10E2C00029202A2A2A2A2A006D7075004661696C65
:10E2D000656420746F20616C6C6F63617465206E7F
:10E2E0006577204D505520726567696F6E202575E2
:10E2F0000A00506172746974696F6E2025753A2046
:10E30000636F686572656E636520636865636B2023
:10E310006661696C65642E00464C4153485F30006D
:10E320005352414D5F300065786974006E65745FCB
:10E33000627566006E65745F6275665F73696D70A5
:10E340006C6500736F63007573626400626F617265
:10E35000645F6364635F61636D5F756172740062C3
:10E36000745F727061004254204C57205751006214
:10E37000745F6275660062745F6461746100446119
:10E38000746120627566666572206F766572666C70
:10E390006F7720286C696E6B2074797065203078F7
:10E3A000253032782900556E61626C6520746F20CB
:10E3B0006C6F6F6B20757020636F6E6E2077697461
:10E3C000682068616E646C65202575004572726F07
:10E3D00072207768696C65207570646174696E6716
:10E3E00020746865207363616E6E657220282564F1
:10E3F0002900556E61626C6520746F206C6F6F6BC5
:10E40000757020636F6E6E20666F722068616E6437
:10E410006C652025750048617264776172652065BE
:10E4200072726F722C20686172647761726520630A
:10E430006F64653A20256400436F756C64206E6FCD
:10E4400074207375626D69742072785F776F726B78
:10E450003A20256400696E74657276616C20657877
:10E460006365656473207468652076616C696420F7
:10E4700072616E6765202575207573006C61746527
:10E480006E637920657863656564732074686520C0
:10E4900076616C69642072616E6765203078253022
:10E4A000347800737570765F74696D656F7574206C
:10E4B00065786365656473207468652076616C694E
:10E4C000642072616E67652030782530347800559D
:10E4D0006E61626C6520746F20616C6C6F63617437
:10E4E000652062756666657200556E68616E646C63
:10E4F0006564206576656E7420307825303278202A
:10E500006C656E2025753A20257300657674206E43
:10E51000756D5F68616E646C657320283D25752993
:10E5200020746F6F206C617267652028257A7520D2
:10E530003E20257529004E6F20636F6E6E656374F3
:10E54000696F6E20666F722068616E646C6520254D
:10E5500075007061636B65747320636F756E7420F2
:10E560006D69736D6174636800546F6F20736D61C2
:10E570006C6C202825752062797465732920657676
:10E58000656E742030782530327800496E76616C83
:10E59000696420484349206576656E742073697A02
:10E5A00065202825752900496E76616C6964204CC8
:10E5B00045206D657461206576656E742073697A97
:10E5C00065202825752900574553545F544F504402
:10E5D00049522F7A65706879722F737562737973F7
:10E5E0002F626C7565746F6F74682F686F73742F0A
:10E5F0006863695F636F72652E63006576745F663A
:10E600006C6167732026202831554C203C3C202823
:10E6100030292900415353455254494F4E20464119
:10E62000494C205B25735D20402025733A25640A00
:10E6300000496E76616C6964206275662074797039
:10E640006520257500496E76616C696420484349F0
:10E650002041434C207061636B65742073697A6557
:10E6600020282575290041434C2064617461206C89
:10E67000656E677468206D69736D617463682028C6
:10E68000257520213D2025752900556E61626C6538
:10E6900020746F2066696E6420636F6E6E20666FF3
:10E6A000722068616E646C652025750062745F6815
:10E6B00063695F6576745F6765745F666C616773D5
:10E6C000286864722D3E65767429202620283155ED
:10E6D0004C203C3C202831292900556E6B6E6F7709
:10E6E0006E20627566207479706520257500556E00
:10E6F00068616E646C65642076656E646F722D73FC
:10E7000070656369666963206576656E742030782C
:10E7100025303278206C656E2025753A20257300EF
:10E720004E6F20636F6D6D616E642073656E742033
:10E73000666F7220636D6420636F6D706C657465C5
:10E7400020307825303478004F70436F6465203076
:10E75000782530347820636F6D706C657465642043
:10E76000696E7374656164206F6620657870656397
:10E7700074656420307825303478004661696C65B2
:10E780006420746F20736574207265717569726599
:10E7900064207365637572697479206C6576656C45
:10E7A000004E6F206368616E676520746F20656E30
:10E7B0006372797074696F6E207374617465202858
:10E7C000656E637279707420307825303278290054
:10E7D000756E6B6E6F776E005B305D00484349204D
:10E7E0007472616E73706F72743A202573005344B3
:10E7F00043004964656E7469747925733A20257302
:10E80000004964656E746974795B25645D3A2025FE
:10E8100073004843493A2076657273696F6E20250C
:10E820007320283078253032782920726576697314
:10E83000696F6E203078253034782C206D616E75CC
:10E8400066616374757265722030782530347800A3
:10E850004C4D503A2076657273696F6E2025732097
:10E8600028307825303278292073756276657220D9
:10E87000307825303478005A657068797200556EAA
:10E8800061626C6520746F2073656E6420746F2004
:10E890006472697665722028657272202564290089
:10E8A000657272203D3D20300009436F6E74726FB7
:10E8B0006C6C657220756E726573706F6E736976BD
:10E8C000652C20636F6D6D616E64206F70636F6483
:10E8D00065203078253034782074696D656F7574E3
:10E8E0002077697468206572722025640A006F7051
:10E8F000636F6465203078253034782073746174D8
:10E900007573203078253032782025730046616990
:10E910006C656420746F207265616420444C4520EE
:10E920006D61782064617461206C656E0074785F3D
:10E930006F637465747320657863656564732074B0
:10E9400068652076616C69642072616E6765202558
:10E95000750074785F74696D6520657863656564BA
:10E9600073207468652076616C69642072616E67DB
:10E9700065202575004E6F2070656E64696E672096
:10E9800063656E7472616C20636F6E6E656374692B
:10E990006F6E00436F6E6E656374696F6E20637295
:10E9A000656174696F6E2074696D656F757420742C
:10E9B0007269676765726564004661696C656420A9
:10E9C000746F207265737461727420696E69746902
:10E9D00061746F7200556E6578706563746564204C
:10E9E0007374617475732030782530327820257304
:10E9F000004E6F2070656E64696E6720636F6E6E87
:10EA000020666F722070656572202573004E6F6EF0
:10EA10002D4C452063617061626C6520636F6E747C
:10EA2000726F6C6C657220646574656374656421D3
:10EA3000004E756D206F6620436F6E74726F6C6C44
:10EA4000657227732041434C207061636B6574735A
:10EA500020213D2041434C2062745F636F6E6E5FE6
:10EA6000747820636F6E7465787473202825752020
:10EA7000213D202575290041434C2042522F454419
:10EA8000522062756666657273206E6F7420696EBF
:10EA9000697469616C697A65640056656E646F7249
:10EAA0002048434920657874656E73696F6E7320E2
:10EAB0006E6F7420617661696C61626C65004857A5
:10EAC00020506C6174666F726D3A20257320283077
:10EAD0007825303478290048572056617269616E74
:10EAE000743A202573202830782530347829004660
:10EAF00069726D776172653A202573202830782518
:10EB0000303278292056657273696F6E2025752E14
:10EB10002575204275696C64202575004661696C15
:10EB2000656420746F207265616420737570706F06
:10EB3000727465642076656E646F7220636F6D6DAC
:10EB4000616E6473004661696C656420746F207245
:10EB500065616420737570706F727465642076658A
:10EB60006E646F72206665617475726573004843E8
:10EB70004920647269766572206973206E6F742013
:10EB80007265616479004254205258205751004800
:10EB9000434920647269766572206F70656E2066E5
:10EBA00061696C65642028256429004F7574206FA5
:10EBB0006620636F6D6D616E642062756666657256
:10EBC0007300556E657870656374656420484F53B3
:10EBD000545F4E554D5F434F4D504C455445445F37
:10EBE0005041434B4554532C20737461747573200A
:10EBF00030782530327820257300556E636C65615E
:10EC00007265642070656E64696E672073656E74EA
:10EC10005F636D6400312E306200312E3100312E81
:10EC20003200322E3000322E3100332E3000342E9E
:10EC30003000342E3100342E3200352E3000352E87
:10EC40003100352E3200352E3300352E3400362E6D
:10EC50003000362E3100362E3200362E33005374FB
:10EC6000616E6461726420426C7565746F6F746864
:10EC700020636F6E74726F6C6C65720056656E64A3
:10EC80006F7220737065636966696320636F6E7469
:10EC9000726F6C6C6572004669726D776172652087
:10ECA0006C6F616465720052657363756520696D90
:10ECB000616765007265736572766564006E5246C1
:10ECC000353178006E5246353278006E5246353313
:10ECD00078006E524635344878006E524635344CD2
:10ECE0007800496E74656C20436F72706F72617446
:10ECF000696F6E004E6F726469632053656D69635E
:10ED00006F6E647563746F72004E58502053656D5A
:10ED100069636F6E647563746F72730045737072AC
:10ED200065737369662053797374656D73006274DB
:10ED30005F6863695F636F726500636D6420646917
:10ED400073616C6C6F776564004661696C65642003
:10ED5000746F2064697361626C65206164647265BC
:10ED60007373207265736F6C7574696F6E00526592
:10ED7000736F6C76696E67206C6973742073697A3F
:10ED8000652065786365656465642E2053776974D2
:10ED90006368696E6720746F20686F73742E004615
:10EDA00061696C656420746F20636C6561722072A8
:10EDB00065736F6C7574696F6E206C69737400464F
:10EDC00061696C656420746F206164642049524BF2
:10EDD00020746F20636F6E74726F6C6C6572005379
:10EDE00065742070726976616379206D6F64652047
:10EDF000636F6D6D616E64206973206E6F74207334
:10EE00007570706F72746564004661696C6564202A
:10EE1000746F207365742070726976616379206DF8
:10EE20006F64650044697361626C696E6720616438
:10EE30006472657373207265736F6C7574696F6E3D
:10EE4000206661696C6564202865727220256429DA
:10EE5000004661696C656420746F2072656D6F7621
:10EE6000652049524B2066726F6D20636F6E74721D
:10EE70006F6C6C6572004F6E6C792072616E646F9E
:10EE80006D20737461746963206964656E7469745C
:10EE900079206164647265737320737570706F722A
:10EEA00074656400496E76616C696420696E707582
:10EEB0007420706172616D6574657273004661697A
:10EEC0006C656420746F2072656164207075626C7B
:10EED00069632061646472657373005265616420C4
:10EEE00053746174696320416464726573736573FC
:10EEF00020636F6D6D616E64206E6F74206176614A
:10EF0000696C61626C65004661696C656420746F50
:10EF10002072656164207374617469632061646444
:10EF2000726573736573004E6F20737461746963E7
:10EF3000206164647265737365732073746F7265A6
:10EF40006420696E20636F6E74726F6C6C65720002
:10EF5000556E61626C6520746F20736574206964FE
:10EF6000656E7469747920616464726573730055A9
:10EF70006E61626C6520746F207365742072616EBF
:10EF8000646F6D20616464726573730062745F699D
:10EF90006400556E657870656374656420656E64A1
:10EFA000206F66206275666665720062745F7363C7
:10EFB000616E004661696C656420746F2067656EE0
:10EFC000657261746520454343206B657920256433
:10EFD000004661696C656420746F206578706F729B
:10EFE0007420454343207075626C6963206B6579BA
:10EFF000202564004661696C656420746F20657823
:10F00000706F727420454343207072697661746535
:10F01000206B6579202564004661696C6564207405
:10F020006F2064657374726F7920454343206B656C
:10F0300079204944202564004661696C6564207428
:10F040006F20696D706F72742074686520707269CA
:10F0500076617465206B657920666F72206B6579C7
:10F060002061677265656D656E742025640052616C
:10F0700077206B65792061677265656D656E7420B8
:10F080006661696C6564202564004661696C65642D
:10F0900020746F2064657374726F792074686520C2
:10F0A0006B6579202564007073615F696D706F72A4
:10F0B000745F6B657928292072657475726E65645A
:10F0C0002073746174757320256400427573792010
:10F0D000706572666F726D696E6720616E6F7468BD
:10F0E00065722045434448206F7065726174696F92
:10F0F0006E0062745F656363004661696C656420DD
:10F10000726561642072656D6F74652066656174F7
:10F11000757265732028256429005048592030787D
:10F1200025303278206E6F7420737570706F727432
:10F130006564004661696C6564204C4520536574C4
:10F14000205048592028256429004661696C65646F
:10F1500020746F207365742064617461206C656E27
:10F16000202825642900556E657870656374656490
:10F17000206669727374204C32434150206672617C
:10F180006D6500556E6578706563746564204C32FA
:10F1900043415020636F6E74696E756174696F6E60
:10F1A000004E6F7420656E6F7567682062756666C5
:10F1B000657220737061636520666F72204C324304
:10F1C0004150206461746100556E657870656374A8
:10F1D00065642041434C20666C6167732028307859
:10F1E00025303278290041434C206C656E206D69D2
:10F1F000736D6174636820282575203E202575296C
:10F200000028756E6B6E6F776E29006E6F207472BA
:10F21000616E736974696F6E202573004572726F39
:10F2200072207768696C652072656D6F76696E67AC
:10F2300020636F6E6E20757365722066726F6D202D
:10F240007363616E6E6572202825642900496E76AD
:10F25000616C69642028257529206F6C64207374A3
:10F2600061746500636F6E6E202570206661696C45
:10F27000656420746F2065737461626C6973682EB5
:10F28000205246206E6F6973653F006E6F20766175
:10F290006C69642028257529207374617465207752
:10F2A00061732073657400696E636F6D706174695A
:10F2B000626C652068616E646C6520257500546918
:10F2C0006D656F7574206469736361726465642E23
:10F2D000204E6F20626C6F636B696E6720696E20D1
:10F2E00073797377712E00466174616C2065727258
:10F2F0006F7220282564292E20446973636F6E6E17
:10F30000656374696E6720257000466F756E6420B2
:10F3100076616C696420636F6E6E656374696F6E8D
:10F3200020282570292077697468206164647265DB
:10F33000737320257320696E2025732073746174A4
:10F340006520002A636F6E6E2073686F756C642091
:10F35000626520756E7265666572656E63656420B0
:10F36000616E6420696E697469616C697A65642094
:10F37000746F204E554C4C004E6F2062756666656A
:10F38000727320746F2063616E63656C20636F6EAF
:10F390006E656374696F6E2C207265747279696E24
:10F3A0006720696E203130206D730053656E6420D4
:10F3B0004C4520706172616D2075706461746520C8
:10F3C0006661696C65642028657272202564290075
:10F3D000646973636F6E6E656374656400646973FA
:10F3E000636F6E6E6563742D636F6D706C657465AD
:10F3F000007363616E2D6265666F72652D696E695B
:10F4000074696174696E6700696E697469617469B1
:10F410006E672D66696C7465722D6C69737400611A
:10F4200064762D636F6E6E65637461626C650061F6
:10F4300064762D6469722D636F6E6E6563746162AC
:10F440006C6500646973636F6E6E656374696E6783
:10F450000062745F636F6E6E00556E61626C652052
:10F46000746F20616C6C6F63617465206275666691
:10F47000657220666F72206F702030782530327888
:10F48000004E6F20617661696C61626C65204C3260
:10F4900043415020636F6E7465787420666F7220EC
:10F4A000636F6E6E20257000457870656374696EB9
:10F4B0006720757020746F20256420726566732C38
:10F4C00020676F7420256400616C72656164792027
:10F4D000686176652076696577206F6E20257000FB
:10F4E0004C32434150206C656E677468206D6973BF
:10F4F0006D617463682028257520213D20257529BC
:10F5000000496E76616C6964206964656E7420766A
:10F51000616C756520696E204C3243415020504427
:10F520005500496E76616C6964204C4520636F6EAE
:10F530006E20706172616D207273702073697A65DC
:10F540002028257520213D20257A752900496E76D1
:10F55000616C6964204C4520636F6E6E2075706429
:10F5600061746520706172616D20726571207369CC
:10F570007A652028257520213D20257A7529004EA1
:10F580006F7420636F6E6E65637465640052656AA4
:10F59000656374696E6720756E6B6E6F776E204C55
:10F5A000324341502050445520636F6465203078C9
:10F5B0002530327800546F6F20736D616C6C204C75
:10F5C00032434150207369676E616C696E672050E9
:10F5D000445500546F6F20736D616C6C204C324346
:10F5E000415020504455207265636569766564001A
:10F5F00049676E6F72696E67206461746120666F1F
:10F600007220756E6B6E6F776E206368616E6E65CB
:10F610006C2049442030782530347800636F6E6662
:10F6200069670062745F6C326361700041545420FA
:10F630006368616E6E656C206E6F7420636F6E6EB2
:10F640006563746564004572726F72207369676EDA
:10F65000696E6720646174610052616E206F757419
:10F66000206F662054582062756666657273206F3D
:10F670007220636F6E74657874732E004661696CD6
:10F68000656420746F207375626D69742061747491
:10F690005F74785F64657374726F795F776F726B94
:10F6A0003A20256400556E61626C6520746F20639A
:10F6B00072656174652065727220727370205044A7
:10F6C0005500415454204D54552065786365656458
:10F6D00065642C206D61782025752C2077616E740F
:10F6E000656420257A7500556E61626C6520746FC3
:10F6F0002063726561746520636F6E6669726D2048
:10F7000050445500556E61626C6520746F206372C1
:10F7100065617465207273702050445500546F6F9A
:10F7200020736D616C6C20415454205044552072FC
:10F730006563656976656400556E68616E646C65C5
:10F74000642041545420636F646520307825303242
:10F750007800496E76616C6964206C656E20257551
:10F7600020666F7220636F646520307825303278B0
:10F7700000556E61626C6520746F20637265617400
:10F780006520555549443A2073697A6520257500EE
:10F79000556E61626C6520746F206372656174657B
:10F7A00020555549443A2073697A65202564004EF6
:10F7B0006F20617661696C61626C652041545420F0
:10F7C000636F6E7465787420666F7220636F6E6EFF
:10F7D000202570004E6F20617661696C61626C65F6
:10F7E00020415454206368616E6E656C20666F72B0
:10F7F00020636F6E6E20257000556E61626C65200F
:10F80000746F2066696E6420415454206368616E91
:10F810006E656C00476F74206572722025642C2021
:10F820006E6F742063616C6C696E67204154542064
:10F830006362004661696C656420746F2072652D97
:10F840007375626D69742025733A202564004E6FCC
:10F8500020415454206368616E6E656C20666F723F
:10F86000204D545520257A75004E6F2070656E64CA
:10F87000696E672041545420726571756573740018
:10F88000446973636F6E6E656374696E6720666149
:10F89000696C6564202865727220256429004154D2
:10F8A000542054696D656F757420666F72206465AD
:10F8B000766963652025732E20446973636F6E6ECD
:10F8C000656374696E672E2E2E00556E61626C65DD
:10F8D00020746F206372656174652072657472793B
:10F8E0002050445520282575290062745F61747486
:10F8F00000434D4143207570646174652066616901
:10F900006C6564202564004E6F2073706163652010
:10F91000746F2073746F726520434343206366677E
:10F9200000756E61626C6520746F2073617665206E
:10F9300053433A206E6F20636667206C65667400DF
:10F940004E6F20737061636520746F2073746F72E3
:10F950006520436C69656E7420537570706F7274A6
:10F96000656420466561747572657300556E6162E9
:10F970006C6520746F20696D706F72742074686597
:10F98000206B657920666F722041455320434D41BD
:10F990004320256400434D4143206F7065726174BC
:10F9A000696F6E20696E6974206661696C65642098
:10F9B000256400434D41432066696E697368206683
:10F9C00061696C65642025640052656164206D6521
:10F9D00074686F64206E6F7420736574004661698B
:10F9E0006C656420746F2072656164206174747248
:10F9F0006962757465202570202865727220257AE9
:10FA0000642900496E76616C6964207265616420C6
:10FA10006C656E6774683A20257A6400434343201E
:10FA20002570206E6F74207772697461626C650056
:10FA3000534320726573746F726520696E646963E5
:10FA40006174696F6E206661696C656400556E6BE8
:10FA50006E6F776E20555549442074797065202566
:10FA6000750050617273652065727200496E76612F
:10FA70006C69642064617461206C656E202575007A
:10FA80005061727365206572722064617400506108
:10FA900072736520657272206365700050617273C5
:10FAA0006520657272206363630050617273652024
:10FAB00065727220736363005061727365206572B2
:10FAC000722063706600496E76616C696420666FAF
:10FAD000726D6174202575004261642070656572E5
:10FAE0003A2041545420726561642D62792D7575F8
:10FAF0006964207273703A20696E76616C69642063
:10FB00004154545220504455206C656E2025750098
:10FB1000496E76616C69642068616E646C65004250
:10FB2000616420706565723A2041545420726561A9
:10FB3000642D62792D75756964207273703A20485E
:10FB4000616E646C652030782530347820697320CC
:10FB50006F7574736964652072657175657374651A
:10FB6000642072616E6765203078253034782D30DE
:10FB700078253034782E2041626F7274696E672068
:10FB8000726561642E004661696C656420746F2043
:10FB9000756E73756273637269626520286572722F
:10FBA0002025642900496E76616C69642064617463
:10FBB00061206C656E202575203E2025750046610C
:10FBC000696C656420746F20736574207365637558
:10FBD0007269747920666F7220626F6E646564204A
:10FBE00070656572202825642900636F6E6E20257C
:10FBF0007020706172616D7320257020726573755D
:10FC000062206661696C65642028657272202564D3
:10FC1000290062745F6761747400556E61626C657F
:10FC200020746F2066696E6420534D5020636861B4
:10FC30006E6E656C00556E6B6E6F776E20706169CD
:10FC400072696E67206D6574686F64202825752958
:10FC5000004661696C656420746F2073746172740E
:10FC600020656E6372797074696F6E004661696CAD
:10FC7000656420746F2067656E65726174652044E9
:10FC8000484B65790043616C63756C617465204C09
:10FC9000544B206661696C65640043616C63756CEC
:10FCA000617465206C6F63616C2044484B657920FA
:10FCB000636865636B206661696C65640052656D9D
:10FCC0006F7465206973207573696E67204465627F
:10FCD0007567205075626C6963206B6579005265A9
:10FCE00063656976656420696E76616C696420700D
:10FCF00075626C6963206B65790052656D6F746520
:10FD0000207075626C6963206B65792072656A6525
:10FD1000637465640043616C63756C617465206332
:10FD20006F6E6669726D206661696C6564004E6F06
:10FD3000206B65797320737061636520666F722034
:10FD40002573004E6F20617661696C61626C65207D
:10FD5000534D5020636F6E7465787420666F722007
:10FD6000636F6E6E20257000556E61626C65207445
:10FD70006F20676574206B65797320666F7220252C
:10FD800073004E65772061757468207265717569BE
:10FD900072656D656E74733A20307825782C207208
:10FDA0006570616972696E6700556E737570706F0A
:10FDB000727465642061757468207265717569720A
:10FDC000656D656E74733A20307825782C207265E5
:10FDD00070616972696E670054686520696E2D7084
:10FDE000726F67726573732070616972696E6720E4
:10FDF000686173206265656E2064656C6574656416
:10FE00002100534D5020646F6573206E6F74206124
:10FE10006C6C6F7720612070616972696E67206613
:10FE200061696C75726520617420746869732070F3
:10FE30006F696E742E204B6E6F776E2069737375C9
:10FE4000652E20446973636F6E6E656374696E67B7
:10FE500020696E73746561642E005075626C69630D
:10FE6000206B6579206E6F7420617661696C6162C8
:10FE70006C6500546F6F20736D616C6C20534D5036
:10FE80002050445520726563656976656400534D62
:10FE90005020636F6D6D616E642028636F64652010
:10FEA000307825303278292072656365697665641B
:10FEB0002061667465722074696D656F7574005297
:10FEC00065636569766564207265736572766564DD
:10FED00020534D5020636F64652030782530327890
:10FEE00000556E68616E646C656420534D502063EC
:10FEF0006F64652030782530327800556E657870F3
:10FF0000656374656420534D5020636F64652030D1
:10FF1000782530327800496E76616C6964206964B6
:10FF2000656E74697479202573005265667573690E
:10FF30006E67206E65772070616972696E672E202A
:10FF4000546865206F6C6420626F6E64206D7573F9
:10FF50007420626520756E706169726564206669DF
:10FF60007273742E0070616972696E6720666169D0
:10FF70006C656420287065657220726561736F6EB0
:10FF800020307825782900534D502054696D656FD5
:10FF900075742028666C6167733A3078253038783C
:10FFA00020616C6C6F7765645F636D64733A307861
:10FFB00025303878290062745F736D700062745F59
:10FFC0006B6579730062745F63727970746F004659
:10FFD00061696C656420746F20696D706F72742044
:10FFE000414553206B6579202564004661696C6545
:10FFF0006420746F20636F6D70757465204D41438C
:020000023000CC
:1000000020256400726573756D65005370757269A3
:100010006F7573202573206576656E74006570209A
:1000200030782530327820616C72656164792065A2
:100030006E61626C656400456E64706F696E7420F9
:100040003078253032782076616C69646174696F2C
:100050006E206661696C65640065702030782530BB
:10006000327820616C7265616479206469736162C1
:100070006C656400657020307825303278206973B3
:10008000206E6F742068616C7465647C6469736150
:10009000626C6564004661696C656420746F206100
:1000A0006C6C6F63617465206E65745F6275662049
:1000B000257A642C206570203078253032780075E0
:1000C00064630073687574646F776E00496E697459
:1000D00069616C697A656400556E6B6E6F776E202E
:1000E000706F776572206576656E742025640050A8
:1000F0007265696E6974007564635F6E726678001C
:100100004661696C656420746F20726567697374F9
:10011000657220656E64706F696E7400535553503C
:10012000454E44207374617465206465746563741E
:10013000656400524553554D494E472066726F6DB8
:100140002073757370656E640052656D6F74652001
:1001500077616B65757020696E6974696174656437
:1001600000657020307825303278207175657565AE
:1001700020697320656D7074790065702030782572
:10018000303278206F6B2C2071756575652069732E
:1001900020656D707479004661696C656420746FC8
:1001A0002064697361626C6520636F6E74726F6C3A
:1001B00020656E64706F696E74004661696C656479
:1001C00020746F2073746F70204846584F20256448
:1001D0000052657365740062756666657220746F9F
:1001E0006F20736D616C6C3A20723A2025752C205B
:1001F0006C3A202575004661696C656420746F2037
:10020000656E61626C6520636F6E74726F6C2065E1
:100210006E64706F696E74004661696C6564207409
:100220006F207374617274204846584F2025640013
:10023000757362644034303032373030300075646A
:10024000635F6E7266006E72665F757362645F6391
:100250006F6D6D6F6E00636C6F636B403430303068
:1002600030303030006866636C6B006C66636C6BBA
:1002700000636C6F636B5F636F6E74726F6C0072A0
:10028000616E646F6D403430303064303030006304
:10029000727970746F4035303032613030300067C1
:1002A00070696F40353030303033303000677069FE
:1002B0006F403530303030303030004661696C6529
:1002C0006420746F20616C6C6F63617465205050A2
:1002D00049204368616E6E656C00756172744034CC
:1002E0003030303230303000756172745F6E72665B
:1002F000785F756172746500536F667444657669E2
:10030000636520436F6E74726F6C6C65722041532D
:10031000534552543A2025732C20256400536F66B0
:100320007444657669636520436F6E74726F6C6C9C
:100330006572206275696C64207265766973696F95
:100340006E3A2000456E74726F707920736F75720B
:10035000636520646576696365206E6F74207265DD
:10036000616479004661696C656420746F20726510
:100370006769737465722072616E6420736F757241
:100380006365202825642900416C6C6F6361746586
:1003900064206D656D6F727920746F6F206C6F775C
:1003A0003A20257A75203C202575004576656E74C7
:1003B0002062756666657220746F6F20736D616C64
:1003C0006C2E20257A75203E20257500556E6578A7
:1003D000706563746564206D73675F747970653AE6
:1003E0002025752E20546869732069662D656C730D
:1003F00065206E656564732061206E65772062728A
:10040000616E636800556E6B6E6F776E20657272F9
:100410006F72207768656E2070726F6365737369A1
:100420006E6720686369206D657373616765202559
:10043000640062745F6863695F7364630062745F21
:100440007364635F6863695F647269766572006292
:10045000745F7364635F63727970746F004D50539F
:100460004C204153534552543A2025732C20256487
:10047000004D50534C20576F726B006D70736C5F62
:10048000696E697400556E737570706F727465640F
:10049000204846434C4B206576656E743A202564AF
:1004A000006E7266785F636C6F636B5F6D70736C08
:1004B0000048616C74696E672073797374656D00B0
:1004C000556E6B6E6F776E206572726F72003E3E76
:1004D0003E205A455048595220464154414C2045EF
:1004E00052524F522025643A202573206F6E2043CC
:1004F0005055202564004661756C742064757269DE
:100500006E6720696E746572727570742068616EB2
:10051000646C696E670A0043757272656E7420744C
:1005200068726561643A202570202825732900438C
:10053000505520657863657074696F6E00556E68FC
:10054000616E646C656420696E7465727275707436
:1005500000537461636B206F766572666C6F770011
:100560004B65726E656C206F6F7073004B65726EB9
:10057000656C2070616E6963006D61696E006F73F8
:1005800000737973776F726B7100FFFFFFFF1F00BD
:10059000C8DA3098F9F034A44B6EBAD30819CC0CF1
:1005A000EA51DA4700286E756C6C29002A666C6F78
:1005B00061742A002581CE8C722E8F97EA11DB316F
:1005C000FC344A59206D65737361676573206472EA
:1005D0006F70706564202D2D2D0D0A1B5B306D0032
:1005E0001B5B313B33316D2D2D2D200046532043B5
:1005F0006F6E66696775726174696F6E004344431C
:100600002041434D2073657269616C206261636BA8
:10061000656E64005A65706879722050726F6A6501
:100620006374003031323334353637383941424320
:100630004445460000000000000000FFFFFFFFFFF0
:10064000FF000000000000303132333435363738D7
:1006500039616263646566000000000000001000FC
:10066000800000805F9B34FB010400020000000258
:100670000000000000000005000000000000000075
:100680000000000000000005000909090901020935
:1006900009090909090909090909070909090909CC
:1006A00006090909090909090909090909090909BD
:1006B0000905030502000AE69D350E480103CCDB5F
:1006C000FDF4AC1191F4EFB9A5F9E9A7832C5E2CE8
:1006D000BE97F2D203B0208BD28915D08E1C742421
:1006E00030ED8FC24563765C15525ABF9A32636D06
:1006F000EB2A65499C80DC020203046174745F7418
:10070000785F64657374726F795F776F726B5F681F
:10071000616E646C6572000005061F1F29181203C4
:1007200008020305080A000801030401050405097D
:100730000607010106060800000100010003010090
:100740000302020100020000000000020301000396
:100750006C888391AAF5A53860370BDB5A6083BE9D
:10076000000102030405060700203030303030302D
:100770003030303030303030000110141400001CA4
:100780002030401C2000001C2030400040000000B1
:10079000FFFFFFFFFF1F00001F0000000000000020
:1007A0001D40000000000000FFFFFFFF1FFF0000D2
:1007B000BAABBABA101010107F00000000000000A1
:1007C0000080004000000000000000000C0000005D
:1007D0000000000000FF7F0000000000CBCD000003
:1007E00000000000B3CD00000000000091CD00002B
:1007F00000000000B48D0000FF000000A0BC00005D
:10080000010000000000000000000000F5300100C1
:1008100000000000000100000000000000000000D7
:1008200000000000000000000000000000000000C8
:1008300000000000000000006CC7020000C20100C0
:1008400000000800000000000000000000000000A0
:100850000000000000000000000000000000000098
:100860000000000000000000000000004404002020
:100870000000000030040020000000000000000024
:100880000000000000000000000000000000000068
:100890000000000000000000000000000000000058
:1008A0000000000000000000000000000000000048
:1008B0000000000000000000000000000000000038
:1008C000000000003401002034010020000000007E
:1008D0000100000000000000000000000000000017
:1008E0000000000000000000000000000000000008
:1008F00000000000000000000000000000000000F8
:1009000000000000000000000000000000000000E7
:1009100000000000000000000000000000000000D7
:1009200000000000000000000000000000000000C7
:1009300000000000000000000000000000000000B7
:1009400000000000000000000000000000000000A7
:100950000000000000000000000000000000000097
:100960000000000000000000000000000000000087
:100970000000000000000000000000000000000077
:100980000000000000000000000000000000000067
:100990000000000000000000000000000000000057
:1009A000C14801000000000000000000000000003D
:1009B0000000000000000000000000000000000037
:1009C0000000000000000000000000000000000027
:1009D0000000000000000000000000000000000017
:1009E0000000000000000000000000000000000007
:1009F00000000000000000000000000000000000F7
:100A000000000000000000000000000000000000E6
:100A100000000000000000000000000000000000D6
:100A200000000000DCC702004DFB000000000000D9
:100A3000000000008D5102002D5A0200E4CE020099
:100A4000000000000000000048070020C80200204D
:100A50000000000000000000000000000000000096
:100A60000004010000000000EC0503002203000068
:100A70000000000000000000000303000000000070
:100A80000000000000030000000000000000000063
:100A90000002010000000000FD0503002E0300001D
:100AA0000000000000000000000101000000000044
:100AB000140603001E0300000000000000000000F8
:100AC00000000000000000002CD70200040300001A
:100AD00032D70200000002003ED7020000000200F0
:100AE000F40800203A000000E00800203A0000006E
:100AF000A40800203A000000900800203A000000FE
:100B0000CC0800203A000000080900203A0000004C
:100B10007C0800203A0000001C0900203A00000078
:100B200000000000095E020000000000000000005C
:100B30000060004000000000000000000000000015
:100B400000000000000000000000000000000000A5
:100B50000000000000000000000000000000000095
:100B60000000000000000000000000000000000085
:100B70000000000000000000000000000000000075
:100B80000000000000000000000000000000000065
:100B90000000000000000000000000000000000055
:100BA0000000000000000000000000000000000045
:100BB0000000000000000000000000000000000035
:100BC0004498002000000000000000000000000029
:100BD00000040000449C0020000000000000000011
:100BE00000000000000400000EDE02000000000013
:100BF00098040020000000006CC70200630700207A
:100C00006B07002074070020790700207E07002072
:100C100082070020870700208E070020970700200A
:100C20009E070020A5070020000000006B6D020059
:100C3000E931010049320100E56F02000D6E02004A
:100C4000136F020000000000CD720200FB6E020074
:100C5000956E0200000000006D6D020000000000B3
:100C6000E14B010000000000000000000000000057
:100C7000A13B010000000000000000000000000097
:100C8000355B0100000000000000000000000000D3
:100C9000F559010000000000000000000000000005
:100CA000AD64010000000000000000000000000032
:100CB000C15E010000000000000000007976010024
:100CC000D18501001D870100000000000000000028
:100CD0007D78010025850200EF850200597601002C
:100CE0000000000000000000D582010000000000AC
:100CF0000000000052D70200000002005ED7020090
:100D000000000A006ED70200000020000000000072
:100D100000000000000000000000000000000000D3
:100D20000000000000000000558D020000000000DF
:100D3000A0050020A0050020000000000000000029
:100D40000E000000B4050020B4050020DDB2010053
:100D50000000000000000000000000000000000093
:100D60000000000000000000000000000000000083
:100D70000000000000000000000000000000000073
:100D80000000000000000000000000000000000063
:100D90000000000000000000000000000000000053
:100DA0000000000000000000000000000000000043
:100DB0000000000000000000000000000000000033
:100DC0000000000000000000000000000000000023
:100DD0000000000000000000480600204806002037
:100DE00000000000000000000E00000000000000F5
:100DF00000000000000000000000000000000000F3
:100E00000000000000000000880600200000000034
:100E100000000000000000000000000000000000D2
:100E20001541002020000000000000000090D003C9
:100E3000FF00000090020000A8060020A806002085
:100E4000D5B80200D1B8020000000000092C020051
:100E5000140700200C0700200407002000000000F9
:100E6000FC06002061310200AD300200E1300200DA
:100E700029310200EC060020F4060020B43D0020D9
:100E80003A00003AB83D00203A00003ABC3D00204C
:100E90003A00003AC03D00203A00003AC43D00202C
:100EA0003A00003AC83D00203A00003A35030000FD
:100EB000CB00000051000000E03D0020E4060020CF
:100EC000E80600203C070020D0060020C8060020CD
:100ED000C4060020C00600200902000000010080B6
:100EE0007D12010002EF020140E32F040004040020
:100EF000000000080B0002020200000904000001CB
:100F00000202000005240010010524010001042450
:100F1000020205240600010705810310000A0904E6
:100F20000100020A000000070582024000000705D8
:080F3000010240000000000175
:100F380000000000000000000000000000000000A9
:040F480000000000A5
:100F4C000000000000000000000000000000000095
:100F5C000000000000000000000000000000000085
:100F6C000000000000000000000000000000000075
:080F7C0000000000000000006D
:040F84000000000069
:100F8800F8070020F80700208C91002000000000DE
:100F980001000000240000000000000014080020E8
:100FA8001408002040850020000000000100000017
:100FB800A0000000000000003008002030080020D9
:100FC800B091002000000000030000001C00000099
:100FD800000000004C0800204C0800205886002023
:100FE80000000000080000001000000000000000E1
:100FF800000000000492002000040000000000002F
:0410080000000000E4
:10100C007C0800207C08002000000000000000008C
:10101C000E00000090080020900800200000000046
:10102C00000000000E000000A4080020A40800200E
:10103C0000000000000000000E000000B8080020B6
:10104C00B808002000000000000000000E000000A6
:10105C00CC080020CC08002000000000000000009C
:10106C000E000000E0080020E00800200000000056
:10107C00000000000E000000F4080020F40800201E
:10108C0000000000000000000E0000000809002015
:10109C000809002000000000000000000E00000005
:1010AC001C0900201C0900200000000000000000AA
:0410BC000E00000022
:1010C00030090020300900200C0000000A00000058
:1010D000E085002058860020E0850020E085002083
:0810E000000000000000000008
:1010E80058090020580900200100000001000000F4
:1010F80068090020680900200000000001000000C5
:10110800780900207809002000000000FFFFFFFF99
:0C11180088090020880900200000000069
:1011240000000000000000009C0900209C09002031
:08113400A4090020A409002019
:10113C000000000000000000B4090020B4090020E9
:10114C0003000300100000000000000074D1020036
:10115C00B88F00200000000000000000D80900201B
:10116C00D80900200300030010000000F5750100F1
:10117C0090D202001491002000000000000000003A
:10118C00FC090020FC090020030003000000000003
:10119C00000000000CD002002C8C0020000000008D
:1011AC0000000000200A0020200A0020010001009D
:1011BC0010000000755E010060D10200B08E0020AE
:1011CC000000000000000000440A0020440A002037
:1011DC0003000300000000000000000028D1020002
:1011EC00688E00200000000000000000680A00204B
:1011FC00680A00200C000C0004000000E13401001F
:10120C00F8CF0200508A002000000000000000000F
:10121C008C0A00208C0A0020010001000000000054
:10122C000000000020D00200788D0020000000009B
:10123C0000000000B00A0020B00A002010001000CE
:10124C000A000000FB980200E4D302000496002080
:10125C0018DE02000000000000000000000000008A
:10126C000000000000000000F8C7020000000000B1
:10127C000000000000000000000000000000000062
:10128C000000000000000000000000000000000052
:10129C000000000000000000000000000000000042
:1012AC000000000000000000000000000000000032
:1012BC000000000000000000000000000000000022
:0C12CC005107002000000000000000009E
:1012D800000000005804002000000000000000008A
:0812E8000000000000000000FE
:0412F00015E015E010
:0400000310001A755A
:00000001FF
